{"type":"FeatureCollection", "features": [
{"type":"Feature","geometry":{"type":"Polygon","coordinates":[[[108.69948150000002,34.0093072],[108.69656740000005,34.009269099999955],[108.69593969999998,34.00741190000004],[108.69507720000003,34.00757260000001],[108.69376640000002,34.00318619999999],[108.69804320000003,34.002297700000014],[108.69846170000002,34.00378279999997],[108.69899239999997,34.004823600000016],[108.69945690000003,34.00653700000003],[108.69877720000001,34.006662999999975],[108.69948150000002,34.0093072]]]},"properties":{"osm_id":"1227505874","code":7202,"fclass":"park","name":"西安国家版本馆 (文济阁)","RASTERVALU":207.818,"Light_Rain":"0","Moderate":"0","Heavy":"0","Storm":"3.4227042604654"}},
{"type":"Feature","geometry":{"type":"Polygon","coordinates":[[[108.86021590000001,34.05077410000004],[108.86010049999997,34.050937300000044],[108.86003099999999,34.05109739999997],[108.86000780000003,34.051428099999974],[108.8593226,34.05166119999999],[108.85884950000002,34.05176790000002],[108.85889870000001,34.05215440000003],[108.85830139999997,34.05217429999999],[108.85821190000003,34.0521959],[108.85807360000004,34.05226959999997],[108.85795100000003,34.05222129999997],[108.85780769999998,34.05208460000003],[108.85744599999998,34.05152320000003],[108.8578197,34.051478900000006],[108.85787170000003,34.051106999999966],[108.85760320000003,34.05091970000001],[108.85736649999998,34.0507875],[108.85725799999997,34.050747299999955],[108.85704679999999,34.05071250000001],[108.85689119999999,34.050628599999996],[108.85669840000003,34.05064310000004],[108.8566614,34.050602699999985],[108.85668000000003,34.05057200000002],[108.85680570000002,34.05052040000001],[108.85713330000004,34.050483599999986],[108.85716049999999,34.050288099999975],[108.8572111,34.05015000000001],[108.85725090000001,34.050107999999994],[108.85734990000003,34.050077200000025],[108.85749990000001,34.0499728],[108.857751,34.049700899999976],[108.85755879999999,34.04936699999997],[108.85745710000002,34.0493008],[108.85733769999999,34.04932189999997],[108.85696970000001,34.0496046],[108.85696269999997,34.04998590000002],[108.85614760000003,34.05002929999997],[108.85617269999997,34.04983489999996],[108.85630560000004,34.04971420000001],[108.85631339999998,34.04965650000003],[108.8562622,34.04961250000003],[108.855996,34.049594899999995],[108.85550519999998,34.049064100000045],[108.8553786,34.04897820000004],[108.8552799,34.04900800000002],[108.8550836,34.04926],[108.85507999999997,34.04928559999998],[108.85518880000001,34.04929299999998],[108.85524590000003,34.049387299999964],[108.85525819999998,34.049514700000024],[108.85520970000005,34.04962440000004],[108.85511580000001,34.04971819999999],[108.85527810000002,34.04981799999998],[108.85562409999996,34.049962799999975],[108.8556074,34.0500093],[108.85544809999996,34.05003459999996],[108.85468970000001,34.05000830000001],[108.854637,34.050122],[108.85464280000004,34.05025660000003],[108.85473050000002,34.05042050000001],[108.85487670000003,34.050605200000014],[108.85468899999995,34.0507607],[108.85414780000002,34.05061520000004],[108.8537439,34.05059010000001],[108.85397180000002,34.050334600000006],[108.85410969999998,34.050264599999984],[108.85426009999999,34.050225],[108.85427760000002,34.04994630000003],[108.85436800000004,34.04975000000004],[108.85455270000004,34.04951499999996],[108.85465479999996,34.04931850000004],[108.8548978,34.04913920000004],[108.8549987,34.04886750000003],[108.85511989999999,34.04875829999997],[108.85529149999998,34.04866949999999],[108.85529149999998,34.04817310000004],[108.85541030000003,34.04817310000004],[108.85550839999998,34.04812790000003],[108.85557750000001,34.0480191],[108.85562620000005,34.047865100000045],[108.85540429999999,34.04759609999999],[108.85528599999996,34.047403500000044],[108.85483739999998,34.046494000000024],[108.85473040000001,34.046147],[108.85573090000001,34.04637910000002],[108.85761920000002,34.046347900000015],[108.85928750000002,34.046067900000025],[108.86060709999997,34.04568560000001],[108.86168,34.04556120000002],[108.86292459999996,34.045347800000044],[108.86316600000004,34.045241200000014],[108.86342350000002,34.04493889999996],[108.86450709999998,34.04433440000004],[108.86505960000004,34.043969899999986],[108.86546190000001,34.043881000000006],[108.86579990000001,34.04382770000004],[108.86673869999997,34.04362319999999],[108.86790810000001,34.0434365],[108.86823,34.04315650000001],[108.86854109999997,34.04295639999997],[108.86924920000003,34.04291200000003],[108.87015039999999,34.04327649999999],[108.87036499999998,34.043494299999985],[108.8703018,34.04399620000003],[108.87023409999999,34.04549309999999],[108.8705241,34.04573850000004],[108.87082019999998,34.04606079999997],[108.87092719999995,34.04610589999997],[108.8710319,34.04610240000004],[108.8711134,34.04604599999999],[108.87111949999998,34.0459409],[108.87105910000004,34.04579659999996],[108.87096430000001,34.045669099999984],[108.87069679999999,34.04550069999999],[108.87059210000004,34.045227100000005],[108.87057319999998,34.04489379999996],[108.87066050000001,34.04460109999999],[108.87073729999997,34.04447659999999],[108.87133179999995,34.04447659999999],[108.87130920000004,34.04490559999996],[108.87125489999998,34.045005300000035],[108.87117800000001,34.045044600000004],[108.87143849999998,34.045919399999995],[108.87155969999998,34.046089799999976],[108.87194929999997,34.04635399999999],[108.8721245,34.046406000000026],[108.87245719999999,34.04641370000004],[108.87234329999998,34.04666580000003],[108.87225910000002,34.04701829999997],[108.87267230000002,34.04727020000003],[108.87302000000001,34.04740259999997],[108.87335319999995,34.04756049999998],[108.8738519,34.04789610000004],[108.87433319999995,34.04827580000001],[108.87461430000003,34.048566299999976],[108.87478299999995,34.04880070000001],[108.87498660000001,34.04901780000003],[108.87518279999999,34.04917750000001],[108.87544109999996,34.04927220000003],[108.87568570000003,34.0496003],[108.87621700000004,34.05019090000002],[108.87616450000004,34.05036419999997],[108.8760298,34.05055969999998],[108.87552990000003,34.051012100000015],[108.87539570000003,34.051205999999986],[108.87522300000003,34.05139750000002],[108.87492089999999,34.05154360000003],[108.87463379999996,34.0515959],[108.87450600000004,34.05150559999999],[108.87450600000004,34.05142579999996],[108.87423550000004,34.0516119],[108.87412700000003,34.05146369999999],[108.87401330000004,34.051202400000044],[108.87364060000003,34.050811300000014],[108.87323680000002,34.05076430000003],[108.87292170000005,34.050699800000025],[108.87280250000005,34.05065590000003],[108.87254580000004,34.05050939999999],[108.8724327,34.050605],[108.87241849999998,34.050830500000004],[108.87262229999997,34.051308500000026],[108.87264499999998,34.05145599999997],[108.87259879999998,34.051551499999974],[108.87241749999998,34.05160839999997],[108.8722061,34.051762899999964],[108.87180649999998,34.05216549999997],[108.87060189999995,34.05199079999999],[108.87028759999997,34.05197070000002],[108.87010419999999,34.05198319999999],[108.86993730000003,34.05202719999998],[108.86981070000004,34.05181679999998],[108.86976269999998,34.05155410000001],[108.8696955,34.051481899999985],[108.86959810000003,34.051467899999984],[108.86935520000002,34.05160480000003],[108.86826570000001,34.051512200000005],[108.86810690000002,34.051661500000016],[108.86782609999997,34.051769699999994],[108.8677267,34.051871299999966],[108.86763360000003,34.05201529999998],[108.86578500000002,34.05194630000004],[108.86558049999998,34.051880099999984],[108.86533860000003,34.05173409999998],[108.86514870000003,34.05157199999998],[108.86506460000001,34.05127889999998],[108.8649165,34.050987999999975],[108.86513130000002,34.05089190000002],[108.86537910000001,34.05082919999998],[108.86585830000004,34.05079699999998],[108.86609249999997,34.05075609999997],[108.86614489999995,34.050726299999994],[108.86620219999999,34.050649400000026],[108.86640909999997,34.05069250000004],[108.86659819999998,34.0507016],[108.86677460000001,34.05066069999999],[108.86690480000003,34.05058280000002],[108.86699830000005,34.050406199999976],[108.86710819999999,34.050382300000045],[108.86725849999999,34.050408700000006],[108.86757409999998,34.050560999999995],[108.86769849999997,34.050586000000024],[108.86778270000002,34.05056020000002],[108.8678479,34.050406299999985],[108.86793359999999,34.05038049999998],[108.86804509999997,34.050406299999985],[108.86829890000001,34.050560999999995],[108.86849460000003,34.050586000000024],[108.86870969999998,34.05055869999998],[108.86905959999997,34.050415500000035],[108.8691737,34.05041469999997],[108.8692466,34.050474899999976],[108.86927219999998,34.05073229999996],[108.86950140000003,34.05073229999996],[108.86970990000005,34.05076730000001],[108.86988949999999,34.050851499999965],[108.8700485,34.050970699999965],[108.8701493,34.05088699999997],[108.87027550000003,34.05082809999998],[108.87079930000003,34.050737699999964],[108.8712455,34.05058830000004],[108.87125249999997,34.050341500000044],[108.87142840000004,34.050529300000036],[108.87153130000003,34.050585100000035],[108.87194199999999,34.05009630000001],[108.87182780000005,34.049591499999984],[108.87214440000004,34.04918860000004],[108.8722523,34.049009699999985],[108.87226040000004,34.04896820000001],[108.87208359999998,34.04869279999996],[108.87166560000004,34.0481909],[108.87153919999997,34.048102299999954],[108.87145410000004,34.0480824],[108.87139470000001,34.04799880000001],[108.87123219999997,34.04789879999999],[108.87080880000002,34.04772699999999],[108.87062039999998,34.047808199999956],[108.87033870000003,34.047858400000024],[108.8699261,34.04786500000004],[108.86942009999996,34.047840499999964],[108.86922719999998,34.04766769999997],[108.86890189999998,34.047593000000006],[108.8688527,34.04754280000002],[108.86877169999995,34.04730980000002],[108.86823079999996,34.047355800000005],[108.86794370000001,34.04665850000004],[108.8675367,34.04663289999997],[108.86728490000004,34.046674999999986],[108.8670375,34.04677290000001],[108.8669131,34.04676040000004],[108.86679600000001,34.046667299999974],[108.86654129999998,34.04633119999996],[108.8664171,34.04626320000002],[108.86630790000002,34.046283899999956],[108.86615760000002,34.04648640000001],[108.86605699999997,34.04653470000002],[108.86596670000004,34.046531500000015],[108.8659276,34.04646720000002],[108.86584989999997,34.04641389999997],[108.86567360000004,34.046397799999966],[108.86548379999996,34.04641770000001],[108.86536550000004,34.04647299999997],[108.8653081,34.04654990000003],[108.86496580000001,34.04628819999996],[108.86478580000004,34.04621270000002],[108.86472910000005,34.04621690000001],[108.86463220000003,34.04626650000003],[108.86484859999999,34.04648259999997],[108.86468519999997,34.04658149999998],[108.86451229999996,34.046651499999996],[108.8643259,34.0466805],[108.86412990000004,34.0466805],[108.86364189999998,34.04710089999997],[108.86348749999999,34.047166499999975],[108.8633879,34.04712689999999],[108.86333780000004,34.046982600000035],[108.8633105,34.046787100000024],[108.86296730000002,34.046787100000024],[108.86291069999996,34.0471174],[108.86308909999998,34.047155999999994],[108.86321510000002,34.047208199999965],[108.86325339999999,34.04724350000004],[108.8633406,34.047440299999984],[108.86350640000005,34.0476348],[108.86377519999999,34.047449999999984],[108.8638602,34.047790500000005],[108.86384310000001,34.04798740000004],[108.86376720000004,34.04829359999997],[108.86349310000001,34.04922700000002],[108.86344009999998,34.04950859999996],[108.86344009999998,34.04967079999997],[108.863054,34.049791900000045],[108.86285479999995,34.04965950000001],[108.8627373,34.05010280000001],[108.86304719999998,34.050290600000004],[108.86286999999997,34.05066149999996],[108.86283950000002,34.05099969999997],[108.86321200000002,34.051204599999956],[108.86308620000001,34.051373000000034],[108.86264650000004,34.050940000000004],[108.86274100000004,34.050457200000025],[108.86251139999996,34.05029940000002],[108.86243360000002,34.05042590000001],[108.86237910000003,34.05092290000001],[108.86233349999999,34.05103099999998],[108.86224930000004,34.05106849999998],[108.8621179,34.05104530000001],[108.86202749999998,34.05096950000004],[108.86198530000004,34.05084399999996],[108.8619967,34.05071429999998],[108.86210049999998,34.05059680000003],[108.86214590000002,34.050490400000015],[108.86215250000002,34.050270699999956],[108.86177670000002,34.05009799999997],[108.86141449999998,34.05000430000003],[108.86138500000003,34.04995769999999],[108.86141459999999,34.049890799999964],[108.8616261,34.049727899999986],[108.86132189999995,34.04949689999997],[108.86119260000001,34.049459900000016],[108.86105870000003,34.049478599999965],[108.86074349999997,34.0496508],[108.86084219999996,34.04983010000001],[108.86096479999999,34.04997080000001],[108.86112119999996,34.05005690000003],[108.86130159999996,34.05010439999997],[108.86120189999997,34.05036519999996],[108.8615651,34.05057599999999],[108.8615092,34.05098149999997],[108.86130579999995,34.05096280000002],[108.86122930000002,34.05090209999997],[108.86115440000005,34.05079220000003],[108.86101370000003,34.05048390000001],[108.86095729999998,34.05066159999997],[108.86088079999996,34.050787099999965],[108.86077610000001,34.05083930000002],[108.86065129999999,34.05083930000002],[108.86067479999997,34.05050819999998],[108.86062539999998,34.050457200000025],[108.86052640000004,34.05049060000003],[108.86021590000001,34.05077410000004]]]},"properties":{"osm_id":"1285229928","code":7202,"fclass":"park","name":"","RASTERVALU":119.529,"Light_Rain":"0","Moderate":"0","Heavy":"1.48661668200985","Storm":"12.8283676013327"}},
{"type":"Feature","geometry":{"type":"Polygon","coordinates":[[[108.32498610000002,34.0626191],[108.32488489999999,34.0648068],[108.32463889999997,34.064824899999984],[108.32451949999995,34.06476349999997],[108.32443910000005,34.06464170000002],[108.32437259999996,34.06426979999998],[108.32418010000002,34.06395409999997],[108.32417189999997,34.06382270000002],[108.32426180000003,34.063702800000044],[108.32464119999999,34.06345350000002],[108.32474810000004,34.06329800000004],[108.32476100000004,34.06315060000001],[108.32463390000001,34.06301220000002],[108.32443929999998,34.0625848],[108.32411250000003,34.062458799999966],[108.32374980000004,34.06247299999999],[108.3235002,34.062651600000024],[108.32344649999999,34.062872399999996],[108.32348909999996,34.063401000000034],[108.323569,34.06350520000004],[108.3238556,34.06366390000002],[108.32406469999998,34.063884199999954],[108.32398040000002,34.064015900000015],[108.3237751,34.06417739999997],[108.32331639999997,34.06438080000001],[108.32311989999997,34.06435769999997],[108.32297089999999,34.064062000000014],[108.32288340000002,34.06397000000004],[108.32273300000001,34.06205470000002],[108.32237900000004,34.06001930000001],[108.32205179999997,34.05968150000003],[108.32217509999995,34.05946379999996],[108.32238970000003,34.05947259999998],[108.32282420000001,34.05914819999996],[108.32424580000004,34.05862380000001],[108.32417069999995,34.05790380000003],[108.32417069999995,34.057575],[108.32486810000002,34.05736160000002],[108.325308,34.05677939999999],[108.32552789999998,34.05642389999997],[108.325367,34.05611279999999],[108.3251202,34.05585499999997],[108.32488420000001,34.055672799999996],[108.32429410000005,34.05549060000002],[108.32435850000005,34.05541939999999],[108.3250987,34.05553499999996],[108.32567809999998,34.056050499999984],[108.32584439999998,34.05637500000001],[108.32556009999999,34.057277199999966],[108.32567269999998,34.05738379999999],[108.32654710000003,34.057463800000036],[108.32772189999997,34.05740609999997],[108.32789339999995,34.05837050000001],[108.32774229999998,34.058374499999985],[108.3276374,34.05825780000001],[108.32749409999995,34.05826460000004],[108.32744709999997,34.05822179999996],[108.3273218,34.05778489999996],[108.32725570000004,34.05768690000002],[108.32718380000004,34.05769699999997],[108.3271126,34.05781929999996],[108.32711009999998,34.05796449999999],[108.32727700000002,34.05817730000001],[108.32729899999998,34.05828250000001],[108.32715509999997,34.05837820000002],[108.32700240000004,34.05824459999998],[108.3269482,34.05842919999998],[108.32675989999996,34.05863749999998],[108.32673390000004,34.058774699999965],[108.3267776,34.05891480000001],[108.32717009999998,34.059294599999994],[108.32754850000002,34.0591626],[108.32813059999995,34.05877950000001],[108.32817069999999,34.058772400000045],[108.32818640000004,34.05885680000001],[108.32808569999997,34.05911209999999],[108.32775060000004,34.05929769999999],[108.32763479999997,34.05941110000004],[108.32756150000003,34.059572700000004],[108.3273454,34.05947449999996],[108.32724839999997,34.059489599999964],[108.32718199999998,34.059563200000014],[108.32712589999996,34.059828200000005],[108.32700499999999,34.05998740000003],[108.32703939999999,34.06008439999997],[108.32732980000004,34.060360499999994],[108.32753599999997,34.06068749999996],[108.32769489999997,34.061039799999975],[108.32775849999999,34.06132790000001],[108.32766069999998,34.06175249999997],[108.32750360000003,34.06194740000002],[108.32654180000003,34.061992500000024],[108.32654710000003,34.06128579999999],[108.32583899999997,34.0616058],[108.3251631,34.061712500000034],[108.32498610000002,34.06191249999998],[108.32498610000002,34.0626191]]]},"properties":{"osm_id":"1339439387","code":7202,"fclass":"park","name":"","RASTERVALU":207.818,"Light_Rain":"0","Moderate":"0","Heavy":"0","Storm":"3.4227042604654"}},
{"type":"Feature","geometry":{"type":"Polygon","coordinates":[[[108.62436289999998,34.06238789999996],[108.62319030000003,34.06245799999999],[108.62300760000001,34.06038289999998],[108.62426690000002,34.06035120000002],[108.62436289999998,34.06238789999996]]]},"properties":{"osm_id":"451583775","code":7202,"fclass":"park","name":"文化宫广场","RASTERVALU":5.18367,"Light_Rain":"2.42772884486127","Moderate":"12.9928759730824","Heavy":"32.4171377866554","Storm":"64.1419903570866"}},
{"type":"Feature","geometry":{"type":"Polygon","coordinates":[[[108.32004290000002,34.06051469999996],[108.32028330000001,34.06129690000002],[108.3204549,34.0628896],[108.3203519,34.0641553],[108.3185151,34.06416950000003],[108.31805170000003,34.06196529999999],[108.31688439999998,34.06179459999999],[108.31717619999996,34.06074220000004],[108.31760530000004,34.06034399999996],[108.32006010000002,34.060258700000006],[108.32004290000002,34.06051469999996]]]},"properties":{"osm_id":"1231095749","code":7202,"fclass":"park","name":"秦岭四宝科学公园","RASTERVALU":207.818,"Light_Rain":"0","Moderate":"0","Heavy":"0","Storm":"3.4227042604654"}},
{"type":"Feature","geometry":{"type":"Polygon","coordinates":[[[108.35700750000004,34.06911390000003],[108.35738149999999,34.07547180000002],[108.34879520000001,34.07590289999998],[108.34850250000004,34.07152509999996],[108.34871390000004,34.071147900000014],[108.35224269999998,34.069989500000005],[108.35647080000004,34.06897919999999],[108.35700750000004,34.06911390000003]]]},"properties":{"osm_id":"474995591","code":7202,"fclass":"park","name":"曲江农业博览园","RASTERVALU":119.529,"Light_Rain":"0","Moderate":"0","Heavy":"1.48661668200985","Storm":"12.8283676013327"}},
{"type":"Feature","geometry":{"type":"Polygon","coordinates":[[[108.34003779999999,34.07667119999996],[108.34032480000002,34.08007619999996],[108.33479350000005,34.08010390000003],[108.33484710000003,34.079110299999975],[108.33406550000002,34.07907789999996],[108.3340524,34.07843599999996],[108.33486010000004,34.07841440000004],[108.33488570000003,34.07583490000004],[108.3398661,34.074633600000034],[108.34003779999999,34.07667119999996]]]},"properties":{"osm_id":"294785572","code":7202,"fclass":"park","name":"赵公明文化景区","RASTERVALU":5.18367,"Light_Rain":"2.42772884486127","Moderate":"12.9928759730824","Heavy":"32.4171377866554","Storm":"64.1419903570866"}},
{"type":"Feature","geometry":{"type":"Polygon","coordinates":[[[108.31294860000003,34.058236800000046],[108.31363880000002,34.05887010000004],[108.31377820000002,34.059750100000024],[108.3142932,34.060363299999956],[108.31535540000004,34.06131439999996],[108.31174899999998,34.0613546],[108.31154660000003,34.059607799999974],[108.31073129999997,34.05952780000002],[108.31076339999997,34.059181200000026],[108.31264099999999,34.05795459999997],[108.31294860000003,34.058236800000046]]]},"properties":{"osm_id":"474995592","code":7202,"fclass":"park","name":"化女泉","RASTERVALU":5.18367,"Light_Rain":"2.42772884486127","Moderate":"12.9928759730824","Heavy":"32.4171377866554","Storm":"64.1419903570866"}},
{"type":"Feature","geometry":{"type":"Polygon","coordinates":[[[108.35803739999999,34.08082439999996],[108.34923389999997,34.08123500000001],[108.34881560000001,34.0762402],[108.35739070000004,34.07570610000004],[108.35803739999999,34.08082439999996]]]},"properties":{"osm_id":"540666155","code":7202,"fclass":"park","name":"","RASTERVALU":84.6667,"Light_Rain":"0","Moderate":"1.32709433381689E-02","Heavy":"4.19738989471845","Storm":"20.4458115174304"}},
{"type":"Feature","geometry":{"type":"Polygon","coordinates":[[[108.67497069999996,34.0815956],[108.67375679999998,34.08172390000004],[108.67372239999997,34.080605400000046],[108.67483610000002,34.08049169999997],[108.67497069999996,34.0815956]]]},"properties":{"osm_id":"1229652038","code":7202,"fclass":"park","name":"邑站站前广场","RASTERVALU":5.18367,"Light_Rain":"2.42772884486127","Moderate":"12.9928759730824","Heavy":"32.4171377866554","Storm":"64.1419903570866"}},
{"type":"Feature","geometry":{"type":"Polygon","coordinates":[[[108.81378219999998,34.10025030000002],[108.8125866,34.101209299999965],[108.81101750000002,34.10103920000001],[108.81074380000003,34.100182399999994],[108.81070219999995,34.099085600000016],[108.8106813,34.09760520000001],[108.81125700000003,34.093332299999965],[108.82770990000004,34.093257299999976],[108.82787569999999,34.09441969999996],[108.82675819999999,34.094388],[108.82651170000003,34.09417719999997],[108.82505860000005,34.09420749999999],[108.82457650000003,34.09446360000004],[108.82428110000002,34.094793299999964],[108.82454679999998,34.09602440000004],[108.82450030000004,34.09692969999998],[108.82020679999998,34.09652269999997],[108.8200213,34.09820110000002],[108.81971250000002,34.09811650000004],[108.8186655,34.097752600000035],[108.81771549999999,34.09783210000004],[108.81724,34.09894129999998],[108.81711810000003,34.09990680000002],[108.81660280000003,34.09992549999997],[108.81507110000004,34.0997863],[108.81378219999998,34.10025030000002]]]},"properties":{"osm_id":"377247702","code":7202,"fclass":"park","name":"","RASTERVALU":207.818,"Light_Rain":"0","Moderate":"0","Heavy":"0","Storm":"3.4227042604654"}},
{"type":"Feature","geometry":{"type":"Polygon","coordinates":[[[108.78357170000004,34.10750160000003],[108.78311489999999,34.107986399999994],[108.78147429999996,34.10864140000001],[108.7776221,34.1076537],[108.77636459999995,34.10660359999998],[108.77691600000001,34.10501010000003],[108.77755529999997,34.10524840000003],[108.77800589999995,34.10525729999996],[108.77846730000003,34.10542609999999],[108.77886499999998,34.10587459999997],[108.77967319999998,34.1063183],[108.77995800000001,34.10652409999997],[108.78055630000003,34.1065094],[108.78101000000001,34.10645659999999],[108.78149230000002,34.10612789999997],[108.78164609999996,34.10554770000001],[108.78176050000002,34.1047865],[108.7820287,34.103827100000025],[108.78230769999999,34.10387149999997],[108.78455370000002,34.10140860000002],[108.7862237,34.099793699999985],[108.7871587,34.099301699999955],[108.78767579999997,34.09919009999996],[108.78925990000003,34.099198500000035],[108.79154429999996,34.09796969999997],[108.79352309999999,34.09674550000002],[108.79583749999999,34.09589589999998],[108.7962928,34.095882400000015],[108.80271619999999,34.09764649999996],[108.80780619999997,34.0986699],[108.80970890000002,34.09942400000004],[108.81031049999997,34.10052820000001],[108.81031850000001,34.10058379999999],[108.81047320000002,34.10165929999998],[108.81034020000003,34.103092600000004],[108.80960580000001,34.10290009999997],[108.80763879999998,34.102052500000006],[108.80702379999998,34.10186739999997],[108.80630149999999,34.101753300000034],[108.80538510000002,34.1016348],[108.80458489999998,34.101584099999975],[108.80402610000002,34.101582300000004],[108.80400690000003,34.101431799999986],[108.80333329999999,34.10150330000004],[108.80337010000001,34.101637500000045],[108.80240459999997,34.10181789999996],[108.8018146,34.10186370000002],[108.80164840000002,34.10186060000003],[108.80164139999998,34.101660399999986],[108.80099069999996,34.10163779999998],[108.80094450000004,34.10184140000004],[108.80027269999997,34.10177810000004],[108.79972429999998,34.10167429999998],[108.799309,34.10157060000002],[108.79893500000004,34.10146350000004],[108.79852340000001,34.101314499999965],[108.79806589999998,34.101115199999995],[108.79761790000005,34.10088500000004],[108.79717330000003,34.100628599999965],[108.79669790000004,34.10028739999998],[108.79686029999998,34.100136800000044],[108.79634980000002,34.09980060000002],[108.7962133,34.09994379999997],[108.79573429999998,34.09972860000002],[108.79525659999999,34.099582900000044],[108.79489420000002,34.09952619999997],[108.79417239999998,34.099508400000005],[108.79393450000002,34.0995244],[108.79389519999997,34.09931760000003],[108.79321560000004,34.09943739999999],[108.79326490000004,34.09966440000004],[108.79270030000004,34.09985530000002],[108.79205090000004,34.100186699999995],[108.79108900000003,34.10073020000002],[108.78823460000002,34.10222860000001],[108.78794629999997,34.102108800000046],[108.78733510000004,34.102128000000036],[108.7873445,34.10735809999997],[108.78413710000001,34.10729970000002],[108.78357170000004,34.10750160000003]]]},"properties":{"osm_id":"477867727","code":7202,"fclass":"park","name":"河湿地公园","RASTERVALU":5.18367,"Light_Rain":"2.42772884486127","Moderate":"12.9928759730824","Heavy":"32.4171377866554","Storm":"64.1419903570866"}},
{"type":"Feature","geometry":{"type":"Polygon","coordinates":[[[108.6423211,34.109550500000005],[108.63978050000003,34.109568299999964],[108.63970980000005,34.10559390000002],[108.64206920000004,34.10552230000004],[108.6423211,34.109550500000005]]]},"properties":{"osm_id":"293498127","code":7202,"fclass":"park","name":"","RASTERVALU":5.18367,"Light_Rain":"2.42772884486127","Moderate":"12.9928759730824","Heavy":"32.4171377866554","Storm":"64.1419903570866"}},
{"type":"Feature","geometry":{"type":"Polygon","coordinates":[[[108.5897636,34.094381700000014],[108.58834739999996,34.09798889999996],[108.58716730000002,34.100743000000016],[108.58515020000002,34.111456400000044],[108.5835409,34.12017900000002],[108.58285430000004,34.123536299999984],[108.58225349999998,34.12342979999997],[108.58345510000001,34.11765650000003],[108.58482739999995,34.11018530000003],[108.58487130000003,34.109946299999976],[108.58478550000004,34.10927119999999],[108.58515020000002,34.10870270000002],[108.58650209999996,34.100512],[108.58929160000002,34.09413300000004],[108.5897636,34.094381700000014]]]},"properties":{"osm_id":"387283670","code":7202,"fclass":"park","name":"","RASTERVALU":207.818,"Light_Rain":"0","Moderate":"0","Heavy":"0","Storm":"3.4227042604654"}},
{"type":"Feature","geometry":{"type":"Polygon","coordinates":[[[108.6012443,34.110174999999984],[108.5990395,34.11025060000002],[108.59904490000001,34.109957400000006],[108.5994097,34.10971310000004],[108.60124970000001,34.109668700000014],[108.6012443,34.110174999999984]]]},"properties":{"osm_id":"378244581","code":7202,"fclass":"park","name":"","RASTERVALU":5.18367,"Light_Rain":"2.42772884486127","Moderate":"12.9928759730824","Heavy":"32.4171377866554","Storm":"64.1419903570866"}},
{"type":"Feature","geometry":{"type":"Polygon","coordinates":[[[108.62281350000003,34.11080309999999],[108.62148980000002,34.110797200000036],[108.621511,34.11031080000003],[108.62078900000003,34.11032829999996],[108.62080319999997,34.109836],[108.6238265,34.10982409999999],[108.62386110000003,34.1102697],[108.62282759999995,34.11028730000004],[108.62281350000003,34.11080309999999]]]},"properties":{"osm_id":"448918643","code":7202,"fclass":"park","name":"人民路广场","RASTERVALU":5.18367,"Light_Rain":"2.42772884486127","Moderate":"12.9928759730824","Heavy":"32.4171377866554","Storm":"64.1419903570866"}},
{"type":"Feature","geometry":{"type":"Polygon","coordinates":[[[108.79266580000002,34.1118584],[108.79266069999996,34.11228329999999],[108.7918808,34.11227679999998],[108.79188589999998,34.111852000000006],[108.79266580000002,34.1118584]]]},"properties":{"osm_id":"1243406896","code":7202,"fclass":"park","name":"","RASTERVALU":5.18367,"Light_Rain":"2.42772884486127","Moderate":"12.9928759730824","Heavy":"32.4171377866554","Storm":"64.1419903570866"}},
{"type":"Feature","geometry":{"type":"Polygon","coordinates":[[[108.89447820000001,34.120632599999986],[108.89186590000004,34.121105899999975],[108.88864239999997,34.12112160000003],[108.88850199999997,34.12193779999998],[108.88691109999998,34.1219875],[108.88703730000003,34.12279659999998],[108.88570779999998,34.122646499999995],[108.88471569999996,34.12244810000001],[108.88361999999998,34.12200099999996],[108.88265489999998,34.12092679999999],[108.88239739999999,34.1200564],[108.88288019999997,34.1187596],[108.88282659999997,34.11829769999997],[108.882494,34.11693869999997],[108.8802731,34.11483359999997],[108.87505889999996,34.11206219999999],[108.87320280000004,34.11114720000004],[108.8701451,34.1117424],[108.86983620000002,34.112379],[108.8688269,34.11206910000003],[108.86765879999999,34.11183439999997],[108.86674020000001,34.11131799999996],[108.86585570000001,34.11040720000001],[108.86531129999999,34.109440100000015],[108.8648917,34.10909269999996],[108.86404119999997,34.10891430000003],[108.86362159999999,34.1099283],[108.86274830000002,34.10963729999999],[108.8621813,34.10897999999996],[108.86046889999999,34.10849169999997],[108.85918740000001,34.10806920000001],[108.85722550000004,34.10755269999999],[108.85570579999997,34.107205300000025],[108.85381200000005,34.10708319999996],[108.8524171,34.10693299999997],[108.85029640000003,34.106632499999975],[108.84851589999998,34.106548],[108.84695089999998,34.10645410000004],[108.845987,34.106463500000025],[108.84396840000004,34.10616300000003],[108.84218789999998,34.10591889999999],[108.84097440000002,34.105759300000024],[108.83852490000004,34.10571230000004],[108.838196,34.10530850000003],[108.83514540000002,34.10509260000001],[108.83485050000004,34.10528040000001],[108.83362579999996,34.10508320000004],[108.83228759999999,34.10494230000001],[108.83094940000002,34.10494230000001],[108.83015549999998,34.1048015],[108.83025759999998,34.10396570000003],[108.83214010000005,34.10413479999999],[108.83378450000004,34.104162900000006],[108.83511140000005,34.10398449999999],[108.83537220000004,34.103853100000045],[108.8357238,34.103918799999974],[108.8358258,34.10415350000003],[108.83911459999997,34.10436949999996],[108.84046409999999,34.10415350000003],[108.84147340000001,34.10427560000001],[108.8431972,34.104707599999955],[108.844524,34.10525219999999],[108.84662200000004,34.10556209999996],[108.84815299999997,34.10564660000002],[108.84974069999998,34.105656],[108.85097680000003,34.10566539999998],[108.8515552,34.10538370000003],[108.85157790000002,34.105759300000024],[108.85358520000001,34.10619119999996],[108.85683990000001,34.106829700000034],[108.85851829999997,34.107308600000046],[108.86017400000001,34.107712399999976],[108.86270300000001,34.10812549999996],[108.86264630000002,34.1075903],[108.86376900000002,34.107975299999964],[108.86484639999999,34.10849169999997],[108.86615049999997,34.10938369999997],[108.86674020000001,34.11040720000001],[108.8675227,34.11099870000001],[108.86837330000003,34.11123349999999],[108.87011970000003,34.11073580000002],[108.87156,34.109984699999956],[108.87284149999999,34.109712399999985],[108.8740095,34.109712399999985],[108.87487139999999,34.109834399999954],[108.87605079999996,34.109505800000036],[108.8769808,34.10953399999997],[108.87794469999999,34.109984699999956],[108.87843240000002,34.11073580000002],[108.87974789999997,34.111402500000025],[108.87990659999996,34.11270760000001],[108.88002000000002,34.112829699999985],[108.88335230000004,34.11519779999999],[108.88455389999999,34.11629919999999],[108.88500449999997,34.11828880000004],[108.88532640000004,34.11946129999997],[108.88639919999999,34.12006530000003],[108.88865769999998,34.11956339999998],[108.88987000000002,34.11924359999999],[108.89158670000003,34.11966549999999],[108.89265419999998,34.1197633],[108.89422060000001,34.119381300000015],[108.89447820000001,34.120632599999986]]]},"properties":{"osm_id":"295180763","code":7202,"fclass":"park","name":"","RASTERVALU":84.6667,"Light_Rain":"0","Moderate":"1.32709433381689E-02","Heavy":"4.19738989471845","Storm":"20.4458115174304"}},
{"type":"Feature","geometry":{"type":"Polygon","coordinates":[[[109.27353060000003,34.081018500000035],[109.27263400000001,34.08237999999997],[109.27011219999999,34.082658500000015],[109.27048579999999,34.08075550000003],[109.26688060000004,34.07871319999998],[109.26734760000004,34.07663990000003],[109.26755299999998,34.07470589999998],[109.26953310000003,34.075835399999995],[109.26998139999999,34.074148799999975],[109.2705418,34.07368460000003],[109.27134510000003,34.07394770000003],[109.27140110000005,34.075634200000046],[109.27153190000003,34.07631499999997],[109.2723538,34.07753730000003],[109.27614579999997,34.07820260000001],[109.27713589999999,34.078543000000025],[109.2769491,34.07775390000001],[109.27508109999998,34.07721239999997],[109.27508109999998,34.076655399999986],[109.27892919999995,34.076670900000025],[109.27915330000002,34.08015210000002],[109.2769117,34.08073999999999],[109.27448329999999,34.08060080000002],[109.27353060000003,34.081018500000035]]]},"properties":{"osm_id":"533105129","code":7202,"fclass":"park","name":"白鹿原影视城","RASTERVALU":119.529,"Light_Rain":"0","Moderate":"0","Heavy":"1.48661668200985","Storm":"12.8283676013327"}},
{"type":"Feature","geometry":{"type":"Polygon","coordinates":[[[108.99637969999998,34.13711690000002],[108.99353399999998,34.13712880000002],[108.99190979999997,34.13711820000003],[108.99189239999995,34.13674489999997],[108.99185580000004,34.135330000000046],[108.99335120000005,34.135332800000015],[108.99490090000002,34.13532689999997],[108.99609629999998,34.13529310000001],[108.99637969999998,34.13711690000002]]]},"properties":{"osm_id":"1305176086","code":7202,"fclass":"park","name":"航天城水生态公园","RASTERVALU":207.818,"Light_Rain":"0","Moderate":"0","Heavy":"0","Storm":"3.4227042604654"}},
{"type":"Feature","geometry":{"type":"Polygon","coordinates":[[[108.98485690000004,34.13919750000004],[108.9847437,34.139276199999976],[108.97916310000002,34.139310000000016],[108.9790136,34.13924619999998],[108.97906789999996,34.13912249999996],[108.98473459999995,34.13910380000001],[108.98485690000004,34.13909249999996],[108.98485690000004,34.13919750000004]]]},"properties":{"osm_id":"1032550773","code":7202,"fclass":"park","name":"","RASTERVALU":5.18367,"Light_Rain":"2.42772884486127","Moderate":"12.9928759730824","Heavy":"32.4171377866554","Storm":"64.1419903570866"}},
{"type":"Feature","geometry":{"type":"Polygon","coordinates":[[[108.99138609999999,34.13966579999997],[108.99136849999995,34.141556000000044],[108.9908773,34.14162340000003],[108.99050760000004,34.14249290000003],[108.98901090000003,34.14246480000001],[108.98900050000005,34.14216179999999],[108.98898520000003,34.13963970000003],[108.98912859999999,34.13957589999999],[108.9912026,34.13956049999996],[108.99138609999999,34.13966579999997]]]},"properties":{"osm_id":"1305176085","code":7202,"fclass":"park","name":"航腾公园","RASTERVALU":119.529,"Light_Rain":"0","Moderate":"0","Heavy":"1.48661668200985","Storm":"12.8283676013327"}},
{"type":"Feature","geometry":{"type":"Polygon","coordinates":[[[109.0075783,34.139468000000036],[109.00758910000002,34.140249200000014],[109.00765419999999,34.14059930000003],[109.00764339999998,34.14237710000004],[109.0075674,34.14288890000002],[109.00737489999997,34.142879799999974],[109.00741549999995,34.13950389999999],[109.00739380000002,34.13935129999997],[109.0075783,34.139468000000036]]]},"properties":{"osm_id":"1032554242","code":7202,"fclass":"park","name":"","RASTERVALU":119.529,"Light_Rain":"0","Moderate":"0","Heavy":"1.48661668200985","Storm":"12.8283676013327"}},
{"type":"Feature","geometry":{"type":"Polygon","coordinates":[[[108.96200720000003,34.142491199999974],[108.96182240000002,34.142619400000015],[108.9615303,34.142604600000034],[108.95992099999998,34.14256519999997],[108.9597601,34.14252080000003],[108.95970639999999,34.14233329999997],[108.9596409,34.14213110000002],[108.95946210000002,34.14197320000002],[108.95935480000003,34.141914],[108.95947989999999,34.141756099999995],[108.9602786,34.1412924],[108.96173299999998,34.1412924],[108.96204890000001,34.14124799999996],[108.96237669999995,34.1410359],[108.9632767,34.14081390000002],[108.96349730000004,34.14081879999998],[108.9635569,34.14085829999996],[108.96200720000003,34.142491199999974]]]},"properties":{"osm_id":"1052867659","code":7202,"fclass":"park","name":"","RASTERVALU":84.6667,"Light_Rain":"0","Moderate":"1.32709433381689E-02","Heavy":"4.19738989471845","Storm":"20.4458115174304"}},
{"type":"Feature","geometry":{"type":"Polygon","coordinates":[[[108.95929199999999,34.14214400000002],[108.95942560000003,34.14227720000003],[108.95947009999998,34.14249820000002],[108.95767280000004,34.143515299999976],[108.95754949999997,34.14352100000001],[108.95913800000004,34.14214400000002],[108.95929199999999,34.14214400000002]]]},"properties":{"osm_id":"1052867661","code":7202,"fclass":"park","name":"","RASTERVALU":84.6667,"Light_Rain":"0","Moderate":"1.32709433381689E-02","Heavy":"4.19738989471845","Storm":"20.4458115174304"}},
{"type":"Feature","geometry":{"type":"Polygon","coordinates":[[[108.9619394,34.14377800000004],[108.96084179999997,34.14444430000002],[108.95801219999997,34.14443079999997],[108.95749179999999,34.1438655],[108.95937820000002,34.14279550000002],[108.96130520000003,34.14277540000004],[108.9619394,34.14377800000004]]]},"properties":{"osm_id":"1006713402","code":7202,"fclass":"park","name":"揽月阁","RASTERVALU":5.18367,"Light_Rain":"2.42772884486127","Moderate":"12.9928759730824","Heavy":"32.4171377866554","Storm":"64.1419903570866"}},
{"type":"Feature","geometry":{"type":"Polygon","coordinates":[[[109.14617840000003,34.14493459999999],[109.1459365,34.14499850000004],[109.14597719999999,34.145084300000036],[109.14582879999998,34.14512800000001],[109.14589180000003,34.145232300000025],[109.14576979999997,34.14527100000003],[109.14557060000001,34.14489080000001],[109.14606460000003,34.14472760000001],[109.14617840000003,34.14493459999999]]]},"properties":{"osm_id":"1308573782","code":7202,"fclass":"park","name":"","RASTERVALU":5.18367,"Light_Rain":"2.42772884486127","Moderate":"12.9928759730824","Heavy":"32.4171377866554","Storm":"64.1419903570866"}},
{"type":"Feature","geometry":{"type":"Polygon","coordinates":[[[108.97044059999996,34.14817990000002],[108.9703605,34.14822249999999],[108.97006880000002,34.148351399999996],[108.96973610000003,34.148527199999975],[108.96958040000003,34.1484803],[108.9687633,34.147263899999984],[108.96875639999998,34.147142800000005],[108.96941820000002,34.146797799999966],[108.97044059999996,34.14817990000002]]]},"properties":{"osm_id":"879047961","code":7202,"fclass":"park","name":"启航公园","RASTERVALU":119.529,"Light_Rain":"0","Moderate":"0","Heavy":"1.48661668200985","Storm":"12.8283676013327"}},
{"type":"Feature","geometry":{"type":"Polygon","coordinates":[[[108.30749399999999,34.0586785],[108.30826209999995,34.058744999999995],[108.30841230000004,34.06075370000002],[108.30922770000001,34.06086039999997],[108.30922770000001,34.06400679999997],[108.30551549999998,34.064024500000016],[108.30547259999999,34.06107370000003],[108.30684590000001,34.06100260000001],[108.30682450000002,34.058620499999996],[108.30749399999999,34.0586785]]]},"properties":{"osm_id":"474995594","code":7202,"fclass":"park","name":"丝路文化园","RASTERVALU":5.18367,"Light_Rain":"2.42772884486127","Moderate":"12.9928759730824","Heavy":"32.4171377866554","Storm":"64.1419903570866"}},
{"type":"Feature","geometry":{"type":"Polygon","coordinates":[[[108.20226050000002,34.13632280000004],[108.20497330000003,34.137011199999975],[108.20551640000002,34.137065600000035],[108.20710500000001,34.1372648],[108.209461,34.13896579999996],[108.20983659999999,34.14000230000001],[108.2114437,34.14067599999998],[108.21254989999996,34.14224790000001],[108.21296730000003,34.14342250000003],[108.21376040000001,34.144049100000004],[108.21455350000001,34.14495980000004],[108.21467869999996,34.14546080000001],[108.21173590000002,34.14635899999999],[108.21065840000004,34.14432899999998],[108.21014969999996,34.143370700000006],[108.20754080000002,34.140814200000044],[108.20697730000002,34.13986410000003],[108.20578529999999,34.13964889999999],[108.2030536,34.13915579999996],[108.20071600000003,34.13881039999998],[108.19954729999996,34.13837850000004],[108.19933369999997,34.137953],[108.19831589999995,34.13592550000003],[108.19923419999999,34.13525169999996],[108.20226050000002,34.13632280000004]]]},"properties":{"osm_id":"300891404","code":7202,"fclass":"park","name":"周至水街","RASTERVALU":207.818,"Light_Rain":"0","Moderate":"0","Heavy":"0","Storm":"3.4227042604654"}},
{"type":"Feature","geometry":{"type":"Polygon","coordinates":[[[108.20219359999999,34.16241720000002],[108.2022431,34.162437700000034],[108.20228559999997,34.16245380000003],[108.20232979999997,34.162489000000015],[108.20236340000001,34.16253139999997],[108.20238820000002,34.16256220000003],[108.20240059999998,34.16259589999998],[108.20240059999998,34.16264270000003],[108.20239529999998,34.162696899999986],[108.20236700000004,34.162754],[108.20232270000001,34.16279649999996],[108.20226959999997,34.16282869999996],[108.20218650000002,34.162859400000016],[108.20212630000002,34.162863800000025],[108.20209620000001,34.16286680000001],[108.20204839999997,34.1628624],[108.20199709999999,34.16284330000002],[108.20196699999998,34.162824299999954],[108.2019511,34.16280820000004],[108.2019157,34.16277299999997],[108.20188920000002,34.162735000000026],[108.20186440000002,34.162683700000045],[108.20185910000002,34.16264270000003],[108.20185380000002,34.162609100000005],[108.20186619999998,34.16257099999996],[108.20188390000003,34.16253730000001],[108.20191749999996,34.16249479999996],[108.20196000000003,34.16245820000004],[108.20201839999997,34.162431899999994],[108.20207500000004,34.16241720000002],[108.20213869999998,34.162408400000004],[108.20219359999999,34.16241720000002]]]},"properties":{"osm_id":"6995508","code":7202,"fclass":"park","name":"大转盘","RASTERVALU":5.18367,"Light_Rain":"2.42772884486127","Moderate":"12.9928759730824","Heavy":"32.4171377866554","Storm":"64.1419903570866"}},
{"type":"Feature","geometry":{"type":"Polygon","coordinates":[[[108.21701349999998,34.16741760000004],[108.21743830000004,34.168999400000004],[108.21548100000001,34.16920030000002],[108.21532929999998,34.1670285],[108.21701349999998,34.16741760000004]]]},"properties":{"osm_id":"591389256","code":7202,"fclass":"park","name":"","RASTERVALU":5.18367,"Light_Rain":"2.42772884486127","Moderate":"12.9928759730824","Heavy":"32.4171377866554","Storm":"64.1419903570866"}},
{"type":"Feature","geometry":{"type":"Polygon","coordinates":[[[108.2038887,34.17041020000003],[108.20414589999996,34.17057509999999],[108.20432109999999,34.17080200000003],[108.2043942,34.17106429999997],[108.20435639999997,34.17133169999998],[108.20421240000005,34.17157309999997],[108.20397869999998,34.17176040000001],[108.2036998,34.17186810000004],[108.20339390000001,34.17189670000001],[108.20309299999998,34.171843300000035],[108.2028282,34.17171350000004],[108.20262709999997,34.17152069999999],[108.20251060000001,34.171285000000026],[108.20249079999998,34.17103089999996],[108.20256970000003,34.17078480000003],[108.20273920000001,34.170572200000024],[108.2029816,34.17041530000001],[108.20327180000002,34.1703304],[108.20357949999999,34.17032630000001],[108.2038887,34.17041020000003]]]},"properties":{"osm_id":"591389257","code":7202,"fclass":"park","name":"","RASTERVALU":5.18367,"Light_Rain":"2.42772884486127","Moderate":"12.9928759730824","Heavy":"32.4171377866554","Storm":"64.1419903570866"}},
{"type":"Feature","geometry":{"type":"Polygon","coordinates":[[[108.60490969999996,34.117088400000014],[108.6040675,34.117106099999965],[108.6040675,34.11633339999998],[108.60487219999997,34.11630229999999],[108.60490969999996,34.117088400000014]]]},"properties":{"osm_id":"452210851","code":7202,"fclass":"park","name":"长虹广场","RASTERVALU":5.18367,"Light_Rain":"2.42772884486127","Moderate":"12.9928759730824","Heavy":"32.4171377866554","Storm":"64.1419903570866"}},
{"type":"Feature","geometry":{"type":"Polygon","coordinates":[[[108.8763208,34.11929799999996],[108.87632059999999,34.121262100000024],[108.8757775,34.12125849999999],[108.8757689,34.1166256],[108.8758161,34.116504800000044],[108.87590189999999,34.11651540000003],[108.87779409999996,34.118225600000045],[108.87744940000005,34.11845930000002],[108.87741380000003,34.11842620000004],[108.87714259999997,34.11866740000001],[108.87698379999998,34.11885750000002],[108.87681429999998,34.11905290000002],[108.876589,34.119200300000045],[108.8763208,34.11929799999996]]]},"properties":{"osm_id":"1227505882","code":7202,"fclass":"park","name":"","RASTERVALU":84.6667,"Light_Rain":"0","Moderate":"1.32709433381689E-02","Heavy":"4.19738989471845","Storm":"20.4458115174304"}},
{"type":"Feature","geometry":{"type":"Polygon","coordinates":[[[108.8783571,34.11872210000001],[108.8782153,34.11872369999996],[108.8782207,34.11915869999998],[108.88067690000001,34.121423000000014],[108.87632059999999,34.121397999999985],[108.87632059999999,34.121262100000024],[108.8763208,34.11968650000004],[108.8763208,34.11929799999996],[108.876589,34.119200300000045],[108.87681429999998,34.11905290000002],[108.87698379999998,34.11885750000002],[108.87714259999997,34.11866740000001],[108.87741380000003,34.11842620000004],[108.87744940000005,34.11845930000002],[108.87779409999996,34.118225600000045],[108.87785200000005,34.11827490000004],[108.87818939999998,34.118562300000015],[108.8783271,34.11856829999998],[108.87842590000001,34.118657900000024],[108.87849399999996,34.11871959999998],[108.8783571,34.11872210000001]]]},"properties":{"osm_id":"1227505875","code":7202,"fclass":"park","name":"陕西省考古研究院","RASTERVALU":44.8235,"Light_Rain":"0","Moderate":"1.51575301399969","Heavy":"11.4143285995513","Storm":"35.191290310021"}},
{"type":"Feature","geometry":{"type":"Polygon","coordinates":[[[108.8783571,34.11872210000001],[108.88025349999997,34.120469800000016],[108.88048840000005,34.12069110000003],[108.88089749999996,34.12102329999998],[108.88143400000004,34.121425799999976],[108.88141089999999,34.121436900000006],[108.88067690000001,34.121423000000014],[108.8782207,34.11915869999998],[108.8782153,34.11872369999996],[108.8783571,34.11872210000001]]]},"properties":{"osm_id":"1227505883","code":7202,"fclass":"park","name":"","RASTERVALU":207.818,"Light_Rain":"0","Moderate":"0","Heavy":"0","Storm":"3.4227042604654"}},
{"type":"Feature","geometry":{"type":"Polygon","coordinates":[[[108.75025529999998,34.14726929999999],[108.74976330000004,34.147804300000026],[108.7496254,34.14846120000002],[108.7488782,34.15105829999997],[108.74560409999998,34.15240530000004],[108.74251449999997,34.151548899999966],[108.74222750000003,34.150844699999965],[108.74279510000001,34.15043850000002],[108.74321180000003,34.149910400000024],[108.74369820000003,34.1491243],[108.74404539999998,34.14813009999998],[108.7441261,34.14773279999997],[108.7439843,34.147524400000044],[108.74366820000003,34.147351799999974],[108.7439297,34.14681839999999],[108.7423968,34.14630380000004],[108.74197740000002,34.146036899999984],[108.74149430000003,34.14542770000003],[108.74125559999999,34.14453],[108.74125700000002,34.14367810000004],[108.74166180000003,34.14262510000004],[108.74197999999997,34.142230800000014],[108.74331270000002,34.141367399999986],[108.74374129999995,34.1407686],[108.74427599999997,34.14047240000001],[108.74514789999999,34.14018449999999],[108.74726339999997,34.138924700000025],[108.74826250000002,34.13825810000002],[108.74905079999998,34.137212899999966],[108.74970899999998,34.13596369999999],[108.74989019999997,34.134650200000024],[108.74930429999999,34.13261309999996],[108.74905209999999,34.130663300000016],[108.74832289999996,34.12897690000001],[108.74839939999998,34.125734000000016],[108.74778280000004,34.12383530000003],[108.74740250000002,34.12163509999998],[108.74760799999997,34.120289700000036],[108.74938259999998,34.1189443],[108.7496254,34.11705750000003],[108.75040999999999,34.117243100000024],[108.75065280000001,34.11568110000001],[108.7506598137217,34.115666331026766],[108.7523714,34.11206219999999],[108.75289440000003,34.11008249999997],[108.75330540000002,34.107592399999994],[108.75468769999999,34.10504039999996],[108.75487449999999,34.10488570000004],[108.75791800000002,34.103888],[108.75769080000005,34.10585539999998],[108.7578019,34.10608519999999],[108.75582720000004,34.10895349999999],[108.75565909999999,34.11023719999998],[108.75524809999999,34.11167549999997],[108.75479980000003,34.1136242],[108.75347349999998,34.113562400000035],[108.75289440000003,34.114258299999975],[108.75253949999997,34.11551099999997],[108.7528125,34.11585009999996],[108.75281345708153,34.11585128802937],[108.75295049999995,34.116021400000015],[108.75263289999997,34.11660909999997],[108.75113849999995,34.11892879999996],[108.75035399999997,34.12154230000002],[108.75029790000004,34.12234640000003],[108.75078359999999,34.12398560000003],[108.75255820000001,34.12401650000002],[108.75255820000001,34.125516500000046],[108.75207269999999,34.12605349999998],[108.7524143,34.1267032],[108.75311939999999,34.12969979999996],[108.75339169999997,34.131721700000014],[108.75402680000002,34.1321799],[108.75483090000003,34.133600600000044],[108.75494930000005,34.13435349999999],[108.75491309999998,34.13510200000001],[108.75474170000001,34.135714599999986],[108.75447609999998,34.13633699999997],[108.75361219999999,34.13746199999997],[108.75324770000003,34.13797959999999],[108.75302120000003,34.138597899999986],[108.75261699999999,34.14099699999998],[108.75218570000001,34.14373729999996],[108.751885,34.144686399999976],[108.75139629999997,34.14575730000003],[108.75089419999999,34.145691999999954],[108.75025529999998,34.14726929999999]]]},"properties":{"osm_id":"374651216","code":7202,"fclass":"park","name":"","RASTERVALU":84.6667,"Light_Rain":"0","Moderate":"1.32709433381689E-02","Heavy":"4.19738989471845","Storm":"20.4458115174304"}},
{"type":"Feature","geometry":{"type":"Polygon","coordinates":[[[108.82762290000004,34.12908980000003],[108.82712240000001,34.128304699999994],[108.82969670000003,34.12719359999999],[108.83078879999997,34.128861900000004],[108.83046530000003,34.12900280000002],[108.83019519999998,34.129080000000016],[108.8299175,34.12915940000001],[108.82964520000003,34.129197300000044],[108.82936229999999,34.12921889999996],[108.82906130000003,34.129227000000014],[108.82880929999996,34.129213899999996],[108.82829170000004,34.12915569999998],[108.82796200000003,34.12909420000004],[108.82762290000004,34.12908980000003]]]},"properties":{"osm_id":"159349011","code":7202,"fclass":"park","name":"","RASTERVALU":207.818,"Light_Rain":"0","Moderate":"0","Heavy":"0","Storm":"3.4227042604654"}},
{"type":"Feature","geometry":{"type":"Polygon","coordinates":[[[108.82880929999996,34.129213899999996],[108.8289493,34.129434999999994],[108.8291629,34.1297721],[108.82944149999996,34.13021199999998],[108.82952449999999,34.13034299999998],[108.82865250000005,34.130722600000034],[108.82762290000004,34.12908980000003],[108.82796200000003,34.12909420000004],[108.82829170000004,34.12915569999998],[108.8284963,34.129193900000026],[108.82880929999996,34.129213899999996]]]},"properties":{"osm_id":"291098576","code":7202,"fclass":"park","name":"","RASTERVALU":207.818,"Light_Rain":"0","Moderate":"0","Heavy":"0","Storm":"3.4227042604654"}},
{"type":"Feature","geometry":{"type":"Polygon","coordinates":[[[108.9485008,34.1437034],[108.94833639999999,34.14378230000004],[108.94766060000003,34.14364289999997],[108.94653799999996,34.14361270000004],[108.9461811,34.143579699999975],[108.94523609999997,34.14357370000001],[108.94509840000005,34.14347930000002],[108.94510260000004,34.14129190000004],[108.94588549999997,34.141296800000006],[108.94589270000004,34.141482299999986],[108.94642040000001,34.14148830000004],[108.94642099999996,34.14130110000001],[108.94849330000001,34.141290600000026],[108.9485008,34.1437034]]]},"properties":{"osm_id":"1036429388","code":7202,"fclass":"park","name":"少陵公园","RASTERVALU":119.529,"Light_Rain":"0","Moderate":"0","Heavy":"1.48661668200985","Storm":"12.8283676013327"}},
{"type":"Feature","geometry":{"type":"Polygon","coordinates":[[[108.90723039999997,34.147874100000024],[108.90663899999997,34.14758889999997],[108.90556070000002,34.14719370000004],[108.90497070000005,34.14700279999997],[108.90445029999998,34.14669210000002],[108.90323800000004,34.14579079999996],[108.90287849999996,34.14536460000004],[108.90252449999998,34.14504939999999],[108.9019559,34.14483180000001],[108.90131210000003,34.14479630000001],[108.899971,34.144782999999975],[108.89919850000003,34.14491619999998],[108.89776090000001,34.14538240000001],[108.89713860000003,34.14255869999997],[108.89687579999996,34.14125779999998],[108.89685429999996,34.14079609999997],[108.89693479999995,34.140769399999975],[108.89695620000005,34.14064509999999],[108.89704740000003,34.1405829],[108.89730490000002,34.140640699999985],[108.8981793,34.1408094],[108.89861919999997,34.14085380000003],[108.90051990000003,34.141124899999994],[108.90267459999997,34.141252699999995],[108.90465849999998,34.141225799999994],[108.90671570000002,34.14119219999996],[108.90673190000003,34.14181130000003],[108.90703279999997,34.141831500000016],[108.90703330000001,34.142577099999976],[108.90711999999998,34.14257980000002],[108.90716599999998,34.1426354],[108.90723679999996,34.14267349999996],[108.90732530000001,34.142682299999976],[108.90739249999997,34.1426676],[108.90743500000002,34.14260030000003],[108.90744209999998,34.142568000000026],[108.9074315,34.14249769999998],[108.90738900000004,34.142450900000014],[108.90732880000003,34.142418700000015],[108.90733589999999,34.14126749999998],[108.90925770000003,34.14125869999996],[108.90926830000001,34.141657099999975],[108.90969299999998,34.14164830000004],[108.90968590000001,34.14242159999999],[108.90983809999999,34.14252999999999],[108.91009300000003,34.142535800000026],[108.9102204,34.142412799999974],[108.91024870000004,34.14166000000004],[108.91072649999995,34.14165120000002],[108.91072649999995,34.14161610000004],[108.9108397,34.14161610000004],[108.91081139999997,34.141331899999976],[108.91050349999998,34.14132309999996],[108.91049999999996,34.14125579999999],[108.91126799999999,34.14127040000004],[108.91166079999999,34.14128799999999],[108.91196520000004,34.14130260000004],[108.91211029999997,34.141241100000016],[108.91274029999995,34.14127040000004],[108.9134481,34.14127919999997],[108.91347999999996,34.141243999999986],[108.91433999999998,34.141243999999986],[108.91532759999998,34.141260799999955],[108.91536099999999,34.142661300000015],[108.91541429999997,34.142967599999956],[108.91658950000003,34.143756100000004],[108.91761409999998,34.14375620000001],[108.9173137,34.145088099999995],[108.91710450000001,34.14652649999999],[108.9170615,34.146779599999974],[108.91250720000004,34.147076999999975],[108.91215319999996,34.147259100000035],[108.91175079999998,34.14739669999996],[108.91151479999999,34.14726789999996],[108.91083880000001,34.14723240000004],[108.91052230000003,34.147108099999976],[108.91018440000005,34.14702820000002],[108.90986249999997,34.147076999999975],[108.90950849999999,34.1470859],[108.90905790000001,34.14711259999999],[108.90844080000002,34.1471009],[108.90723039999997,34.147874100000024]]]},"properties":{"osm_id":"879047968","code":7202,"fclass":"park","name":"","RASTERVALU":119.529,"Light_Rain":"0","Moderate":"0","Heavy":"1.48661668200985","Storm":"12.8283676013327"}},
{"type":"Feature","geometry":{"type":"Polygon","coordinates":[[[108.87197380000005,34.14582580000001],[108.87141339999995,34.1458181],[108.87142270000001,34.14488670000003],[108.87198310000002,34.1448789],[108.87197380000005,34.14582580000001]]]},"properties":{"osm_id":"338286185","code":7202,"fclass":"park","name":"音乐广场","RASTERVALU":5.18367,"Light_Rain":"2.42772884486127","Moderate":"12.9928759730824","Heavy":"32.4171377866554","Storm":"64.1419903570866"}},
{"type":"Feature","geometry":{"type":"Polygon","coordinates":[[[108.86899519999997,34.14578400000002],[108.86810790000001,34.14565479999999],[108.86810380000003,34.145129500000046],[108.86817360000003,34.14512779999999],[108.86900140000004,34.1451193],[108.86899519999997,34.14578400000002]]]},"properties":{"osm_id":"1338782268","code":7202,"fclass":"park","name":"","RASTERVALU":207.818,"Light_Rain":"0","Moderate":"0","Heavy":"0","Storm":"3.4227042604654"}},
{"type":"Feature","geometry":{"type":"Polygon","coordinates":[[[108.87072359999999,34.145956800000015],[108.87072359999999,34.147272499999985],[108.87072359999999,34.148450500000024],[108.86997360000002,34.14844789999999],[108.86925699999996,34.14844540000004],[108.86925699999996,34.145956800000015],[108.87072359999999,34.145956800000015]]]},"properties":{"osm_id":"338286195","code":7202,"fclass":"park","name":"北门广场","RASTERVALU":5.18367,"Light_Rain":"2.42772884486127","Moderate":"12.9928759730824","Heavy":"32.4171377866554","Storm":"64.1419903570866"}},
{"type":"Feature","geometry":{"type":"Polygon","coordinates":[[[108.8728459,34.14610779999999],[108.87323319999997,34.14624309999999],[108.87355040000003,34.146419300000005],[108.87382669999997,34.14661690000001],[108.87397679999995,34.14679010000004],[108.87408950000004,34.14696539999998],[108.8741458,34.147122999999965],[108.87418470000001,34.14728040000002],[108.87417009999996,34.14745990000004],[108.8741138,34.147673],[108.87399580000002,34.14791500000003],[108.87375699999997,34.148134800000015],[108.87356389999998,34.148321199999984],[108.87337599999998,34.14843269999997],[108.87320969999999,34.14852809999996],[108.87297639999996,34.14859479999997],[108.87283689999997,34.14861030000001],[108.87251499999998,34.14861030000001],[108.87250820000003,34.146007599999955],[108.8728459,34.14610779999999]]]},"properties":{"osm_id":"338286753","code":7202,"fclass":"park","name":"西北大学公园","RASTERVALU":207.818,"Light_Rain":"0","Moderate":"0","Heavy":"0","Storm":"3.4227042604654"}},
{"type":"Feature","geometry":{"type":"Polygon","coordinates":[[[108.8273585,34.144504999999974],[108.82846890000005,34.14628090000001],[108.828477,34.14630529999999],[108.82848099999998,34.146331899999964],[108.8284823,34.14636859999998],[108.828477,34.146396299999964],[108.82865939999999,34.146707100000015],[108.82871900000005,34.14671099999998],[108.82878269999999,34.14672709999998],[108.8288183,34.14674590000003],[108.82885520000004,34.14677370000002],[108.83000050000003,34.14867600000003],[108.82999239999998,34.14875149999997],[108.82996559999998,34.148802600000025],[108.83014799999998,34.149104400000034],[108.83021769999996,34.14911779999999],[108.83029819999997,34.149153299999995],[108.83181089999998,34.15159050000003],[108.83183239999998,34.15165710000004],[108.8317788,34.151728099999964],[108.83087220000003,34.15211440000004],[108.83067910000004,34.15171930000003],[108.83096340000003,34.151594999999965],[108.83094730000003,34.151466199999966],[108.82667720000003,34.14459819999996],[108.82706880000002,34.14442070000002],[108.8273585,34.144504999999974]]]},"properties":{"osm_id":"1235203111","code":7202,"fclass":"park","name":"永安渠海绵城市生态公园","RASTERVALU":119.529,"Light_Rain":"0","Moderate":"0","Heavy":"1.48661668200985","Storm":"12.8283676013327"}},
{"type":"Feature","geometry":{"type":"Polygon","coordinates":[[[108.94075649999998,34.15057400000004],[108.94057949999998,34.15058279999997],[108.94059019999997,34.15048519999998],[108.94050979999999,34.14983259999998],[108.94070829999998,34.14982370000004],[108.94075649999998,34.15057400000004]]]},"properties":{"osm_id":"255869853","code":7202,"fclass":"park","name":"","RASTERVALU":5.18367,"Light_Rain":"2.42772884486127","Moderate":"12.9928759730824","Heavy":"32.4171377866554","Storm":"64.1419903570866"}},
{"type":"Feature","geometry":{"type":"Polygon","coordinates":[[[108.90992220000003,34.152149899999955],[108.91107019999997,34.15232739999999],[108.9128298,34.15234520000004],[108.91285140000001,34.15247300000004],[108.90985289999998,34.152501600000015],[108.90983640000003,34.15220310000001],[108.90577020000003,34.15109770000003],[108.90549660000005,34.151333000000044],[108.90563610000004,34.15206109999998],[108.90474559999998,34.152021099999956],[108.9045685,34.15072930000001],[108.90478849999998,34.15064050000004],[108.90992220000003,34.152149899999955]]]},"properties":{"osm_id":"1164261714","code":7202,"fclass":"park","name":"","RASTERVALU":5.18367,"Light_Rain":"2.42772884486127","Moderate":"12.9928759730824","Heavy":"32.4171377866554","Storm":"64.1419903570866"}},
{"type":"Feature","geometry":{"type":"Polygon","coordinates":[[[108.85533009999997,34.15361769999999],[108.85712929999998,34.15652209999996],[108.8554314,34.15649070000003],[108.85235249999998,34.14886769999999],[108.85533009999997,34.15361769999999]]]},"properties":{"osm_id":"271701497","code":7202,"fclass":"park","name":"","RASTERVALU":207.818,"Light_Rain":"0","Moderate":"0","Heavy":"0","Storm":"3.4227042604654"}},
{"type":"Feature","geometry":{"type":"Polygon","coordinates":[[[108.88764820000003,34.15268149999998],[108.88811300000003,34.153172800000036],[108.88832090000001,34.1534396],[108.8885538,34.15381140000003],[108.88852080000002,34.1538733],[108.88496899999996,34.153967800000004],[108.88493179999999,34.15275119999997],[108.8850029,34.15268799999998],[108.88751510000003,34.15260749999998],[108.88764820000003,34.15268149999998]]]},"properties":{"osm_id":"346731978","code":7202,"fclass":"park","name":"","RASTERVALU":207.818,"Light_Rain":"0","Moderate":"0","Heavy":"0","Storm":"3.4227042604654"}},
{"type":"Feature","geometry":{"type":"Polygon","coordinates":[[[108.94130409999998,34.15414740000003],[108.9409532,34.15412900000002],[108.94093000000002,34.15362729999998],[108.94090200000002,34.15319589999999],[108.94205229999999,34.1531691],[108.94130409999998,34.15414740000003]]]},"properties":{"osm_id":"246281535","code":7202,"fclass":"park","name":"金长安广场","RASTERVALU":207.818,"Light_Rain":"0","Moderate":"0","Heavy":"0","Storm":"3.4227042604654"}},
{"type":"Feature","geometry":{"type":"Polygon","coordinates":[[[108.91797420000003,34.15710399999997],[108.91697969999998,34.15718029999997],[108.91628550000001,34.1524403],[108.91313579999999,34.1524703],[108.91314089999997,34.15231859999997],[108.91625230000002,34.15228749999997],[108.91738410000005,34.15201670000004],[108.91749679999997,34.15201230000003],[108.91797420000003,34.15710399999997]]]},"properties":{"osm_id":"1164261715","code":7202,"fclass":"park","name":"","RASTERVALU":119.529,"Light_Rain":"0","Moderate":"0","Heavy":"1.48661668200985","Storm":"12.8283676013327"}},
{"type":"Feature","geometry":{"type":"Polygon","coordinates":[[[109.13665050000003,34.148775199999974],[109.1364213,34.14890890000002],[109.13615679999995,34.14864189999996],[109.13637250000004,34.14850840000002],[109.13665050000003,34.148775199999974]]]},"properties":{"osm_id":"1030192517","code":7202,"fclass":"park","name":"","RASTERVALU":5.18367,"Light_Rain":"2.42772884486127","Moderate":"12.9928759730824","Heavy":"32.4171377866554","Storm":"64.1419903570866"}},
{"type":"Feature","geometry":{"type":"Polygon","coordinates":[[[108.96701720000004,34.14974490000001],[108.96698299999997,34.15012239999998],[108.9665648,34.1501216],[108.96655589999997,34.1481937],[108.96697280000001,34.14806249999998],[108.96701720000004,34.14974490000001]]]},"properties":{"osm_id":"1092836671","code":7202,"fclass":"park","name":"","RASTERVALU":207.818,"Light_Rain":"0","Moderate":"0","Heavy":"0","Storm":"3.4227042604654"}},
{"type":"Feature","geometry":{"type":"Polygon","coordinates":[[[108.96701299999997,34.1520742],[108.96656920000001,34.15207430000001],[108.96655799999998,34.15034339999997],[108.96699780000003,34.15034000000004],[108.96701299999997,34.1520742]]]},"properties":{"osm_id":"1092836670","code":7202,"fclass":"park","name":"","RASTERVALU":207.818,"Light_Rain":"0","Moderate":"0","Heavy":"0","Storm":"3.4227042604654"}},
{"type":"Feature","geometry":{"type":"Polygon","coordinates":[[[109.13375200000002,34.151746399999965],[109.13356540000004,34.151807899999994],[109.13360520000005,34.151891399999975],[109.13343259999998,34.15194780000002],[109.13333799999997,34.15178079999997],[109.13370869999999,34.151654199999975],[109.13375200000002,34.151746399999965]]]},"properties":{"osm_id":"1308572448","code":7202,"fclass":"park","name":"","RASTERVALU":5.18367,"Light_Rain":"2.42772884486127","Moderate":"12.9928759730824","Heavy":"32.4171377866554","Storm":"64.1419903570866"}},
{"type":"Feature","geometry":{"type":"Polygon","coordinates":[[[108.95795360000001,34.152367099999985],[108.95848600000001,34.15239799999997],[108.95913040000003,34.15239799999997],[108.95923780000004,34.15250620000004],[108.95924249999997,34.15539309999998],[108.95912109999998,34.15546650000002],[108.95623039999998,34.155470399999984],[108.95615099999998,34.15540469999996],[108.9561556,34.153572900000015],[108.95622570000003,34.153306199999975],[108.95633310000004,34.15312069999999],[108.9564592,34.152985399999984],[108.95673000000002,34.15274970000002],[108.95702430000003,34.15253329999997],[108.95724840000001,34.15242890000004],[108.95759870000003,34.15236320000002],[108.95795360000001,34.152367099999985]]]},"properties":{"osm_id":"533349445","code":7202,"fclass":"park","name":"星河运动公园","RASTERVALU":119.529,"Light_Rain":"0","Moderate":"0","Heavy":"1.48661668200985","Storm":"12.8283676013327"}},
{"type":"Feature","geometry":{"type":"Polygon","coordinates":[[[108.96930609999998,34.15238399999996],[108.96942280000005,34.15247280000003],[108.96940880000004,34.1553558],[108.96927799999996,34.15544860000004],[108.96912210000004,34.15551009999998],[108.96386550000004,34.155494899999965],[108.96376279999998,34.155417599999964],[108.96377210000004,34.152457399999996],[108.96389819999999,34.15235299999998],[108.96930609999998,34.15238399999996]]]},"properties":{"osm_id":"533349443","code":7202,"fclass":"park","name":"航天城中湖公园","RASTERVALU":5.18367,"Light_Rain":"2.42772884486127","Moderate":"12.9928759730824","Heavy":"32.4171377866554","Storm":"64.1419903570866"}},
{"type":"Feature","geometry":{"type":"Polygon","coordinates":[[[108.98244309999998,34.156374999999954],[108.98533719999999,34.15648999999997],[108.9853126,34.15682],[108.97551259999996,34.15646209999997],[108.97015240000002,34.15623610000001],[108.96607120000002,34.15624910000002],[108.96002010000001,34.156178],[108.95993430000001,34.15591169999999],[108.96925200000003,34.15588730000002],[108.97018389999995,34.15588730000002],[108.97278380000004,34.15596619999997],[108.97319600000004,34.15602500000004],[108.97482200000002,34.156091100000005],[108.98244309999998,34.156374999999954]]]},"properties":{"osm_id":"288597592","code":7202,"fclass":"park","name":"","RASTERVALU":207.818,"Light_Rain":"0","Moderate":"0","Heavy":"0","Storm":"3.4227042604654"}},
{"type":"Feature","geometry":{"type":"Polygon","coordinates":[[[109.30009620000001,34.16133149999999],[109.29952379999999,34.162228300000024],[109.29585830000002,34.16107450000004],[109.29600440000003,34.16107450000004],[109.29635149999997,34.1610494],[109.29671070000002,34.16089319999996],[109.29696039999999,34.16069159999998],[109.29710040000003,34.160439700000005],[109.2971796,34.16023820000003],[109.29714310000001,34.1599812],[109.29714310000001,34.15985529999997],[109.29721000000004,34.15966879999999],[109.29741710000003,34.159422],[109.29750840000004,34.15922040000002],[109.29744749999998,34.158897999999986],[109.29721000000004,34.15858050000001],[109.300973,34.159724299999965],[109.30063200000002,34.16034899999996],[109.30009620000001,34.16133149999999]]]},"properties":{"osm_id":"1079647544","code":7202,"fclass":"park","name":"白鹿广场","RASTERVALU":119.529,"Light_Rain":"0","Moderate":"0","Heavy":"1.48661668200985","Storm":"12.8283676013327"}},
{"type":"Feature","geometry":{"type":"Polygon","coordinates":[[[108.98480449999997,34.16283649999999],[108.97903130000005,34.16287980000002],[108.97902089999998,34.162576900000005],[108.98480449999997,34.16250769999996],[108.98480449999997,34.16283649999999]]]},"properties":{"osm_id":"929212544","code":7202,"fclass":"park","name":"","RASTERVALU":207.818,"Light_Rain":"0","Moderate":"0","Heavy":"0","Storm":"3.4227042604654"}},
{"type":"Feature","geometry":{"type":"Polygon","coordinates":[[[108.97856200000003,34.1626219],[108.97856200000003,34.16277499999996],[108.9784447,34.16288159999999],[108.97574049999999,34.16290609999997],[108.97573010000002,34.16262079999999],[108.97856200000003,34.1626219]]]},"properties":{"osm_id":"1076024700","code":7202,"fclass":"park","name":"","RASTERVALU":5.18367,"Light_Rain":"2.42772884486127","Moderate":"12.9928759730824","Heavy":"32.4171377866554","Storm":"64.1419903570866"}},
{"type":"Feature","geometry":{"type":"Polygon","coordinates":[[[108.8534304,34.15244810000003],[108.85504899999998,34.15653929999996],[108.85623990000002,34.15877910000001],[108.85578250000002,34.158789100000035],[108.85464580000001,34.15669480000004],[108.85308930000002,34.15242929999998],[108.8534304,34.15244810000003]]]},"properties":{"osm_id":"295180940","code":7202,"fclass":"park","name":"","RASTERVALU":84.6667,"Light_Rain":"0","Moderate":"1.32709433381689E-02","Heavy":"4.19738989471845","Storm":"20.4458115174304"}},
{"type":"Feature","geometry":{"type":"Polygon","coordinates":[[[108.8946455,34.15627529999997],[108.89470639999996,34.15747759999997],[108.89446010000002,34.157763900000035],[108.89436660000001,34.15779510000004],[108.89376370000004,34.15781210000002],[108.89368969999995,34.15612499999997],[108.89427890000003,34.15610469999997],[108.89430590000005,34.156133500000045],[108.89431120000005,34.1562585],[108.8946112,34.15624810000003],[108.8946455,34.15627529999997]]]},"properties":{"osm_id":"377085484","code":7202,"fclass":"park","name":"丘","RASTERVALU":207.818,"Light_Rain":"0","Moderate":"0","Heavy":"0","Storm":"3.4227042604654"}},
{"type":"Feature","geometry":{"type":"Polygon","coordinates":[[[108.9256373,34.15862289999996],[108.92579630000002,34.159617299999994],[108.92277289999997,34.159870299999966],[108.92273119999999,34.158764999999995],[108.92291899999998,34.15854039999998],[108.92507810000001,34.158461400000014],[108.92546060000004,34.15844740000001],[108.9256373,34.15862289999996]]]},"properties":{"osm_id":"246285579","code":7202,"fclass":"park","name":"长安广场","RASTERVALU":44.8235,"Light_Rain":"0","Moderate":"1.51575301399969","Heavy":"11.4143285995513","Storm":"35.191290310021"}},
{"type":"Feature","geometry":{"type":"Polygon","coordinates":[[[108.87532429999997,34.163167799999954],[108.87524890000005,34.16322040000004],[108.87237649999997,34.16324109999998],[108.87226499999998,34.16316569999996],[108.87226000000001,34.162208399999976],[108.87274110000003,34.16223170000004],[108.87285490000004,34.161953400000016],[108.87312599999998,34.161886099999954],[108.8743209,34.161461499999994],[108.87431920000004,34.16179609999997],[108.87463839999998,34.161796199999976],[108.87464379999999,34.16151049999996],[108.87498089999998,34.161516199999994],[108.87498099999999,34.16158059999999],[108.87531869999997,34.161580499999985],[108.87532429999997,34.163167799999954]]]},"properties":{"osm_id":"246285619","code":7202,"fclass":"park","name":"樱花广场","RASTERVALU":84.6667,"Light_Rain":"0","Moderate":"1.32709433381689E-02","Heavy":"4.19738989471845","Storm":"20.4458115174304"}},
{"type":"Feature","geometry":{"type":"Polygon","coordinates":[[[108.86482550000004,34.16628690000002],[108.86430219999998,34.1667676],[108.86237509999997,34.16532989999997],[108.86294710000004,34.16483719999997],[108.86482550000004,34.16628690000002]]]},"properties":{"osm_id":"1015411686","code":7202,"fclass":"park","name":"郭杜公园","RASTERVALU":84.6667,"Light_Rain":"0","Moderate":"1.32709433381689E-02","Heavy":"4.19738989471845","Storm":"20.4458115174304"}},
{"type":"Feature","geometry":{"type":"MultiPolygon","coordinates":[[[[108.91819689999998,34.164999100000045],[108.91822579999997,34.16516330000004],[108.91827629999997,34.165303600000016],[108.91830519999996,34.16541110000003],[108.9182186,34.16548879999997],[108.91728390000002,34.16554850000003],[108.91728090000004,34.16494070000001],[108.91733560000003,34.16492419999997],[108.91733130000003,34.16263659999997],[108.91710819999996,34.162639899999974],[108.91708230000003,34.15890739999997],[108.91806699999998,34.15888360000004],[108.91818809999997,34.16175759999998],[108.91819689999998,34.164999100000045]]],[[[108.91855429999997,34.165828800000035],[108.91867019999997,34.16593710000003],[108.91879679999997,34.16602229999997],[108.91891049999995,34.166109299999974],[108.91902860000005,34.16616609999997],[108.91913580000003,34.16625309999997],[108.91918520000004,34.1663436],[108.91920880000004,34.16642179999999],[108.91927119999995,34.16725449999996],[108.91924589999999,34.16735300000003],[108.91917799999997,34.16752749999999],[108.91911679999997,34.167643600000005],[108.91899940000003,34.16775760000002],[108.91880539999997,34.16788850000002],[108.91860899999998,34.16801090000002],[108.91837419999999,34.168078500000014],[108.91826449999998,34.16817559999997],[108.91819300000002,34.168300199999976],[108.91816948394006,34.172049541810594],[108.91815780000003,34.17391239999999],[108.91808380000003,34.173964599999955],[108.91706969999997,34.17401089999997],[108.91706930442396,34.17185291398218],[108.91706869999997,34.16855559999997],[108.91706849999996,34.167617599999986],[108.91706590000001,34.16683430000001],[108.91734659999997,34.16654079999997],[108.91709520000003,34.16581810000004],[108.91847279999998,34.16572760000001],[108.91855429999997,34.165828800000035]]]]},"properties":{"osm_id":"16755839","code":7202,"fclass":"park","name":"韦曲中央公园","RASTERVALU":84.6667,"Light_Rain":"0","Moderate":"1.32709433381689E-02","Heavy":"4.19738989471845","Storm":"20.4458115174304"}},
{"type":"Feature","geometry":{"type":"Polygon","coordinates":[[[108.90040280000002,34.177193899999985],[108.90022460000002,34.17719670000004],[108.90017940000001,34.17633709999997],[108.89991159999997,34.17241269999998],[108.89891459999998,34.17242710000002],[108.89878407852885,34.17034403406943],[108.89868459999997,34.16875639999997],[108.89866040000001,34.16836979999996],[108.89861799999996,34.1671101],[108.89820699999997,34.16711880000001],[108.89779699999998,34.16710730000004],[108.89779880000003,34.16700669999997],[108.89829570000003,34.1670274],[108.89860250000001,34.16701409999997],[108.89860179999995,34.16538459999997],[108.8985562,34.1653818],[108.8985241,34.16453300000003],[108.8974978,34.1645327],[108.89758219999997,34.16403859999998],[108.89799229999997,34.16403050000002],[108.8980346,34.16329620000001],[108.89854150000002,34.1632714],[108.89862039999998,34.1601026],[108.89890899999997,34.16011580000003],[108.89885050000001,34.164415000000034],[108.89910824624178,34.17059630890352],[108.89911939999998,34.17086379999999],[108.90020029999997,34.17074300000003],[108.90024249999999,34.171263799999956],[108.90009140000001,34.17128459999999],[108.90012800000002,34.17186819999996],[108.90027610000001,34.171883200000046],[108.9002941,34.1724086],[108.90008999999999,34.17240939999998],[108.90040280000002,34.177193899999985]]]},"properties":{"osm_id":"1305494285","code":7202,"fclass":"park","name":"","RASTERVALU":207.818,"Light_Rain":"0","Moderate":"0","Heavy":"0","Storm":"3.4227042604654"}},
{"type":"Feature","geometry":{"type":"Polygon","coordinates":[[[108.85822309999998,34.17281490000004],[108.85800890000002,34.17297279999996],[108.85712960000001,34.17298530000002],[108.85664380000004,34.17301100000002],[108.85561979999996,34.17300929999996],[108.85550770000002,34.172871800000046],[108.8555129,34.16845970000003],[108.85561320000004,34.16835829999999],[108.8570822,34.168360100000044],[108.85709340000002,34.16913700000002],[108.85823240000003,34.16913659999999],[108.85822309999998,34.17281490000004]]]},"properties":{"osm_id":"246285621","code":7202,"fclass":"park","name":"紫薇城市运动公园","RASTERVALU":207.818,"Light_Rain":"0","Moderate":"0","Heavy":"0","Storm":"3.4227042604654"}},
{"type":"Feature","geometry":{"type":"Polygon","coordinates":[[[108.93148028506982,34.17726678721705],[108.93148050000003,34.17736989999998],[108.92710409999995,34.17940739999999],[108.92391470000003,34.17945820000002],[108.9237748,34.17825319999997],[108.92320180000002,34.17443780000003],[108.92324610000004,34.17435600000001],[108.92770811450823,34.174221287033454],[108.93147370000001,34.17410759999998],[108.93148028506982,34.17726678721705]]]},"properties":{"osm_id":"972871577","code":7202,"fclass":"park","name":"清凉山森林公园","RASTERVALU":207.818,"Light_Rain":"0","Moderate":"0","Heavy":"0","Storm":"3.4227042604654"}},
{"type":"Feature","geometry":{"type":"Polygon","coordinates":[[[108.87100530000002,34.176726799999976],[108.87115589999996,34.176767400000045],[108.87128440000002,34.17683619999997],[108.87138999999998,34.1769257],[108.87146289999997,34.17699819999996],[108.87152790000002,34.17708099999997],[108.87157139999997,34.177204399999965],[108.87156980000002,34.17730319999997],[108.87156160000005,34.17740729999997],[108.8715234,34.177502699999955],[108.8714494,34.177602599999965],[108.87137644582077,34.1776604857653],[108.87136080000005,34.177672900000005],[108.87127219999999,34.17772599999996],[108.8711822,34.17776479999997],[108.87108600000005,34.17779799999997],[108.87095539999999,34.17781749999998],[108.86777249999997,34.17782279999997],[108.86763289999998,34.17781150000002],[108.86748589999998,34.17778829999996],[108.86733339999996,34.177738700000035],[108.86722488866965,34.17768515777818],[108.8671737,34.177659899999995],[108.86710259999997,34.17761459999998],[108.8670514,34.17754970000003],[108.86702019999998,34.17749419999996],[108.8669947,34.17743260000002],[108.8669817,34.17736229999998],[108.86697470000004,34.177284300000004],[108.86698110000005,34.17722250000004],[108.8669957,34.177142000000046],[108.86702099999997,34.17706909999996],[108.86706060000004,34.176999800000004],[108.86711109999996,34.17693910000004],[108.86718959999997,34.17687799999996],[108.86727160000001,34.17682720000002],[108.86738370000005,34.176777900000026],[108.86749459999999,34.17674199999999],[108.8676655,34.1767218],[108.87085949999995,34.17671189999999],[108.87100530000002,34.176726799999976]]]},"properties":{"osm_id":"246285608","code":7202,"fclass":"park","name":"文化广场","RASTERVALU":207.818,"Light_Rain":"0","Moderate":"0","Heavy":"0","Storm":"3.4227042604654"}},
{"type":"Feature","geometry":{"type":"Polygon","coordinates":[[[109.2971230006786,34.166046759099785],[109.29690720000004,34.16587209999998],[109.29752220000002,34.16525240000004],[109.29896519999996,34.16364019999996],[109.2998846,34.16234039999998],[109.30063359999998,34.16117149999998],[109.30140080000004,34.15981620000002],[109.30153470000002,34.15982619999996],[109.30196100000003,34.16016879999997],[109.30230189999999,34.160330099999996],[109.30130339999998,34.16257720000003],[109.30065790000003,34.163831699999996],[109.30050569999996,34.164018099999964],[109.30020176282657,34.164246596343766],[109.29960793901397,34.164693026007406],[109.29937319999996,34.16486949999998],[109.29814930000003,34.16547909999997],[109.29792399999997,34.165993000000036],[109.29733567904783,34.16607749077876],[109.29731220107546,34.16608086253044],[109.29718730000002,34.16609879999999],[109.29713810309987,34.16605898230179],[109.2971230006786,34.166046759099785]]]},"properties":{"osm_id":"1079647545","code":7202,"fclass":"park","name":"青羊湖风景区","RASTERVALU":5.18367,"Light_Rain":"2.42772884486127","Moderate":"12.9928759730824","Heavy":"32.4171377866554","Storm":"64.1419903570866"}},
{"type":"Feature","geometry":{"type":"Polygon","coordinates":[[[108.97160910000001,34.16308730000004],[108.97078409999996,34.16368840000004],[108.97021849999997,34.164199300000035],[108.9700438,34.164333300000024],[108.96993309999999,34.16441830000004],[108.96992270000001,34.16318609999996],[108.96999539999999,34.16307870000004],[108.97160910000001,34.16308730000004]]]},"properties":{"osm_id":"1052867654","code":7202,"fclass":"park","name":"","RASTERVALU":207.818,"Light_Rain":"0","Moderate":"0","Heavy":"0","Storm":"3.4227042604654"}},
{"type":"Feature","geometry":{"type":"Polygon","coordinates":[[[109.2971230006786,34.166046759099785],[109.29705669999997,34.16589869999996],[109.29716519999997,34.16566169999998],[109.29852800000002,34.16422360000001],[109.29870290000001,34.16416759999999],[109.29882620000001,34.16385939999998],[109.29955640000003,34.16301339999997],[109.2997912,34.16321839999997],[109.30029119999998,34.16334570000002],[109.30078819999999,34.163289199999966],[109.30076449999997,34.16358339999997],[109.30053999999996,34.16396960000004],[109.30020176282657,34.164246596343766],[109.29972590000001,34.164636299999955],[109.29960793901397,34.164693026007406],[109.29815360000003,34.16539239999999],[109.29799289999998,34.16569890000004],[109.29753650000005,34.16584250000002],[109.29733567904783,34.16607749077876],[109.2973308,34.16608320000004],[109.29731220107546,34.16608086253044],[109.29713810309987,34.16605898230179],[109.29712789999999,34.16605769999997],[109.2971230006786,34.166046759099785]]]},"properties":{"osm_id":"1260671297","code":7202,"fclass":"park","name":"","RASTERVALU":207.818,"Light_Rain":"0","Moderate":"0","Heavy":"0","Storm":"3.4227042604654"}},
{"type":"Feature","geometry":{"type":"Polygon","coordinates":[[[108.9862165,34.167872300000006],[108.98586069999996,34.167888099999985],[108.98580299999999,34.16778550000002],[108.98564299999998,34.16755089999997],[108.98548880000001,34.16739680000001],[108.98534859999995,34.167181100000015],[108.98523790000003,34.166957599999996],[108.98519620000005,34.16679460000001],[108.98518100000004,34.166375900000006],[108.98519549999999,34.165893399999966],[108.98622929999999,34.16588900000004],[108.9862165,34.167872300000006]]]},"properties":{"osm_id":"929212545","code":7202,"fclass":"park","name":"静园","RASTERVALU":84.6667,"Light_Rain":"0","Moderate":"1.32709433381689E-02","Heavy":"4.19738989471845","Storm":"20.4458115174304"}},
{"type":"Feature","geometry":{"type":"Polygon","coordinates":[[[108.98244380000004,34.16910309999997],[108.98240070000003,34.16914399999998],[108.98053090000005,34.16915909999999],[108.9803554,34.16912049999999],[108.9792907,34.16911150000004],[108.97921030000002,34.16904900000002],[108.97921030000002,34.16877540000004],[108.98244590000004,34.168750500000016],[108.98244380000004,34.16910309999997]]]},"properties":{"osm_id":"929212543","code":7202,"fclass":"park","name":"","RASTERVALU":207.818,"Light_Rain":"0","Moderate":"0","Heavy":"0","Storm":"3.4227042604654"}},
{"type":"Feature","geometry":{"type":"Polygon","coordinates":[[[108.97855059999998,34.168779199999996],[108.9785713,34.16900669999999],[108.97844160000001,34.169118399999995],[108.97687980000002,34.16917419999999],[108.97579529999999,34.16917419999999],[108.97570189999999,34.16910119999999],[108.9757278,34.168774899999995],[108.97855059999998,34.168779199999996]]]},"properties":{"osm_id":"1052867655","code":7202,"fclass":"park","name":"","RASTERVALU":84.6667,"Light_Rain":"0","Moderate":"1.32709433381689E-02","Heavy":"4.19738989471845","Storm":"20.4458115174304"}},
{"type":"Feature","geometry":{"type":"Polygon","coordinates":[[[108.98517150000005,34.16747010000004],[108.98553320000005,34.16792119999997],[108.98570639999998,34.168364699999984],[108.98569070000002,34.16874110000004],[108.9855541,34.169147900000034],[108.98514970000002,34.17008969999998],[108.98505852279513,34.17041553211469],[108.98488819999997,34.171024200000026],[108.98486730000002,34.171716500000024],[108.98468102734857,34.171717953351774],[108.98265000000005,34.171733800000034],[108.98264300000001,34.16814999999998],[108.98344249999998,34.168142900000014],[108.98344850000004,34.167183799999975],[108.98500580000001,34.16716490000001],[108.98517150000005,34.16747010000004]]]},"properties":{"osm_id":"929212546","code":7202,"fclass":"park","name":"世子公园","RASTERVALU":84.6667,"Light_Rain":"0","Moderate":"1.32709433381689E-02","Heavy":"4.19738989471845","Storm":"20.4458115174304"}},
{"type":"Feature","geometry":{"type":"Polygon","coordinates":[[[108.98482990000002,34.17376020000001],[108.9850271,34.1742667],[108.98495450000003,34.1744299],[108.9822489760461,34.174134526450025],[108.9819657,34.1741036],[108.97916369999999,34.174069300000006],[108.97917409999995,34.17370010000001],[108.981094,34.173708600000005],[108.98182039999998,34.17348540000001],[108.98411659486827,34.173695067502834],[108.98482990000002,34.17376020000001]]]},"properties":{"osm_id":"1052867646","code":7202,"fclass":"park","name":"","RASTERVALU":207.818,"Light_Rain":"0","Moderate":"0","Heavy":"0","Storm":"3.4227042604654"}},
{"type":"Feature","geometry":{"type":"Polygon","coordinates":[[[108.98666679999995,34.1741122],[108.98710269999997,34.1742496],[108.99131609999998,34.17461869999999],[108.9913679,34.17494499999999],[108.99114999999999,34.17504799999998],[108.98545260000003,34.1744213],[108.98531769999998,34.173837400000004],[108.98666679999995,34.1741122]]]},"properties":{"osm_id":"1052867647","code":7202,"fclass":"park","name":"","RASTERVALU":207.818,"Light_Rain":"0","Moderate":"0","Heavy":"0","Storm":"3.4227042604654"}},
{"type":"Feature","geometry":{"type":"Polygon","coordinates":[[[108.97373050000003,34.174211100000015],[108.97402250000003,34.17431960000002],[108.97451720000002,34.17434430000002],[108.97567359999996,34.174521799999965],[108.97842130000002,34.17453660000003],[108.9783337460537,34.17488224081867],[108.97821269999999,34.175360099999956],[108.97791646826423,34.17531839449682],[108.97681200000001,34.17516289999998],[108.975161,34.17505439999998],[108.97243700000004,34.17462040000004],[108.96996939999997,34.17425059999999],[108.96993959999999,34.17367860000001],[108.97002299999997,34.17362430000004],[108.97373050000003,34.174211100000015]]]},"properties":{"osm_id":"1052867657","code":7202,"fclass":"park","name":"","RASTERVALU":119.529,"Light_Rain":"0","Moderate":"0","Heavy":"1.48661668200985","Storm":"12.8283676013327"}},
{"type":"Feature","geometry":{"type":"Polygon","coordinates":[[[108.99676440000002,34.17525409999998],[108.99677479999998,34.17570909999997],[108.99194910000003,34.175142499999986],[108.9918349,34.17503089999999],[108.9918038,34.17475609999999],[108.99676440000002,34.17525409999998]]]},"properties":{"osm_id":"1052867648","code":7202,"fclass":"park","name":"","RASTERVALU":207.818,"Light_Rain":"0","Moderate":"0","Heavy":"0","Storm":"3.4227042604654"}},
{"type":"Feature","geometry":{"type":"Polygon","coordinates":[[[108.99115270000004,34.17554589999997],[108.99125499999998,34.175623900000026],[108.99130219999998,34.17660649999997],[108.99106990000003,34.1765811],[108.98844720000001,34.176294099999964],[108.9884708,34.17522699999996],[108.99115270000004,34.17554589999997]]]},"properties":{"osm_id":"1052867642","code":7202,"fclass":"park","name":"","RASTERVALU":119.529,"Light_Rain":"0","Moderate":"0","Heavy":"1.48661668200985","Storm":"12.8283676013327"}},
{"type":"Feature","geometry":{"type":"Polygon","coordinates":[[[108.99588740000002,34.1760143],[108.99597389999998,34.17610539999998],[108.99610760000003,34.177107500000034],[108.99187629999996,34.17668450000003],[108.99189990000005,34.17571500000001],[108.99198640000002,34.17560440000001],[108.99588740000002,34.1760143]]]},"properties":{"osm_id":"1052867643","code":7202,"fclass":"park","name":"","RASTERVALU":5.18367,"Light_Rain":"2.42772884486127","Moderate":"12.9928759730824","Heavy":"32.4171377866554","Storm":"64.1419903570866"}},
{"type":"Feature","geometry":{"type":"Polygon","coordinates":[[[108.98339780000002,34.17625859999996],[108.98478839999997,34.17674800000004],[108.9845601,34.17817320000001],[108.98223550000004,34.177520700000024],[108.98308650000001,34.177065700000036],[108.98311760000001,34.17673940000004],[108.98120619689543,34.176046164351334],[108.9802534,34.17570059999998],[108.97998340497296,34.17584673025907],[108.97830230000004,34.17675660000004],[108.97804289999998,34.17673080000004],[108.97874991496558,34.1751255580985],[108.97897689999998,34.1746102],[108.9810628,34.17457579999999],[108.98197034283235,34.174645320908844],[108.98498560000003,34.17487629999999],[108.98495450000003,34.175073799999986],[108.98192354560493,34.17473111026659],[108.9818412,34.17472179999999],[108.98131190000001,34.17503089999999],[108.9816511075433,34.17523054768246],[108.98339780000002,34.17625859999996]]]},"properties":{"osm_id":"1052867645","code":7202,"fclass":"park","name":"曲江大华社区公园","RASTERVALU":5.18367,"Light_Rain":"2.42772884486127","Moderate":"12.9928759730824","Heavy":"32.4171377866554","Storm":"64.1419903570866"}},
{"type":"Feature","geometry":{"type":"Polygon","coordinates":[[[108.98600950000002,34.179116299999976],[108.98701699999998,34.1792218],[108.98824299999998,34.1792368],[108.98823079999995,34.18250539999999],[108.98730830000001,34.18231460000001],[108.98661639999996,34.18211380000001],[108.98579099999996,34.181742199999995],[108.98460750000001,34.18115479999997],[108.9844862,34.180963999999996],[108.9846804,34.180010000000024],[108.9846622,34.17972389999998],[108.98480180000001,34.17882510000004],[108.98498990000003,34.17878999999998],[108.98600950000002,34.179116299999976]]]},"properties":{"osm_id":"1227505831","code":7202,"fclass":"park","name":"西安电竞主题公园","RASTERVALU":84.6667,"Light_Rain":"0","Moderate":"1.32709433381689E-02","Heavy":"4.19738989471845","Storm":"20.4458115174304"}},
{"type":"Feature","geometry":{"type":"Polygon","coordinates":[[[109.02225499999996,34.1873607],[109.02145190000003,34.18738050000004],[109.0193421,34.1862798],[109.01797099999997,34.18511709999999],[109.01724419999996,34.18460609999999],[109.01755310000003,34.18430549999999],[109.01626309999997,34.183583999999975],[109.01639030000001,34.18250179999996],[109.01700799999996,34.182802399999964],[109.01726240000005,34.18254689999996],[109.01853420000003,34.18313309999997],[109.01889457390408,34.17855712492271],[109.01889759999999,34.1785187],[109.01898080000004,34.178520699999986],[109.0202380975239,34.17855166421651],[109.0250025,34.178669],[109.02502059999999,34.18299779999997],[109.02509600000002,34.18345370000003],[109.02502410000001,34.18375120000004],[109.02543159999998,34.185189099999995],[109.02498809999997,34.18555599999998],[109.02444870000001,34.18584349999996],[109.02296230000005,34.185704700000024],[109.02225499999996,34.1873607]]]},"properties":{"osm_id":"245403698","code":7202,"fclass":"park","name":"汉宣帝杜陵（上林苑）","RASTERVALU":207.818,"Light_Rain":"0","Moderate":"0","Heavy":"0","Storm":"3.4227042604654"}},
{"type":"Feature","geometry":{"type":"Polygon","coordinates":[[[108.98477410000002,34.18185879999996],[108.98590719999999,34.18239930000001],[108.98704890000005,34.182797800000024],[108.98802039999995,34.182933599999984],[108.98816290000002,34.183061399999985],[108.98800329999996,34.18352240000003],[108.98751040000003,34.18394120000004],[108.9868669,34.18419010000003],[108.98650350000004,34.1844785],[108.98616889999997,34.185196700000006],[108.98598529999997,34.185377500000044],[108.98264000000002,34.18535570000002],[108.98247040000003,34.185177999999965],[108.98276809999996,34.18400310000001],[108.98379930000002,34.182542999999995],[108.98424590000002,34.18168849999999],[108.98477410000002,34.18185879999996]]]},"properties":{"osm_id":"667027250","code":7202,"fclass":"park","name":"曲江文化运动公园","RASTERVALU":84.6667,"Light_Rain":"0","Moderate":"1.32709433381689E-02","Heavy":"4.19738989471845","Storm":"20.4458115174304"}},
{"type":"Feature","geometry":{"type":"Polygon","coordinates":[[[108.98266509999996,34.189791],[108.98478700000003,34.19049110000002],[108.98706390000004,34.19134900000003],[108.98878049999996,34.19210829999997],[108.98935269999997,34.1928675],[108.98557380000003,34.191220799999996],[108.98210479999997,34.190086800000046],[108.97752710000002,34.18892329999997],[108.97767020000005,34.18849929999997],[108.98266509999996,34.189791]]]},"properties":{"osm_id":"1052867641","code":7202,"fclass":"park","name":"","RASTERVALU":207.818,"Light_Rain":"0","Moderate":"0","Heavy":"0","Storm":"3.4227042604654"}},
{"type":"Feature","geometry":{"type":"Polygon","coordinates":[[[109.01143230000004,34.19101549999997],[109.01007799999998,34.19224300000002],[109.00964219999999,34.1925906],[109.00931530000003,34.19262500000001],[109.00918550000003,34.191487600000045],[109.00996910000003,34.19138889999996],[109.01074740000003,34.19119139999996],[109.01133890000004,34.190981099999966],[109.01143230000004,34.19101549999997]]]},"properties":{"osm_id":"1052867639","code":7202,"fclass":"park","name":"","RASTERVALU":119.529,"Light_Rain":"0","Moderate":"0","Heavy":"1.48661668200985","Storm":"12.8283676013327"}},
{"type":"Feature","geometry":{"type":"Polygon","coordinates":[[[108.97950479999996,34.19536660000001],[108.97914079999995,34.195291299999994],[108.97872989999998,34.19519779999998],[108.97871059999997,34.1930833],[108.98086159999995,34.1930833],[108.98086709999997,34.19504500000004],[108.97988809999997,34.195056400000006],[108.97976130000005,34.195019900000005],[108.97971720000004,34.19517719999997],[108.97956270000005,34.19514990000002],[108.97950479999996,34.19536660000001]]]},"properties":{"osm_id":"289493193","code":7202,"fclass":"park","name":"秦二世陵遗址公园","RASTERVALU":5.18367,"Light_Rain":"2.42772884486127","Moderate":"12.9928759730824","Heavy":"32.4171377866554","Storm":"64.1419903570866"}},
{"type":"Feature","geometry":{"type":"Polygon","coordinates":[[[108.7715539,34.18287769999998],[108.77134319999998,34.18295320000001],[108.77055089999996,34.183016800000026],[108.77039629999996,34.18228939999997],[108.76899960000004,34.18243659999998],[108.76877720000003,34.18195820000001],[108.76717589999996,34.18214219999996],[108.76711399999999,34.18193990000001],[108.76700879999999,34.181524199999984],[108.76596810000004,34.18156860000002],[108.76624700000002,34.179527200000045],[108.76633070000001,34.1792057],[108.76809220000001,34.17916889999997],[108.76810110000004,34.17883770000002],[108.76964010000002,34.178815599999965],[108.7696668,34.17958109999997],[108.76986260000004,34.179573699999985],[108.76983590000005,34.17991220000001],[108.77488899999999,34.17961779999999],[108.7715539,34.18287769999998]]]},"properties":{"osm_id":"1015605768","code":7202,"fclass":"park","name":"","RASTERVALU":84.6667,"Light_Rain":"0","Moderate":"1.32709433381689E-02","Heavy":"4.19738989471845","Storm":"20.4458115174304"}},
{"type":"Feature","geometry":{"type":"Polygon","coordinates":[[[108.87973450000001,34.18143839999999],[108.87977770000003,34.18163850000003],[108.87995800000003,34.181944600000044],[108.88006640000003,34.182022900000035],[108.8811222,34.18382239999998],[108.88106040000004,34.183931500000035],[108.88068849999999,34.18393499999997],[108.8805501,34.18385559999997],[108.87903079999997,34.18124059999997],[108.87843289999996,34.18122950000003],[108.87837809999996,34.18115929999999],[108.87836879999999,34.180149300000004],[108.8786415,34.18062720000002],[108.87864889999999,34.18110370000001],[108.87934199999997,34.181103900000025],[108.87950500000004,34.181061100000036],[108.87973450000001,34.18143839999999]]]},"properties":{"osm_id":"271701486","code":7202,"fclass":"park","name":"","RASTERVALU":207.818,"Light_Rain":"0","Moderate":"0","Heavy":"0","Storm":"3.4227042604654"}},
{"type":"Feature","geometry":{"type":"Polygon","coordinates":[[[108.89219549999996,34.188739699999964],[108.89190059999999,34.188771400000014],[108.89154949999998,34.18884599999997],[108.8912771,34.188940100000025],[108.89091670000002,34.18910139999996],[108.89061310000004,34.18925360000003],[108.89031330000002,34.18940050000002],[108.8894673,34.18985529999999],[108.88893669999997,34.19010480000003],[108.88875759999999,34.19017880000002],[108.88849500000002,34.190258],[108.88785190000002,34.19041109999997],[108.88720739999998,34.19051209999998],[108.88695370000003,34.19054849999997],[108.88663790000003,34.1905746],[108.88561370000001,34.19061350000002],[108.88546,34.19055440000001],[108.88525139999996,34.190203799999956],[108.88520580000001,34.19003109999997],[108.88498619999996,34.189682700000006],[108.88677699999998,34.189512100000016],[108.88664890000004,34.188670899999956],[108.88783590000003,34.18863799999999],[108.88781149999996,34.18723579999997],[108.8880459,34.18702019999998],[108.88885660000001,34.18694699999996],[108.88894610000004,34.1868562],[108.89152799999998,34.186605],[108.89193489999998,34.18661429999997],[108.8936387,34.18649030000001],[108.89362569999999,34.18610339999997],[108.89362549999997,34.186077400000045],[108.89362029999998,34.18546259999998],[108.89408079999998,34.18538890000001],[108.89410309999997,34.18139759999999],[108.89375739999996,34.1814729],[108.8936699,34.180723900000025],[108.89370760000001,34.18028690000002],[108.89360030000002,34.180109399999985],[108.89359669999999,34.178585899999966],[108.89359139999999,34.176343599999974],[108.89573269999997,34.17627929999998],[108.89612369999999,34.176423900000046],[108.89671100000001,34.176452700000034],[108.89697640000003,34.17638270000001],[108.89947420000001,34.17635910000001],[108.89950540000002,34.17725230000002],[108.89961839999995,34.17878300000002],[108.89977099999997,34.18085089999997],[108.89964390000003,34.18102619999999],[108.89890139999996,34.180953600000024],[108.89854299999998,34.18207010000003],[108.89855730000001,34.18218150000001],[108.89865200000003,34.18248130000004],[108.8986443,34.18289719999999],[108.89878579999998,34.183524999999975],[108.89879720000005,34.1837937],[108.89877030000004,34.1840867],[108.89865779999997,34.184476800000034],[108.89850669999998,34.18489000000003],[108.89825639999998,34.18530330000003],[108.89811960000003,34.18585329999998],[108.89767180000001,34.18646920000004],[108.89837039999999,34.18647819999999],[108.89838990000001,34.186995299999964],[108.89835130000002,34.18888110000003],[108.89741809999998,34.18885699999999],[108.89620599999996,34.1885136],[108.8960358,34.18836429999999],[108.89580459999998,34.18847999999997],[108.89584070000002,34.1885673],[108.8955891,34.189145200000034],[108.89512470000003,34.1890052],[108.89492270000001,34.18946200000004],[108.89363199999998,34.18888479999998],[108.89299590000002,34.188725300000016],[108.89267090000004,34.18871990000002],[108.89219549999996,34.188739699999964]]]},"properties":{"osm_id":"781583887","code":7202,"fclass":"park","name":"雁南公园","RASTERVALU":207.818,"Light_Rain":"0","Moderate":"0","Heavy":"0","Storm":"3.4227042604654"}},
{"type":"Feature","geometry":{"type":"Polygon","coordinates":[[[108.7375707,34.161281300000006],[108.7363136,34.16409080000003],[108.73625990000001,34.16492529999998],[108.73654959999999,34.165990600000015],[108.73779420000002,34.168556],[108.73819110000001,34.168982099999994],[108.738513,34.16916849999996],[108.73944640000005,34.17004730000002],[108.73987550000002,34.170837400000025],[108.73996140000003,34.17152970000002],[108.74001500000001,34.17295000000003],[108.73983260000003,34.17452109999999],[108.74003650000002,34.17579040000003],[108.74069089999999,34.17709519999999],[108.74150630000004,34.17856860000004],[108.74203200000001,34.18018400000003],[108.74263870000003,34.181594200000006],[108.7433318,34.183752699999985],[108.7431976,34.1854521],[108.74261119999997,34.18801849999998],[108.7418912,34.18971380000001],[108.74115229999997,34.19099389999996],[108.74056600000004,34.19215070000002],[108.74048960000003,34.19301879999999],[108.74075529999999,34.194046700000044],[108.74146340000004,34.1957949],[108.74156439999996,34.19731740000003],[108.74160290000003,34.19958399999999],[108.74111530000002,34.201345599999996],[108.74041470000004,34.20227110000001],[108.73900649999997,34.20379890000003],[108.7366399,34.205568900000024],[108.73607790000004,34.20644009999999],[108.73580930000003,34.206940000000046],[108.73563760000003,34.20796920000003],[108.73581929999996,34.20891229999999],[108.73658719999999,34.21050079999997],[108.73774800000002,34.212374700000034],[108.7382018,34.21398470000002],[108.738234,34.215785800000006],[108.7382018,34.2166552],[108.73774050000003,34.21748029999996],[108.73656520000004,34.21865059999998],[108.7362545,34.218664299999965],[108.73625509999997,34.21965509999996],[108.7362556,34.22064670000003],[108.73611430000004,34.22090110000003],[108.73306020000003,34.219636300000005],[108.73121830000004,34.21889470000002],[108.73119929999997,34.218727400000034],[108.73189389999997,34.218689399999995],[108.73234750000003,34.21852059999998],[108.73263300000002,34.21832470000002],[108.73388160000005,34.216409399999996],[108.73402869999995,34.21565270000001],[108.73416419999998,34.214719000000024],[108.73404430000001,34.21364839999999],[108.73386259999998,34.21297519999998],[108.73252629999999,34.21188200000003],[108.73139169999999,34.21080740000003],[108.73079889999997,34.209619499999974],[108.73055219999999,34.20874110000003],[108.73059379999997,34.20764940000004],[108.73094540000001,34.20523960000004],[108.73154199999999,34.204276999999976],[108.73278469999997,34.20344169999996],[108.73428439999998,34.202768],[108.73490770000004,34.20235490000002],[108.73600070000005,34.201383199999995],[108.73709679999997,34.19950419999996],[108.73771929999997,34.19807329999996],[108.73768470000003,34.19669370000003],[108.73660079999996,34.193179499999964],[108.73663810000004,34.19195609999999],[108.73701089999997,34.19073649999998],[108.73807890000005,34.1877633],[108.73828639999999,34.18699889999999],[108.7384915,34.18479919999998],[108.73842200000001,34.18351060000003],[108.737621,34.1797983],[108.73666910000001,34.17805850000003],[108.73615260000001,34.17765439999999],[108.73565910000003,34.177494599999996],[108.73490809999997,34.17666029999998],[108.73432869999999,34.175666099999965],[108.73398540000001,34.17564840000001],[108.73342750000003,34.17401519999997],[108.73332019999995,34.17268370000002],[108.73364210000003,34.17261270000001],[108.73352410000004,34.170668700000014],[108.73395320000002,34.16997630000001],[108.73392100000001,34.1696745],[108.73357770000003,34.169647900000015],[108.73349190000003,34.16857379999996],[108.73311639999997,34.168538300000044],[108.7331458,34.16819140000003],[108.73315929999997,34.168032300000014],[108.73345970000004,34.16802339999999],[108.73319149999996,34.16776600000001],[108.73116369999995,34.16665630000003],[108.73122809999995,34.16606160000003],[108.73085259999998,34.16577749999997],[108.73105639999996,34.164419300000034],[108.73201130000001,34.16172050000002],[108.73269799999998,34.1597408],[108.73327729999995,34.15910159999996],[108.73339530000004,34.15891509999998],[108.73367430000003,34.15894179999997],[108.73384590000002,34.158417999999976],[108.7343824,34.15742360000003],[108.73485439999997,34.15655359999999],[108.73704309999997,34.15470689999996],[108.73760640000003,34.15472019999999],[108.73806240000002,34.15432509999999],[108.73823940000001,34.15411200000003],[108.73862559999999,34.15421410000004],[108.74043900000001,34.15249220000003],[108.74150280000002,34.15127189999996],[108.74510130000004,34.15262630000003],[108.74482239999996,34.15293660000003],[108.74440250000004,34.153403699999956],[108.74344150000002,34.155277199999986],[108.74308349999997,34.1562489],[108.74179060000003,34.15627390000003],[108.74059439999999,34.15739699999996],[108.7375707,34.161281300000006]]]},"properties":{"osm_id":"13527213","code":7202,"fclass":"park","name":"","RASTERVALU":84.6667,"Light_Rain":"0","Moderate":"1.32709433381689E-02","Heavy":"4.19738989471845","Storm":"20.4458115174304"}},
{"type":"Feature","geometry":{"type":"Polygon","coordinates":[[[108.88129379999998,34.184280599999965],[108.88145369999998,34.18438850000001],[108.8816085,34.184649600000036],[108.88162329999997,34.18476030000004],[108.88179860000001,34.18505039999998],[108.88192479999996,34.18515889999998],[108.88432609999997,34.189233000000016],[108.88437029999999,34.18941770000002],[108.88452860000002,34.18968659999997],[108.88467580000004,34.189822899999974],[108.88508140000002,34.19054590000002],[108.88503730000001,34.190628099999984],[108.88465000000004,34.190632399999984],[108.88413079999997,34.190085300000014],[108.88410719999997,34.190039999999996],[108.88083390000003,34.18438699999998],[108.88086349999999,34.18427219999998],[108.88129379999998,34.184280599999965]]]},"properties":{"osm_id":"271701487","code":7202,"fclass":"park","name":"","RASTERVALU":207.818,"Light_Rain":"0","Moderate":"0","Heavy":"0","Storm":"3.4227042604654"}},
{"type":"Feature","geometry":{"type":"Polygon","coordinates":[[[108.93055400000003,34.18849069999997],[108.92985720000001,34.18854449999998],[108.92408670000005,34.18890069999996],[108.92403590000002,34.18848129999999],[108.93059590000003,34.18804250000001],[108.93055400000003,34.18849069999997]]]},"properties":{"osm_id":"271765231","code":7202,"fclass":"park","name":"","RASTERVALU":44.8235,"Light_Rain":"0","Moderate":"1.51575301399969","Heavy":"11.4143285995513","Storm":"35.191290310021"}},
{"type":"Feature","geometry":{"type":"Polygon","coordinates":[[[108.92348230000005,34.188855899999986],[108.9233711,34.188947800000044],[108.91682240000003,34.18982939999998],[108.91610569999997,34.18988219999999],[108.91539429999999,34.18997370000002],[108.91521049999997,34.18982709999997],[108.91518310000002,34.18953639999998],[108.9222516,34.18854669999998],[108.92239150000003,34.18862589999996],[108.9234861,34.18848480000001],[108.92348230000005,34.188855899999986]]]},"properties":{"osm_id":"1016017655","code":7202,"fclass":"park","name":"","RASTERVALU":207.818,"Light_Rain":"0","Moderate":"0","Heavy":"0","Storm":"3.4227042604654"}},
{"type":"Feature","geometry":{"type":"Polygon","coordinates":[[[108.92838389999997,34.18957240000003],[108.92413209999998,34.18982250000003],[108.92415110000005,34.18952490000001],[108.92441720000004,34.18950419999998],[108.9284893,34.18922230000002],[108.93065729999996,34.18919049999996],[108.93195839999997,34.189219200000025],[108.93257449999996,34.189308899999986],[108.93403620000002,34.18950340000001],[108.93415130000004,34.18969370000003],[108.93088140000003,34.18949510000003],[108.92838389999997,34.18957240000003]]]},"properties":{"osm_id":"271765232","code":7202,"fclass":"park","name":"","RASTERVALU":5.18367,"Light_Rain":"2.42772884486127","Moderate":"12.9928759730824","Heavy":"32.4171377866554","Storm":"64.1419903570866"}},
{"type":"Feature","geometry":{"type":"Polygon","coordinates":[[[108.91470970000002,34.18990219999996],[108.91465830000003,34.19004419999999],[108.91242159999997,34.19024540000002],[108.91070199999997,34.19034320000004],[108.90977249999999,34.19041410000004],[108.90972060000004,34.19029280000004],[108.91032060000003,34.190128500000036],[108.91045819999997,34.18989960000001],[108.91318369999996,34.1897309],[108.9147009,34.18956610000004],[108.91470970000002,34.18990219999996]]]},"properties":{"osm_id":"271765228","code":7202,"fclass":"park","name":"","RASTERVALU":207.818,"Light_Rain":"0","Moderate":"0","Heavy":"0","Storm":"3.4227042604654"}},
{"type":"Feature","geometry":{"type":"Polygon","coordinates":[[[108.87891130000003,34.18990789999999],[108.88225979999997,34.190145800000046],[108.88203449999999,34.19047339999997],[108.8787113,34.19014330000002],[108.87872250000004,34.189825900000045],[108.87891130000003,34.18990789999999]]]},"properties":{"osm_id":"271701489","code":7202,"fclass":"park","name":"","RASTERVALU":207.818,"Light_Rain":"0","Moderate":"0","Heavy":"0","Storm":"3.4227042604654"}},
{"type":"Feature","geometry":{"type":"Polygon","coordinates":[[[108.90960689999996,34.19043640000002],[108.90708740000004,34.190517699999994],[108.90697780000004,34.1903804],[108.90695840000002,34.19005899999997],[108.90943280000003,34.18996840000002],[108.90960689999996,34.19043640000002]]]},"properties":{"osm_id":"1016006295","code":7202,"fclass":"park","name":"","RASTERVALU":207.818,"Light_Rain":"0","Moderate":"0","Heavy":"0","Storm":"3.4227042604654"}},
{"type":"Feature","geometry":{"type":"Polygon","coordinates":[[[108.90231880000002,34.190056799999965],[108.90351910000003,34.190073900000044],[108.90352430000002,34.19055460000003],[108.90151270000001,34.190521500000045],[108.90042999999996,34.19046699999998],[108.90039120000004,34.190328299999955],[108.90038650000001,34.189985900000046],[108.90231880000002,34.190056799999965]]]},"properties":{"osm_id":"271765224","code":7202,"fclass":"park","name":"","RASTERVALU":207.818,"Light_Rain":"0","Moderate":"0","Heavy":"0","Storm":"3.4227042604654"}},
{"type":"Feature","geometry":{"type":"Polygon","coordinates":[[[108.90663340000005,34.19038419999996],[108.90653340000003,34.19054559999999],[108.90384029999996,34.1905596],[108.90371069999998,34.19043450000004],[108.90370270000003,34.1900755],[108.90664630000005,34.19006559999998],[108.90663340000005,34.19038419999996]]]},"properties":{"osm_id":"1016006296","code":7202,"fclass":"park","name":"","RASTERVALU":207.818,"Light_Rain":"0","Moderate":"0","Heavy":"0","Storm":"3.4227042604654"}},
{"type":"Feature","geometry":{"type":"Polygon","coordinates":[[[108.88407690000004,34.190198599999974],[108.88442259999995,34.190607000000014],[108.88296749999999,34.190667999999995],[108.88277340000002,34.19048890000001],[108.88276669999999,34.19032280000003],[108.88280360000003,34.190276899999965],[108.88398609999999,34.19016129999999],[108.88407690000004,34.190198599999974]]]},"properties":{"osm_id":"271701488","code":7202,"fclass":"park","name":"","RASTERVALU":207.818,"Light_Rain":"0","Moderate":"0","Heavy":"0","Storm":"3.4227042604654"}},
{"type":"Feature","geometry":{"type":"Polygon","coordinates":[[[108.8998509,34.19130180000003],[108.8998444,34.191442],[108.8967936,34.1913368],[108.89621210000003,34.19128240000003],[108.89521820000003,34.19132110000003],[108.89522660000002,34.19109379999997],[108.8954239,34.19108439999999],[108.8959058,34.19108439999999],[108.89855010000002,34.19109279999997],[108.89902050000005,34.19113850000002],[108.89977390000003,34.191167999999976],[108.8998509,34.19130180000003]]]},"properties":{"osm_id":"271759457","code":7202,"fclass":"park","name":"","RASTERVALU":207.818,"Light_Rain":"0","Moderate":"0","Heavy":"0","Storm":"3.4227042604654"}},
{"type":"Feature","geometry":{"type":"Polygon","coordinates":[[[108.91057429999998,34.19136090000004],[108.90862389999998,34.19146480000002],[108.90647579999997,34.191533199999995],[108.90346039999997,34.19152820000003],[108.90345949999998,34.191318000000045],[108.90354940000005,34.191226300000004],[108.90613209999995,34.191248699999996],[108.90755120000004,34.19121150000002],[108.91046679999997,34.19109040000004],[108.91056400000001,34.191151300000016],[108.91057429999998,34.19136090000004]]]},"properties":{"osm_id":"271765227","code":7202,"fclass":"park","name":"","RASTERVALU":207.818,"Light_Rain":"0","Moderate":"0","Heavy":"0","Storm":"3.4227042604654"}},
{"type":"Feature","geometry":{"type":"Polygon","coordinates":[[[108.90315569999999,34.19122489999998],[108.90323470000003,34.1913067],[108.9032331,34.19146470000001],[108.90034160000002,34.19142170000001],[108.90035159999996,34.19118529999999],[108.90109430000004,34.191195999999984],[108.90152570000002,34.191180600000045],[108.90315569999999,34.19122489999998]]]},"properties":{"osm_id":"271765225","code":7202,"fclass":"park","name":"","RASTERVALU":207.818,"Light_Rain":"0","Moderate":"0","Heavy":"0","Storm":"3.4227042604654"}},
{"type":"Feature","geometry":{"type":"Polygon","coordinates":[[[108.88591269999996,34.19193219999997],[108.88626169999998,34.192533900000015],[108.88712200000002,34.19404450000004],[108.88714519999998,34.19417440000004],[108.8872839,34.19438670000002],[108.8873602,34.194452100000014],[108.88770610000003,34.195070199999996],[108.8873869,34.19516280000002],[108.88700239999999,34.19519620000003],[108.8860665,34.1933785],[108.88527600000005,34.191966499999964],[108.88531269999997,34.191923300000035],[108.88575450000002,34.191870400000006],[108.88591269999996,34.19193219999997]]]},"properties":{"osm_id":"271757262","code":7202,"fclass":"park","name":"","RASTERVALU":5.18367,"Light_Rain":"2.42772884486127","Moderate":"12.9928759730824","Heavy":"32.4171377866554","Storm":"64.1419903570866"}},
{"type":"Feature","geometry":{"type":"Polygon","coordinates":[[[108.87815570000004,34.193241500000035],[108.87833690000002,34.19329009999997],[108.87847460000005,34.19339769999999],[108.87847980000004,34.19372699999997],[108.87846700000004,34.19377969999998],[108.8783496,34.1938937],[108.87815819999997,34.193904299999986],[108.87699210000004,34.19390849999998],[108.87685169999997,34.193826200000004],[108.87680579999999,34.19372479999996],[108.87683129999996,34.19333859999998],[108.87694609999997,34.19325840000001],[108.87713240000001,34.19322249999997],[108.87815570000004,34.193241500000035]]]},"properties":{"osm_id":"1221942319","code":7202,"fclass":"park","name":"","RASTERVALU":44.8235,"Light_Rain":"0","Moderate":"1.51575301399969","Heavy":"11.4143285995513","Storm":"35.191290310021"}},
{"type":"Feature","geometry":{"type":"Polygon","coordinates":[[[108.94194719999999,34.193263599999995],[108.94199449999999,34.19330380000004],[108.9423155,34.19443859999996],[108.94253629999997,34.195302799999965],[108.94262480000002,34.195733199999964],[108.9427375,34.19617930000001],[108.9429853,34.197044900000044],[108.94314269999997,34.19779050000001],[108.94291470000002,34.19872010000001],[108.94266309999999,34.19950720000003],[108.94247370000004,34.20010659999998],[108.94231170000005,34.20061879999999],[108.94198750000004,34.201622000000036],[108.94186710000002,34.20162109999996],[108.9416359,34.2008573],[108.94142800000002,34.20022019999996],[108.94124919999997,34.19968909999998],[108.94116060000002,34.199454400000015],[108.94091380000002,34.19862250000001],[108.9407934,34.19762459999996],[108.94089560000002,34.19677579999998],[108.94105010000001,34.19621729999996],[108.94112999999997,34.19581689999996],[108.94127910000005,34.19531889999997],[108.94149020000002,34.19432169999997],[108.94176620000003,34.19329359999999],[108.94187700000005,34.19323639999997],[108.94194719999999,34.193263599999995]]]},"properties":{"osm_id":"28485133","code":7202,"fclass":"park","name":"","RASTERVALU":5.18367,"Light_Rain":"2.42772884486127","Moderate":"12.9928759730824","Heavy":"32.4171377866554","Storm":"64.1419903570866"}},
{"type":"Feature","geometry":{"type":"Polygon","coordinates":[[[108.87377109999998,34.196842499999995],[108.87405639999997,34.196932900000014],[108.87534000000004,34.19694790000001],[108.8753127,34.19816269999998],[108.87525390000002,34.19816039999997],[108.87422519999998,34.1981253],[108.87318870000003,34.19794830000001],[108.87331589999998,34.19751519999997],[108.87326739999996,34.197259100000004],[108.87342820000003,34.196797299999986],[108.87377109999998,34.196842499999995]]]},"properties":{"osm_id":"1221942325","code":7202,"fclass":"park","name":"","RASTERVALU":207.818,"Light_Rain":"0","Moderate":"0","Heavy":"0","Storm":"3.4227042604654"}},
{"type":"Feature","geometry":{"type":"Polygon","coordinates":[[[108.88782290000002,34.19556970000002],[108.88747049999999,34.19618329999999],[108.88739399999996,34.196434700000005],[108.88739959999998,34.19666690000003],[108.88743829999999,34.19685870000001],[108.88754649999997,34.19707900000002],[108.88770500000003,34.197298800000006],[108.88786810000002,34.19745490000004],[108.88803250000004,34.19757080000004],[108.88902149999997,34.197913799999995],[108.8892612,34.19804280000001],[108.88943300000001,34.19817630000004],[108.8896617,34.19851220000004],[108.89004830000002,34.1991483],[108.89009509999998,34.19934019999998],[108.8900782,34.19947239999999],[108.89001659999998,34.199584200000004],[108.88988930000001,34.19971630000001],[108.88971729999999,34.19979280000003],[108.88923480000004,34.19978879999997],[108.88598599999999,34.1997827],[108.88602390000003,34.19793660000002],[108.88603099999999,34.197460799999995],[108.88602129999998,34.19721799999998],[108.88597770000001,34.19689860000002],[108.88588579999997,34.1965301],[108.88569039999996,34.1960879],[108.88560999999997,34.19589419999996],[108.88565460000002,34.195797],[108.88571920000004,34.19571140000002],[108.88690970000003,34.195706299999955],[108.88773009999997,34.195511900000035],[108.88782290000002,34.19556970000002]]]},"properties":{"osm_id":"245405520","code":7202,"fclass":"park","name":"永阳公园","RASTERVALU":207.818,"Light_Rain":"0","Moderate":"0","Heavy":"0","Storm":"3.4227042604654"}},
{"type":"Feature","geometry":{"type":"Polygon","coordinates":[[[108.82034219999998,34.20043550000001],[108.81996390000005,34.2002969],[108.81990299999998,34.20020470000001],[108.81990399999997,34.20004510000004],[108.81997650000002,34.19985590000002],[108.82056160000002,34.19988080000003],[108.8208478,34.19877669999998],[108.8208147,34.19758179999997],[108.8213558,34.19631079999997],[108.82072040000001,34.196147799999984],[108.82048570000005,34.19616819999998],[108.82058640000004,34.19592459999999],[108.8208705,34.195773700000025],[108.82124169999999,34.195648699999985],[108.82167060000003,34.19558109999999],[108.8220781,34.19559369999997],[108.82243949999997,34.19564209999997],[108.8228145,34.195770699999954],[108.82348619999998,34.196135799999965],[108.82423180000004,34.19708740000001],[108.8247122,34.19806870000002],[108.82034219999998,34.20043550000001]]]},"properties":{"osm_id":"1006868840","code":7202,"fclass":"park","name":"鹤鸣湖公园","RASTERVALU":207.818,"Light_Rain":"0","Moderate":"0","Heavy":"0","Storm":"3.4227042604654"}},
{"type":"Feature","geometry":{"type":"Polygon","coordinates":[[[108.87828210000002,34.19984169999999],[108.87661329999996,34.19983330000001],[108.87641929999998,34.19978689999999],[108.87567930000004,34.1997784],[108.87559770000004,34.19966869999998],[108.87561800000003,34.198455200000026],[108.8775294,34.198465800000015],[108.87753759999997,34.19737359999998],[108.87855690000002,34.19737310000002],[108.87858409999996,34.19900930000004],[108.87836849999997,34.19900839999997],[108.87837699999996,34.199412999999964],[108.87868130000001,34.199527400000015],[108.87978910000001,34.19952899999997],[108.8797621,34.19966869999998],[108.87956309999996,34.19978689999999],[108.87865980000001,34.1997827],[108.87828210000002,34.19984169999999]]]},"properties":{"osm_id":"1221942312","code":7202,"fclass":"park","name":"","RASTERVALU":84.6667,"Light_Rain":"0","Moderate":"1.32709433381689E-02","Heavy":"4.19738989471845","Storm":"20.4458115174304"}},
{"type":"Feature","geometry":{"type":"Polygon","coordinates":[[[108.89716779999996,34.199719600000016],[108.8971501,34.199765099999965],[108.89711949999996,34.199804099999994],[108.89706340000004,34.199831600000046],[108.89702,34.199848400000015],[108.89509450000001,34.199833600000034],[108.89497460000004,34.199708100000045],[108.89495170000001,34.19956850000004],[108.89716059999999,34.19956229999997],[108.89716779999996,34.199719600000016]]]},"properties":{"osm_id":"1082599733","code":7202,"fclass":"park","name":"","RASTERVALU":119.529,"Light_Rain":"0","Moderate":"0","Heavy":"1.48661668200985","Storm":"12.8283676013327"}},
{"type":"Feature","geometry":{"type":"Polygon","coordinates":[[[108.8945318,34.19973370000003],[108.8944535,34.19982510000004],[108.89278120000002,34.199842399999966],[108.892665,34.19977850000001],[108.89263550000004,34.199616900000045],[108.89450850000003,34.19960400000004],[108.8945318,34.19973370000003]]]},"properties":{"osm_id":"1082599749","code":7202,"fclass":"park","name":"","RASTERVALU":5.18367,"Light_Rain":"2.42772884486127","Moderate":"12.9928759730824","Heavy":"32.4171377866554","Storm":"64.1419903570866"}},
{"type":"Feature","geometry":{"type":"Polygon","coordinates":[[[108.89833450000005,34.19985329999998],[108.89752270000002,34.19985830000004],[108.8973862,34.19974789999996],[108.8973873,34.199592199999955],[108.89834060000001,34.199588500000004],[108.89833450000005,34.19985329999998]]]},"properties":{"osm_id":"1082599734","code":7202,"fclass":"park","name":"","RASTERVALU":207.818,"Light_Rain":"0","Moderate":"0","Heavy":"0","Storm":"3.4227042604654"}},
{"type":"Feature","geometry":{"type":"Polygon","coordinates":[[[108.89681740000002,34.20043660000001],[108.89488980000004,34.200428599999974],[108.89488620000002,34.20028090000001],[108.89682100000005,34.200275500000004],[108.89681740000002,34.20043660000001]]]},"properties":{"osm_id":"1082599748","code":7202,"fclass":"park","name":"","RASTERVALU":207.818,"Light_Rain":"0","Moderate":"0","Heavy":"0","Storm":"3.4227042604654"}},
{"type":"Feature","geometry":{"type":"Polygon","coordinates":[[[108.89209819999999,34.200256200000005],[108.89201480000001,34.20031540000002],[108.89191520000004,34.200422000000046],[108.89184120000004,34.20051170000001],[108.89181830000001,34.200597199999976],[108.89181830000001,34.200674200000044],[108.89181569999998,34.200696300000004],[108.89180169999997,34.200705799999994],[108.89177870000002,34.20069320000002],[108.89147590000002,34.2003077],[108.89147590000002,34.20027929999996],[108.89148560000002,34.200262399999986],[108.89150170000002,34.200246500000006],[108.89209819999999,34.200256200000005]]]},"properties":{"osm_id":"1082599750","code":7202,"fclass":"park","name":"","RASTERVALU":5.18367,"Light_Rain":"2.42772884486127","Moderate":"12.9928759730824","Heavy":"32.4171377866554","Storm":"64.1419903570866"}},
{"type":"Feature","geometry":{"type":"Polygon","coordinates":[[[108.886818,34.20122150000003],[108.8867053,34.20130129999997],[108.886482,34.2013167],[108.88628729999996,34.20126340000003],[108.88615319999997,34.20112209999998],[108.88588809999997,34.20112690000002],[108.88591169999998,34.200506400000016],[108.88609070000004,34.20039050000002],[108.88747019999997,34.200378800000024],[108.88746709999997,34.2009109],[108.88698959999999,34.200915300000005],[108.88690919999999,34.20109280000004],[108.886818,34.20122150000003]]]},"properties":{"osm_id":"387318833","code":7202,"fclass":"park","name":"","RASTERVALU":5.18367,"Light_Rain":"2.42772884486127","Moderate":"12.9928759730824","Heavy":"32.4171377866554","Storm":"64.1419903570866"}},
{"type":"Feature","geometry":{"type":"Polygon","coordinates":[[[109.02138310000002,34.19593519999998],[109.02369740000002,34.19611969999997],[109.02367989999999,34.19634289999996],[109.0255316,34.19643620000004],[109.02574609999998,34.20022019999996],[109.02224349999999,34.20001429999998],[109.01902350000002,34.19957370000002],[109.01903389999998,34.19592569999999],[109.02130490000005,34.19575340000004],[109.02138310000002,34.19593519999998]]]},"properties":{"osm_id":"1052867637","code":7202,"fclass":"park","name":"","RASTERVALU":207.818,"Light_Rain":"0","Moderate":"0","Heavy":"0","Storm":"3.4227042604654"}},
{"type":"Feature","geometry":{"type":"Polygon","coordinates":[[[109.03163609999997,34.20021929999997],[109.0313756,34.200445600000045],[109.03011199999999,34.2005856],[109.0300208,34.2005749],[109.03008589999996,34.198301500000014],[109.0303986,34.1976873],[109.0303074,34.1968254],[109.03031679999998,34.19652329999997],[109.03055279999997,34.19648779999996],[109.0315001,34.1964657],[109.03486580000003,34.19648779999996],[109.03495160000003,34.19732199999997],[109.03494490000001,34.19751490000003],[109.0351273,34.1976766],[109.03517939999996,34.19778430000003],[109.0349189,34.198139899999966],[109.03443689999999,34.19836610000003],[109.0344499,34.198926400000026],[109.03422849999998,34.19962669999997],[109.03404609999998,34.19976680000001],[109.03362919999995,34.19982070000003],[109.03244380000001,34.199788400000024],[109.03163609999997,34.20021929999997]]]},"properties":{"osm_id":"245403697","code":7202,"fclass":"park","name":"中国唐苑","RASTERVALU":5.18367,"Light_Rain":"2.42772884486127","Moderate":"12.9928759730824","Heavy":"32.4171377866554","Storm":"64.1419903570866"}},
{"type":"Feature","geometry":{"type":"Polygon","coordinates":[[[109.01836169999997,34.19950559999999],[109.01079460000003,34.1993598],[109.01080400000001,34.19926619999998],[109.01061230000005,34.199265600000025],[109.01060189999998,34.1988681],[109.01046989999999,34.19886840000002],[109.0099247,34.1988778],[109.00992679999999,34.198323499999965],[109.01837870000004,34.198354400000035],[109.01836169999997,34.19950559999999]]]},"properties":{"osm_id":"879030831","code":7202,"fclass":"park","name":"","RASTERVALU":207.818,"Light_Rain":"0","Moderate":"0","Heavy":"0","Storm":"3.4227042604654"}},
{"type":"Feature","geometry":{"type":"Polygon","coordinates":[[[108.9846193157301,34.19925718104089],[108.98518540000005,34.19925390000003],[108.98533850000001,34.19970409999998],[108.98519099999997,34.19974169999998],[108.98523069999997,34.199858899999995],[108.98550290000003,34.19977919999997],[108.98563329999998,34.19995270000003],[108.98593379999997,34.19989639999999],[108.98610960000003,34.19987300000001],[108.98616059999999,34.19981669999997],[108.98608690000003,34.199586899999964],[108.98628540000001,34.19953060000001],[108.9862003,34.19927740000002],[108.98642710000001,34.199286699999995],[108.98642710000001,34.199666599999986],[108.98646680000002,34.199699400000036],[108.98653489999997,34.19974630000001],[108.98711330000005,34.19989639999999],[108.98781070000001,34.19990579999997],[108.98868959999999,34.20023879999999],[108.98901850000003,34.2005202],[108.98906949999999,34.20054359999998],[108.98951750000002,34.20053890000004],[108.98952310000003,34.200623300000004],[108.98916020000003,34.200623300000004],[108.98916589999996,34.20071240000001],[108.98884839999998,34.20093290000004],[108.98885970000003,34.201237700000036],[108.98880869999999,34.201242399999984],[108.98880869999999,34.20111110000004],[108.98876899999999,34.20100790000003],[108.98847979999995,34.20086249999999],[108.98781070000001,34.200867200000026],[108.98741939999996,34.200510800000025],[108.98644980000003,34.200370100000015],[108.98606420000002,34.20044039999997],[108.98551419999998,34.20044039999997],[108.98487349999999,34.20035129999997],[108.9836714,34.200632699999986],[108.98339399999998,34.20076730000002],[108.98324609999999,34.20083910000001],[108.98322263422871,34.20083163994459],[108.98307749999998,34.200785500000016],[108.98309280000001,34.200691399999954],[108.98324359999997,34.20067429999996],[108.98338590000002,34.20060889999997],[108.9834887,34.200510800000025],[108.98360740000004,34.200458500000046],[108.98378139999996,34.200458500000046],[108.9839237,34.20043230000001],[108.98401426926516,34.20040583626676],[108.98405820000004,34.200392999999956],[108.98421629999997,34.200340699999984],[108.98433500000003,34.20024260000004],[108.98448520000002,34.20013139999998],[108.98458009999996,34.20003330000004],[108.98463550000002,34.19988940000003],[108.98466709999997,34.19978469999999],[108.98466709999997,34.19966700000002],[108.98462759999998,34.19950349999999],[108.98454850000002,34.19939230000003],[108.98445359999998,34.19931380000001],[108.9843745,34.19925859999998],[108.9846193157301,34.19925718104089]]]},"properties":{"osm_id":"245403689","code":7202,"fclass":"park","name":"曲江寒窑遗址公园","RASTERVALU":207.818,"Light_Rain":"0","Moderate":"0","Heavy":"0","Storm":"3.4227042604654"}},
{"type":"Feature","geometry":{"type":"Polygon","coordinates":[[[108.9740542,34.20554809999999],[108.97407200000005,34.204653599999965],[108.97507679999997,34.2046444],[108.97579880000002,34.203801399999975],[108.97683219999999,34.20311060000002],[108.97738430000001,34.20200999999999],[108.9770589,34.2006297],[108.97701229999997,34.199692700000014],[108.97807800000004,34.19835679999997],[108.97926720000002,34.196998600000036],[108.98010480000005,34.19657369999996],[108.98102250000004,34.196554300000045],[108.98215260000002,34.19702770000004],[108.9827073,34.19778310000002],[108.98280870000004,34.19884549999999],[108.98461710000001,34.1991913],[108.9846193157301,34.19925718104089],[108.98462759999998,34.19950349999999],[108.98448520000002,34.20013139999998],[108.98401426926516,34.20040583626676],[108.98339399999998,34.20076730000002],[108.98322263422871,34.20083163994459],[108.98298089999999,34.200922399999975],[108.98272319999998,34.20109700000003],[108.98271500000001,34.20265750000001],[108.98206030000001,34.203041100000036],[108.98167630000005,34.2035473],[108.98112340000004,34.20392379999998],[108.98110720000003,34.20482490000001],[108.98089580000004,34.20549739999997],[108.98024530000004,34.20582020000003],[108.97917200000005,34.20619670000001],[108.97905819999995,34.206492599999976],[108.97495549999996,34.20651360000003],[108.97405880000002,34.2065165],[108.9740542,34.20554809999999]]]},"properties":{"osm_id":"402061867","code":7202,"fclass":"park","name":"曲江池遗址公园","RASTERVALU":5.18367,"Light_Rain":"2.42772884486127","Moderate":"12.9928759730824","Heavy":"32.4171377866554","Storm":"64.1419903570866"}},
{"type":"Feature","geometry":{"type":"Polygon","coordinates":[[[109.00058680000001,34.20496379999996],[108.9980299,34.204993300000005],[108.9979483,34.2049342],[108.9988618,34.20298840000003],[108.99925480000002,34.20303489999997],[108.99937730000002,34.20275630000001],[108.99905059999999,34.20260009999996],[108.99948949999998,34.20172639999997],[108.99980079999999,34.201312700000024],[109.0000254,34.20113540000001],[109.00058170000003,34.20085259999997],[109.00111249999998,34.200645800000004],[109.00172490000003,34.20053609999999],[109.00234750000003,34.20051070000002],[109.00300079999998,34.20061199999996],[109.00343459999999,34.20073019999997],[109.00355139999998,34.20087219999999],[109.00352249999999,34.201609399999974],[109.002138,34.20162930000002],[109.00207180000004,34.20163030000001],[109.00196350000004,34.20167509999999],[109.0019491,34.20172580000001],[109.00191659999999,34.20281220000002],[109.00131390000003,34.20281220000002],[109.0012995,34.20393740000004],[109.00059939999998,34.20393139999998],[109.00058680000001,34.20496379999996]]]},"properties":{"osm_id":"1226009148","code":7202,"fclass":"park","name":"曲江青年公园","RASTERVALU":119.529,"Light_Rain":"0","Moderate":"0","Heavy":"1.48661668200985","Storm":"12.8283676013327"}},
{"type":"Feature","geometry":{"type":"Polygon","coordinates":[[[108.99680679999997,34.201684000000014],[108.99691460000001,34.20175190000004],[108.9968008,34.202051799999985],[108.99667179999999,34.2023279],[108.99634509999996,34.202984299999954],[108.99616909999996,34.203239899999964],[108.99575279999998,34.2037545],[108.99500180000001,34.20488500000001],[108.99487310000002,34.20512279999997],[108.99472070000003,34.20550609999998],[108.99466060000003,34.205740299999995],[108.99463700000003,34.205907200000034],[108.99464130000003,34.20623550000002],[108.99470350000003,34.20649989999996],[108.99470140000003,34.20653180000002],[108.99468640000003,34.206562000000034],[108.99434879999998,34.20695939999997],[108.9943306,34.20697320000004],[108.99430630000002,34.206977],[108.99426379999997,34.206970700000014],[108.99389359999998,34.206773699999964],[108.99444140000001,34.20659549999996],[108.99440700000001,34.206412400000005],[108.99437129999998,34.20621830000002],[108.99438660000001,34.206013599999956],[108.99439220000002,34.205787299999976],[108.99446420000004,34.20541010000003],[108.99453690000001,34.20520329999997],[108.9946335,34.204978899999965],[108.9948138,34.204657700000034],[108.99510769999999,34.204229999999995],[108.99552399999997,34.20358410000002],[108.99597460000004,34.20293629999998],[108.99633300000002,34.20228860000004],[108.99641450000001,34.20209159999999],[108.99651450000003,34.201666099999954],[108.99676890000003,34.201663099999976],[108.99680679999997,34.201684000000014]]]},"properties":{"osm_id":"1227795806","code":7202,"fclass":"park","name":"","RASTERVALU":5.18367,"Light_Rain":"2.42772884486127","Moderate":"12.9928759730824","Heavy":"32.4171377866554","Storm":"64.1419903570866"}},
{"type":"Feature","geometry":{"type":"Polygon","coordinates":[[[108.97495549999996,34.20651360000003],[108.97405880000002,34.2065165],[108.9740542,34.20554809999999],[108.97495090000002,34.20554510000001],[108.97495110000004,34.20560259999997],[108.97495549999996,34.20651360000003]]]},"properties":{"osm_id":"1239532624","code":7202,"fclass":"park","name":"广场","RASTERVALU":5.18367,"Light_Rain":"2.42772884486127","Moderate":"12.9928759730824","Heavy":"32.4171377866554","Storm":"64.1419903570866"}},
{"type":"Feature","geometry":{"type":"Polygon","coordinates":[[[108.9709778,34.20560330000003],[108.97152919999998,34.20560330000003],[108.97166039999999,34.20560330000003],[108.97356319999996,34.20560330000003],[108.97363089999996,34.20560340000004],[108.97363930000004,34.20560369999997],[108.9736474,34.205604500000035],[108.97365559999997,34.20560589999997],[108.97366109999997,34.20560699999998],[108.97366659999999,34.20560850000001],[108.973672,34.205610099999966],[108.97367750000001,34.20561200000004],[108.97368279999999,34.20561420000004],[108.97368799999998,34.20561649999996],[108.97369310000005,34.20561920000001],[108.97369810000002,34.20562199999998],[108.97370289999998,34.20562509999996],[108.97370760000001,34.205628299999965],[108.97371200000002,34.205631799999985],[108.97372009999998,34.20563929999999],[108.97372720000003,34.20564740000003],[108.9737333,34.205655900000025],[108.97373819999996,34.205664799999965],[108.97374190000001,34.20567390000001],[108.97374450000004,34.20568290000004],[108.97374599999999,34.205691899999984],[108.97374650000003,34.2057007],[108.97374650000003,34.20643520000002],[108.97374630000002,34.2064607],[108.9737461,34.206465300000026],[108.97374569999997,34.20646980000004],[108.973745,34.20647419999997],[108.97374330000002,34.206481],[108.97374190000001,34.20648560000002],[108.97374020000004,34.20649010000004],[108.97373819999996,34.206494599999964],[108.9737333,34.20650349999999],[108.97372720000003,34.20651209999999],[108.97372009999998,34.206520100000034],[108.97371200000002,34.20652760000003],[108.97370289999998,34.206534399999974],[108.97369310000005,34.206540300000015],[108.97368279999999,34.20654529999999],[108.973672,34.20654929999996],[108.97366659999999,34.20655100000001],[108.97366109999997,34.20655240000004],[108.97365559999997,34.206553599999964],[108.9736474,34.20655489999998],[108.973642,34.20655550000003],[108.97363649999998,34.20655589999998],[108.97363099999997,34.206555999999985],[108.97359779999998,34.2065562],[108.97313230000002,34.20655609999999],[108.97259209999999,34.20655609999999],[108.97042449999996,34.20655609999999],[108.97041900000005,34.20655589999998],[108.97041369999997,34.20655550000003],[108.97040289999995,34.20655430000002],[108.97039210000004,34.206552300000034],[108.97038499999998,34.20655049999997],[108.97037800000003,34.20654849999998],[108.9703712,34.20654609999996],[108.97036449999997,34.20654340000001],[108.97035789999997,34.20654050000003],[108.97035159999997,34.206537300000036],[108.97034560000002,34.20653380000001],[108.97033989999998,34.20653019999998],[108.97033439999997,34.206526300000014],[108.97032919999998,34.20652220000003],[108.97032430000003,34.20651780000002],[108.97031519999999,34.20650849999996],[108.97030730000004,34.20649830000001],[108.97030070000002,34.2064875],[108.97029540000003,34.20647600000002],[108.97029330000004,34.20647009999998],[108.97029159999998,34.20646410000002],[108.97029039999997,34.20645809999996],[108.97028949999999,34.2064521],[108.97028900000004,34.206446100000036],[108.97028890000003,34.20644009999999],[108.97028910000004,34.206434100000024],[108.9702896,34.20642809999997],[108.97029269999999,34.20640549999997],[108.97029760000004,34.20636379999998],[108.97030090000004,34.20633220000003],[108.97030349999999,34.206302799999996],[108.97030530000005,34.20627970000004],[108.97030690000001,34.20625649999998],[108.97030830000003,34.20623340000002],[108.97030930000003,34.206212499999985],[108.97031040000003,34.206182000000034],[108.97031120000001,34.206144],[108.97031150000004,34.20610800000004],[108.97031150000004,34.20574080000004],[108.97031169999995,34.205718699999984],[108.97031189999997,34.20571070000003],[108.97031240000001,34.205705400000035],[108.9703133,34.205700100000044],[108.9703153,34.2056921],[108.97031699999995,34.2056867],[108.97031900000003,34.205681299999995],[108.97032129999995,34.205676000000004],[108.97032709999999,34.20566550000002],[108.97033429999996,34.20565539999998],[108.97034270000003,34.20564579999999],[108.97035230000003,34.205636999999975],[108.97036300000003,34.20562900000002],[108.97037460000001,34.205622099999985],[108.97038680000004,34.20561610000002],[108.97039950000003,34.20561129999998],[108.97040600000004,34.2056094],[108.97041250000004,34.20560770000004],[108.97041900000005,34.20560630000001],[108.97042860000003,34.20560469999997],[108.97043500000004,34.205603999999994],[108.97044150000004,34.20560359999996],[108.97044800000005,34.20560340000004],[108.97048359999997,34.20560320000002],[108.9709778,34.20560330000003]]]},"properties":{"osm_id":"18477785","code":7202,"fclass":"park","name":"唐城墙遗址公园四区","RASTERVALU":84.6667,"Light_Rain":"0","Moderate":"1.32709433381689E-02","Heavy":"4.19738989471845","Storm":"20.4458115174304"}},
{"type":"Feature","geometry":{"type":"Polygon","coordinates":[[[108.96492800000001,34.2065562],[108.9630772,34.20655609999999],[108.96252580000004,34.20655609999999],[108.962489,34.20655609999999],[108.96195629999998,34.2065562],[108.96193530000002,34.206555999999985],[108.9619265,34.206555700000045],[108.96191759999998,34.20655479999997],[108.96190869999995,34.206553300000024],[108.9619027,34.20655200000001],[108.96189670000003,34.20655049999997],[108.96189069999998,34.2065487],[108.96187899999998,34.20654429999999],[108.96186770000003,34.20653879999998],[108.96185710000005,34.206532399999986],[108.96184720000002,34.20652499999999],[108.9618383,34.20651690000003],[108.96183049999998,34.20650800000001],[108.96182389999996,34.20649870000004],[108.96181859999996,34.20648900000003],[108.96181640000005,34.20648409999998],[108.96181449999997,34.20647910000002],[108.96181300000003,34.20647419999997],[108.96181170000001,34.206469199999994],[108.96181070000002,34.206464300000036],[108.96181009999997,34.206459499999994],[108.96180970000003,34.2064521],[108.96180950000002,34.20642689999996],[108.96180960000002,34.20570950000002],[108.96181019999997,34.20569870000001],[108.96181200000004,34.205689000000014],[108.96181490000001,34.2056792],[108.9618191,34.20566939999999],[108.9618245,34.20565979999999],[108.96183120000003,34.205650600000034],[108.96183899999997,34.205641900000025],[108.96184779999999,34.20563389999998],[108.96185260000003,34.20563010000002],[108.9618577,34.2056266],[108.96186289999999,34.20562329999999],[108.96186829999999,34.205620300000014],[108.9618738,34.205617500000045],[108.96187950000002,34.20561490000001],[108.96188529999998,34.205612599999995],[108.96189110000002,34.20561060000001],[108.96189709999997,34.205608800000036],[108.96190300000002,34.205607300000004],[108.96190889999997,34.20560599999998],[108.9619178,34.20560460000004],[108.96192360000003,34.205603899999986],[108.9619295,34.20560359999996],[108.96193860000004,34.20560340000004],[108.96198020000001,34.20560330000003],[108.96329100000003,34.20560330000003],[108.96389059999998,34.20560330000003],[108.96499489999997,34.20560330000003],[108.96503359999997,34.20560340000004],[108.96503889999995,34.20560369999997],[108.96504410000003,34.20560430000002],[108.96505099999999,34.20560569999996],[108.96505800000003,34.20560760000003],[108.96506479999996,34.205610199999974],[108.96507139999999,34.205613399999976],[108.96507759999996,34.20561710000001],[108.9650834,34.20562140000001],[108.96508609999995,34.20562380000003],[108.96509089999999,34.2056287],[108.96509509999998,34.20563399999999],[108.96509860000002,34.20563960000001],[108.96510139999998,34.205645300000036],[108.96510339999996,34.20565109999998],[108.96510469999998,34.205656700000006],[108.96510500000001,34.205659699999984],[108.96510520000002,34.205662999999994],[108.96510540000004,34.20568969999998],[108.96510540000004,34.20643439999996],[108.96510530000003,34.20645729999999],[108.9651049,34.20646750000003],[108.96510429999995,34.20647209999997],[108.96510339999996,34.20647649999998],[108.96510220000005,34.206481],[108.96510080000002,34.206485500000014],[108.96509909999996,34.20649010000004],[108.96509709999998,34.206494599999964],[108.96509479999996,34.20649909999998],[108.96509220000002,34.20650349999999],[108.96508930000005,34.20650779999999],[108.96508609999995,34.20651209999999],[108.96508270000002,34.206516199999975],[108.96507899999999,34.206520100000034],[108.96507500000001,34.206524],[108.96507090000003,34.20652760000003],[108.96506179999999,34.206534399999974],[108.96505199999997,34.206540300000015],[108.96504170000001,34.20654529999999],[108.9650309,34.20654929999996],[108.96502550000001,34.20655100000001],[108.96502,34.20655240000004],[108.96501449999998,34.206553599999964],[108.96500899999997,34.20655450000004],[108.9650009,34.20655550000003],[108.96499260000003,34.206555999999985],[108.96492800000001,34.2065562]]]},"properties":{"osm_id":"18477806","code":7202,"fclass":"park","name":"唐城墙遗址公园二区","RASTERVALU":207.818,"Light_Rain":"0","Moderate":"0","Heavy":"0","Storm":"3.4227042604654"}},
{"type":"Feature","geometry":{"type":"Polygon","coordinates":[[[108.9462432,34.2033079],[108.94453460000003,34.20330940000003],[108.94448349999998,34.201632899999964],[108.94493180000002,34.2016259],[108.94493170000001,34.20153969999998],[108.94522529999998,34.201539400000044],[108.94520289999998,34.2002411],[108.9452052,34.19982539999998],[108.94552259999998,34.19981769999996],[108.94552440000002,34.20117249999997],[108.94567849999999,34.201172300000046],[108.94567900000003,34.20150979999999],[108.94624079999997,34.20150930000004],[108.9462432,34.2033079]]]},"properties":{"osm_id":"941637852","code":7202,"fclass":"park","name":"天坛遗址公园","RASTERVALU":5.18367,"Light_Rain":"2.42772884486127","Moderate":"12.9928759730824","Heavy":"32.4171377866554","Storm":"64.1419903570866"}},
{"type":"Feature","geometry":{"type":"Polygon","coordinates":[[[108.89259350000003,34.20233599999996],[108.89356790000001,34.20340769999999],[108.89353800000002,34.20346869999998],[108.89244819999999,34.20227609999998],[108.89259350000003,34.20233599999996]]]},"properties":{"osm_id":"1082237060","code":7202,"fclass":"park","name":"","RASTERVALU":5.18367,"Light_Rain":"2.42772884486127","Moderate":"12.9928759730824","Heavy":"32.4171377866554","Storm":"64.1419903570866"}},
{"type":"Feature","geometry":{"type":"Polygon","coordinates":[[[108.88469060000001,34.206275999999995],[108.88451819999996,34.20636249999996],[108.87324430000001,34.206416199999964],[108.87318220000002,34.20639310000001],[108.87314580000003,34.20634700000001],[108.87312430000003,34.206272499999976],[108.87313500000002,34.206206799999954],[108.87692059999999,34.20267380000002],[108.87740960000004,34.202318600000034],[108.87808810000004,34.201881400000005],[108.87913460000003,34.201039699999995],[108.87967939999999,34.200615399999975],[108.88001299999996,34.200438800000015],[108.88030919999996,34.200335000000045],[108.88057520000004,34.20026840000004],[108.88072210000001,34.20025980000004],[108.8848097,34.200270600000046],[108.88503789999997,34.20026910000001],[108.88517060000002,34.200289199999986],[108.88527609999997,34.200315300000014],[108.8853528,34.200357899999986],[108.88539160000002,34.20044220000003],[108.88543069999997,34.203321100000025],[108.88539580000001,34.203554499999974],[108.88531090000001,34.2038017],[108.88509689999997,34.2041807],[108.88492250000002,34.20449689999997],[108.88482690000001,34.20472650000004],[108.88480260000004,34.20484950000001],[108.88472979999997,34.205323799999995],[108.88472820000001,34.205547200000005],[108.8844081,34.205547200000005],[108.8844081,34.20584079999996],[108.88470700000003,34.20583960000004],[108.88469060000001,34.206275999999995]]]},"properties":{"osm_id":"1221942299","code":7202,"fclass":"park","name":"","RASTERVALU":5.18367,"Light_Rain":"2.42772884486127","Moderate":"12.9928759730824","Heavy":"32.4171377866554","Storm":"64.1419903570866"}},
{"type":"Feature","geometry":{"type":"Polygon","coordinates":[[[108.94524449999996,34.20413639999998],[108.94523909999997,34.20544069999998],[108.94445039999998,34.20542940000003],[108.94446380000002,34.2041206],[108.94524449999996,34.20413639999998]]]},"properties":{"osm_id":"220685033","code":7202,"fclass":"park","name":"","RASTERVALU":5.18367,"Light_Rain":"2.42772884486127","Moderate":"12.9928759730824","Heavy":"32.4171377866554","Storm":"64.1419903570866"}},
{"type":"Feature","geometry":{"type":"Polygon","coordinates":[[[108.94618320000001,34.204144899999974],[108.94617400000004,34.20543409999997],[108.94528160000002,34.20542979999997],[108.94529069999997,34.204140599999974],[108.94618320000001,34.204144899999974]]]},"properties":{"osm_id":"220685156","code":7202,"fclass":"park","name":"","RASTERVALU":5.18367,"Light_Rain":"2.42772884486127","Moderate":"12.9928759730824","Heavy":"32.4171377866554","Storm":"64.1419903570866"}},
{"type":"Feature","geometry":{"type":"Polygon","coordinates":[[[108.94669039999997,34.20446870000003],[108.94668460000001,34.205431400000016],[108.94624739999999,34.205429600000045],[108.94625330000004,34.20446689999997],[108.94669039999997,34.20446870000003]]]},"properties":{"osm_id":"220685201","code":7202,"fclass":"park","name":"","RASTERVALU":207.818,"Light_Rain":"0","Moderate":"0","Heavy":"0","Storm":"3.4227042604654"}},
{"type":"Feature","geometry":{"type":"Polygon","coordinates":[[[108.94440930000005,34.2052895],[108.94440570000002,34.20563499999999],[108.94353579999998,34.20562880000001],[108.94353940000002,34.20528330000002],[108.94440930000005,34.2052895]]]},"properties":{"osm_id":"220422809","code":7202,"fclass":"park","name":"畅志园","RASTERVALU":207.818,"Light_Rain":"0","Moderate":"0","Heavy":"0","Storm":"3.4227042604654"}},
{"type":"Feature","geometry":{"type":"Polygon","coordinates":[[[108.94874099999998,34.20599100000004],[108.94873500000003,34.20627870000004],[108.94799960000002,34.20627440000004],[108.94716450000001,34.20626939999998],[108.94644200000002,34.20626509999998],[108.94644389999999,34.20597539999999],[108.9464503,34.20568429999998],[108.94717090000002,34.2056814],[108.94717100000003,34.20576469999997],[108.94800960000005,34.20576430000003],[108.9480079,34.20568910000002],[108.9487412,34.20568949999996],[108.94874099999998,34.20599100000004]]]},"properties":{"osm_id":"1000962475","code":7202,"fclass":"park","name":"","RASTERVALU":207.818,"Light_Rain":"0","Moderate":"0","Heavy":"0","Storm":"3.4227042604654"}},
{"type":"Feature","geometry":{"type":"Polygon","coordinates":[[[108.9080144,34.20573420000002],[108.90799799999998,34.206593499999975],[108.88526019999998,34.20644109999998],[108.88527030000002,34.2056631],[108.9080144,34.20573420000002]]]},"properties":{"osm_id":"969143236","code":7202,"fclass":"park","name":"唐城墙遗址公园","RASTERVALU":207.818,"Light_Rain":"0","Moderate":"0","Heavy":"0","Storm":"3.4227042604654"}},
{"type":"Feature","geometry":{"type":"Polygon","coordinates":[[[108.94957829999998,34.20586860000004],[108.94956109999998,34.206623799999996],[108.94912130000002,34.20661689999996],[108.94913850000002,34.20586180000001],[108.94957829999998,34.20586860000004]]]},"properties":{"osm_id":"220685005","code":7202,"fclass":"park","name":"曲江流饮","RASTERVALU":207.818,"Light_Rain":"0","Moderate":"0","Heavy":"0","Storm":"3.4227042604654"}},
{"type":"Feature","geometry":{"type":"Polygon","coordinates":[[[108.78387989999996,34.222878600000044],[108.78383159999996,34.22307380000003],[108.78370819999996,34.223157999999984],[108.78344539999998,34.22318909999998],[108.78295179999999,34.22297620000004],[108.7828338,34.22284310000004],[108.78215790000003,34.22089140000003],[108.78174479999996,34.220918000000005],[108.78136399999998,34.22080709999998],[108.78101529999999,34.220571999999976],[108.7807202,34.22007079999999],[108.78054320000001,34.21918370000004],[108.78021600000004,34.21850940000002],[108.77964729999997,34.217719799999976],[108.77800050000005,34.21616280000002],[108.77840280000002,34.21590549999996],[108.77801120000004,34.21547969999999],[108.77758739999997,34.21473439999996],[108.77713649999997,34.21377440000003],[108.7768632,34.2130355],[108.77662659999996,34.21215020000002],[108.7764843,34.21157710000003],[108.77634530000005,34.21130579999996],[108.77623560000004,34.21129199999998],[108.77603060000003,34.21129729999997],[108.77487689999997,34.211444499999985],[108.77421620000001,34.21169359999999],[108.77388409999998,34.2119428],[108.77366509999997,34.21224570000002],[108.77345960000002,34.212794899999984],[108.77325780000002,34.21298980000003],[108.7723815,34.21232479999999],[108.77139669999995,34.21182429999997],[108.77005060000005,34.211248999999974],[108.76900260000002,34.210995000000004],[108.76902970000005,34.21724070000003],[108.76829789999998,34.21718839999997],[108.76656329999999,34.21686710000003],[108.76546110000001,34.21664299999996],[108.76448330000002,34.21626939999996],[108.76312249999995,34.215670499999966],[108.76261970000002,34.215446700000015],[108.76246469999998,34.21522980000001],[108.76246469999998,34.21093170000001],[108.76243369999999,34.209387899999996],[108.76108649999999,34.20823540000003],[108.75968310000005,34.20707600000002],[108.75563620000004,34.20515650000001],[108.75508899999997,34.2045531],[108.75522319999997,34.20402259999998],[108.7550925,34.20341599999997],[108.754735,34.20332860000002],[108.7546599,34.20279620000002],[108.75486369999999,34.20207749999998],[108.75536799999996,34.201243399999974],[108.75580790000004,34.20041809999999],[108.75620480000002,34.1989895],[108.75670989999998,34.19791909999999],[108.75707980000003,34.19747969999996],[108.75935350000003,34.195190399999994],[108.76033540000002,34.19399339999998],[108.76082290000002,34.193442400000045],[108.76179990000004,34.192725100000025],[108.76236880000003,34.19240779999998],[108.76327580000003,34.19265139999997],[108.76347479999997,34.1925681],[108.7638518,34.192110100000036],[108.764115,34.19184649999998],[108.76498120000001,34.191393299999966],[108.76478080000003,34.1911704],[108.76507150000002,34.191206499999964],[108.7655319,34.1911199],[108.76566979999996,34.19100550000003],[108.76640390000003,34.19109780000003],[108.76738949999996,34.19045690000003],[108.76801459999999,34.19036670000003],[108.76832699999999,34.19009449999997],[108.76909380000002,34.18979330000001],[108.76964609999997,34.18978129999999],[108.77066210000002,34.18963419999999],[108.77217939999997,34.18989579999997],[108.77335819999999,34.190912100000034],[108.77513520000002,34.19123449999997],[108.77623560000004,34.192653399999955],[108.77838130000002,34.195262500000005],[108.78138539999998,34.197161500000014],[108.78610610000004,34.199096000000026],[108.78936769999999,34.20140310000004],[108.79228590000004,34.20422480000001],[108.79479640000001,34.20557349999996],[108.79421710000004,34.207028700000016],[108.79338019999999,34.207259400000005],[108.7931335,34.20773850000003],[108.79276870000001,34.20804020000004],[108.79121299999998,34.20851929999998],[108.79053710000002,34.2089275],[108.78945349999998,34.20988569999997],[108.7889171,34.2107641],[108.78862740000002,34.21165130000004],[108.78783339999995,34.2126362],[108.78722189999999,34.21338140000002],[108.7868893,34.21430409999998],[108.7868893,34.21532440000002],[108.78653530000003,34.21629150000001],[108.78585929999996,34.21754240000004],[108.78464700000002,34.21915699999996],[108.78421780000004,34.21993769999999],[108.78372429999996,34.220496599999954],[108.78334879999998,34.22067409999999],[108.78325759999998,34.22068290000001],[108.78387989999996,34.222878600000044]]]},"properties":{"osm_id":"1082397676","code":7202,"fclass":"park","name":"昆明池七夕公园","RASTERVALU":119.529,"Light_Rain":"0","Moderate":"0","Heavy":"1.48661668200985","Storm":"12.8283676013327"}},
{"type":"Feature","geometry":{"type":"Polygon","coordinates":[[[108.94423759999997,34.206810700000005],[108.94452959999997,34.20688060000002],[108.94451699999999,34.207183899999976],[108.94449849999997,34.2072239],[108.94429730000002,34.20717729999996],[108.94396739999999,34.20711969999999],[108.94375019999995,34.207097500000025],[108.9435758,34.2070886],[108.94345780000002,34.207081999999986],[108.94340389999999,34.207066300000015],[108.94335590000001,34.207046499999976],[108.94333680000004,34.20703300000002],[108.94321100000002,34.20687120000004],[108.9432183,34.20682519999996],[108.94334349999997,34.20679700000003],[108.94423759999997,34.206810700000005]]]},"properties":{"osm_id":"286421880","code":7202,"fclass":"park","name":"南花园","RASTERVALU":207.818,"Light_Rain":"0","Moderate":"0","Heavy":"0","Storm":"3.4227042604654"}},
{"type":"Feature","geometry":{"type":"Polygon","coordinates":[[[108.94645382622738,34.20779320703245],[108.94646849999998,34.207517400000036],[108.94664999999999,34.207518300000025],[108.94674439999999,34.2075814],[108.94673950000002,34.20780329999998],[108.94663520308936,34.20779979544857],[108.94645380000001,34.20779369999998],[108.94645382622738,34.20779320703245]]]},"properties":{"osm_id":"235397586","code":7202,"fclass":"park","name":"南森林","RASTERVALU":207.818,"Light_Rain":"0","Moderate":"0","Heavy":"0","Storm":"3.4227042604654"}},
{"type":"Feature","geometry":{"type":"Polygon","coordinates":[[[108.94645382622738,34.20779320703245],[108.94663520308936,34.20779979544857],[108.94674820000003,34.20780390000003],[108.94672550000003,34.20823110000003],[108.9460758,34.20820750000003],[108.94609850000002,34.20778030000003],[108.94645382622738,34.20779320703245]]]},"properties":{"osm_id":"235397583","code":7202,"fclass":"park","name":"北森林","RASTERVALU":207.818,"Light_Rain":"0","Moderate":"0","Heavy":"0","Storm":"3.4227042604654"}},
{"type":"Feature","geometry":{"type":"Polygon","coordinates":[[[108.94433800000002,34.208081800000016],[108.94432950000002,34.20823320000002],[108.94428660000003,34.20823100000002],[108.94429200000002,34.208080199999976],[108.94433800000002,34.208081800000016]]]},"properties":{"osm_id":"286421895","code":7202,"fclass":"park","name":"XISU","RASTERVALU":5.18367,"Light_Rain":"2.42772884486127","Moderate":"12.9928759730824","Heavy":"32.4171377866554","Storm":"64.1419903570866"}},
{"type":"Feature","geometry":{"type":"Polygon","coordinates":[[[108.8919512,34.2080022],[108.89196499999998,34.20804459999996],[108.89197449999998,34.20809800000003],[108.89201160000002,34.20812930000004],[108.89204559999999,34.20817080000001],[108.89208389999996,34.208238500000014],[108.89209340000004,34.20830769999997],[108.8920586,34.20837280000003],[108.89199799999996,34.2084058],[108.89188969999996,34.20843190000003],[108.89178600000001,34.20841839999998],[108.8917495,34.20832369999996],[108.89167519999998,34.208293100000006],[108.89159449999997,34.20825289999996],[108.8915498,34.208227900000026],[108.89149200000001,34.20811799999999],[108.89150810000001,34.208081900000025],[108.8915229,34.20803370000004],[108.89152880000005,34.20801440000004],[108.89155680000005,34.20799989999999],[108.89161079999998,34.20797690000004],[108.89167839999999,34.20795789999998],[108.89173820000005,34.20798200000002],[108.89179800000002,34.20800040000003],[108.89183949999999,34.20798679999997],[108.89189810000005,34.207988999999976],[108.8919512,34.2080022]]]},"properties":{"osm_id":"1054199545","code":7202,"fclass":"park","name":"湖心岛","RASTERVALU":207.818,"Light_Rain":"0","Moderate":"0","Heavy":"0","Storm":"3.4227042604654"}},
{"type":"Feature","geometry":{"type":"Polygon","coordinates":[[[108.89176030000002,34.213367600000026],[108.89137989999998,34.21337060000001],[108.89011150000002,34.21324799999999],[108.8897076,34.213242699999995],[108.88960800000001,34.21126450000001],[108.889054,34.21125710000002],[108.88856229999999,34.211250500000006],[108.8885505,34.21152489999997],[108.88753139999996,34.211522],[108.88752690000004,34.21129309999998],[108.88579660000005,34.21128630000004],[108.8852979,34.21128429999996],[108.88526569999999,34.211284200000044],[108.8852648,34.21083000000003],[108.88749379999996,34.21084800000001],[108.88749399999998,34.21061620000002],[108.88857460000004,34.210624399999986],[108.8885817,34.21090940000003],[108.88885160000004,34.2109091],[108.89135260000003,34.210906399999956],[108.89153200000004,34.2091067],[108.8910486,34.20895450000002],[108.89067940000001,34.20889929999998],[108.89020349999998,34.20888409999996],[108.8901671,34.208759100000016],[108.8901641,34.20865669999998],[108.89020830000003,34.20851870000002],[108.89029899999998,34.20839120000004],[108.89037189999998,34.208241000000044],[108.89038599999999,34.20806040000002],[108.89036749999997,34.2078841],[108.8903034,34.20776070000001],[108.89024680000001,34.20757699999999],[108.890208,34.20743809999996],[108.89019100000002,34.207299],[108.89019740000002,34.207088000000034],[108.89023300000002,34.2069158],[108.8906438,34.20686619999998],[108.89066550000003,34.20686629999999],[108.89139860000002,34.20687039999997],[108.89284089999998,34.206878400000015],[108.89283669999999,34.20718799999996],[108.89308420000003,34.20721829999998],[108.89321070000003,34.207287800000046],[108.89332770000003,34.20739590000002],[108.8933831,34.20751429999996],[108.89340649999997,34.20765089999998],[108.89335800000005,34.20780940000004],[108.89326110000002,34.20795119999996],[108.8932469,34.20879360000003],[108.8925825,34.20880410000001],[108.89223380000001,34.20943100000001],[108.89212259999996,34.20938300000003],[108.89196330000001,34.210929999999955],[108.89318749999997,34.210928099999975],[108.89319890000003,34.21061430000004],[108.89422830000002,34.2106064],[108.89423209999998,34.21148929999996],[108.89322519999997,34.21143269999998],[108.893218,34.21126480000004],[108.89194730000003,34.21125830000003],[108.89176030000002,34.213367600000026]]]},"properties":{"osm_id":"259324566","code":7202,"fclass":"park","name":"木塔寺生态遗址公园","RASTERVALU":5.18367,"Light_Rain":"2.42772884486127","Moderate":"12.9928759730824","Heavy":"32.4171377866554","Storm":"64.1419903570866"}},
{"type":"Feature","geometry":{"type":"Polygon","coordinates":[[[108.76211620000001,34.21282780000004],[108.75935159999997,34.21333049999998],[108.7589752,34.213474199999965],[108.75350390000001,34.21097250000001],[108.75379339999998,34.21081690000001],[108.75616720000001,34.21091260000003],[108.75933710000001,34.21044580000004],[108.76097269999998,34.21039789999998],[108.76137800000004,34.21066130000002],[108.76210169999996,34.210565499999994],[108.76211620000001,34.21282780000004]]]},"properties":{"osm_id":"1090942361","code":7202,"fclass":"park","name":"","RASTERVALU":119.529,"Light_Rain":"0","Moderate":"0","Heavy":"1.48661668200985","Storm":"12.8283676013327"}},
{"type":"Feature","geometry":{"type":"Polygon","coordinates":[[[108.93074200000004,34.213322500000025],[108.92750650000004,34.21334669999999],[108.92733319999999,34.21319969999999],[108.9273227,34.212293000000024],[108.92775320000001,34.21225179999999],[108.93073640000001,34.212224],[108.93074200000004,34.213322500000025]]]},"properties":{"osm_id":"245404528","code":7202,"fclass":"park","name":"","RASTERVALU":207.818,"Light_Rain":"0","Moderate":"0","Heavy":"0","Storm":"3.4227042604654"}},
{"type":"Feature","geometry":{"type":"Polygon","coordinates":[[[108.83078139999998,34.21361320000001],[108.83146160000004,34.21493859999998],[108.8312336,34.21524639999996],[108.82782340000001,34.21542029999996],[108.82808220000003,34.21426180000003],[108.82794729999996,34.21424140000003],[108.82812019999997,34.21354499999996],[108.82848030000001,34.213544299999995],[108.82862670000004,34.21354399999997],[108.82878220000003,34.21354370000003],[108.82930590000002,34.21354270000004],[108.82965637908684,34.213542123824844],[108.8297317,34.21354199999998],[108.82984117228145,34.2135405744396],[108.8301387,34.213536699999985],[108.83029629999999,34.21355010000003],[108.83041179999995,34.21355990000004],[108.83051739999999,34.213568899999984],[108.83068139999996,34.21356769999998],[108.83078210000004,34.2135669],[108.83078139999998,34.21361320000001]]]},"properties":{"osm_id":"1301139147","code":7202,"fclass":"park","name":"","RASTERVALU":5.18367,"Light_Rain":"2.42772884486127","Moderate":"12.9928759730824","Heavy":"32.4171377866554","Storm":"64.1419903570866"}},
{"type":"Feature","geometry":{"type":"Polygon","coordinates":[[[108.96535110000003,34.2065562],[108.96531799999995,34.20655609999999],[108.96530969999998,34.20655589999998],[108.96530150000001,34.20655530000001],[108.96529610000002,34.20655450000004],[108.9652906,34.206553599999964],[108.96528509999999,34.20655240000004],[108.96527959999997,34.20655100000001],[108.96527419999998,34.20654929999996],[108.96526339999997,34.20654529999999],[108.96525310000001,34.206540300000015],[108.9652433,34.206534399999974],[108.96523430000005,34.20652760000003],[108.96523009999997,34.206524],[108.9652261,34.206520100000034],[108.96522240000004,34.206516199999975],[108.96521900000003,34.20651209999999],[108.96521580000002,34.20650779999999],[108.96521289999997,34.20650349999999],[108.96521030000002,34.20649909999998],[108.965208,34.206494599999964],[108.96520600000002,34.20649010000004],[108.96520429999997,34.206485500000014],[108.96520290000002,34.206481],[108.96520170000002,34.20647649999998],[108.96520080000003,34.20647209999997],[108.96520019999998,34.20646750000003],[108.96519999999997,34.20646259999998],[108.96519970000003,34.20643549999996],[108.96519980000004,34.2056599],[108.96519990000004,34.20565890000001],[108.96520009999998,34.205659699999984],[108.96520019999998,34.20565949999997],[108.96520099999996,34.205654000000045],[108.96520180000003,34.20565079999996],[108.96520319999996,34.20564689999999],[108.96520500000003,34.20564249999998],[108.96520649999997,34.20563960000001],[108.96521,34.20563399999999],[108.96521419999999,34.2056287],[108.9652165,34.20562619999997],[108.96522169999999,34.20562140000001],[108.96522450000003,34.20561920000001],[108.96522750000003,34.20561710000001],[108.9652337,34.205613399999976],[108.96524030000002,34.205610199999974],[108.96524370000003,34.205608800000036],[108.96524719999996,34.20560760000003],[108.96525250000005,34.20560609999999],[108.96525560000003,34.205605300000016],[108.96525889999995,34.20560460000004],[108.96526769999997,34.20560369999997],[108.965268,34.205603500000045],[108.965267,34.20560340000004],[108.96529369999999,34.20560330000003],[108.9686623,34.20560330000003],[108.96921369999997,34.20560330000003],[108.96926499999995,34.20560330000003],[108.97000890000004,34.20560330000003],[108.97003399999998,34.20560340000004],[108.97004369999999,34.20560359999996],[108.97005009999998,34.205603999999994],[108.97005649999998,34.20560469999997],[108.97006619999999,34.20560630000001],[108.97007269999999,34.20560770000004],[108.9700792,34.2056094],[108.97008559999999,34.20561129999998],[108.97009829999998,34.20561610000002],[108.9701105,34.205622099999985],[108.9701221,34.20562900000002],[108.97013279999999,34.205636999999975],[108.97014239999999,34.20564579999999],[108.97015079999997,34.20565539999998],[108.97015800000003,34.20566550000002],[108.97016379999998,34.205676000000004],[108.9701662,34.205681299999995],[108.97016819999999,34.2056867],[108.97016990000004,34.2056921],[108.97017119999997,34.2056974],[108.97017229999997,34.20570269999999],[108.97017320000005,34.20571070000003],[108.97017349999999,34.205718699999984],[108.9701736,34.20574080000004],[108.97017349999999,34.20610990000002],[108.97017329999997,34.206136099999966],[108.97017280000001,34.20616429999999],[108.97017190000003,34.20619380000004],[108.97017109999996,34.20621449999997],[108.9701693,34.206247100000006],[108.97016689999997,34.206281199999985],[108.97016389999999,34.206316900000004],[108.97016139999995,34.20634200000004],[108.97015709999995,34.20638040000002],[108.97015279999995,34.206413500000004],[108.9701469,34.206455099999985],[108.9701448,34.206465],[108.97014180000002,34.20647470000001],[108.97013770000004,34.20648419999999],[108.97013249999996,34.20649359999997],[108.97012609999997,34.206502800000024],[108.97011859999996,34.20651160000004],[108.97011009999997,34.20651990000002],[108.9701007,34.20652750000002],[108.97007960000003,34.2065401],[108.97005629999997,34.20654910000003],[108.97003230000003,34.20655450000004],[108.97000870000002,34.20655609999999],[108.96640730000003,34.20655609999999],[108.96585589999997,34.20655609999999],[108.96535110000003,34.2065562]]]},"properties":{"osm_id":"18477799","code":7202,"fclass":"park","name":"唐城墙遗址公园三区","RASTERVALU":5.18367,"Light_Rain":"2.42772884486127","Moderate":"12.9928759730824","Heavy":"32.4171377866554","Storm":"64.1419903570866"}},
{"type":"Feature","geometry":{"type":"MultiPolygon","coordinates":[[[[108.95883220000005,34.20567390000001],[108.95883229999997,34.20568290000004],[108.95883229999997,34.2057136],[108.95883229999997,34.20573479999998],[108.95883229999997,34.20576249999996],[108.95883229999997,34.205773000000036],[108.95883229999997,34.20581199999997],[108.95883229999997,34.2058413],[108.95883229999997,34.205851699999975],[108.95883229999997,34.20586080000002],[108.95883229999997,34.205879499999966],[108.95883229999997,34.20597389999996],[108.95883229999997,34.206013],[108.95883229999997,34.206076099999976],[108.95883229999997,34.20642809999997],[108.95883229999997,34.20648680000003],[108.95883229999997,34.20652990000004],[108.95883229999997,34.206566499999965],[108.95865260000002,34.206566499999965],[108.95820209999997,34.206566499999965],[108.95664459999996,34.206566499999965],[108.95662739999996,34.206566499999965],[108.95659510000004,34.20656640000004],[108.95658390000001,34.20656610000002],[108.95657299999999,34.20656490000001],[108.95656199999998,34.206562700000006],[108.95655100000003,34.20655960000001],[108.95654030000004,34.20655560000004],[108.95652989999998,34.20655059999998],[108.95652009999996,34.206544600000015],[108.95651100000002,34.206537899999994],[108.95650279999995,34.2065304],[108.95649569999999,34.20652220000003],[108.95648960000003,34.20651370000004],[108.95648469999998,34.20650480000001],[108.95648100000003,34.20649569999997],[108.95647839999998,34.20648660000001],[108.95647690000004,34.20647759999998],[108.95647650000001,34.20647080000004],[108.9564764,34.20644759999998],[108.9564764,34.206423899999976],[108.9564764,34.205808],[108.95647660000002,34.20578450000001],[108.95647700000005,34.205776799999995],[108.95647809999996,34.205769099999976],[108.95648000000003,34.20576130000004],[108.95648350000005,34.20575099999999],[108.95648579999997,34.2057458],[108.95648650000003,34.205744599999996],[108.95649139999999,34.20573559999996],[108.95649830000004,34.205725899999955],[108.9565064,34.20571659999999],[108.95651569999995,34.20570799999999],[108.95652070000001,34.20570410000002],[108.95653140000002,34.205696800000034],[108.95654289999999,34.205690500000046],[108.95654890000004,34.2056878],[108.95656109999999,34.205683199999974],[108.95656739999997,34.20568119999999],[108.95657990000004,34.20567820000001],[108.9565892,34.20567659999996],[108.95659539999998,34.205675899999996],[108.95660499999998,34.20567549999996],[108.95660809999997,34.20567530000003],[108.95664540000003,34.20567500000001],[108.95883210000004,34.205664799999965],[108.95883220000005,34.20567390000001]]],[[[108.96154160000005,34.20565270000003],[108.9615474,34.20565329999999],[108.96155310000002,34.20565409999997],[108.9615645,34.20565639999998],[108.96157560000002,34.205659599999976],[108.96158090000002,34.205661599999964],[108.96159139999999,34.20566609999998],[108.96160099999999,34.20567139999998],[108.96160560000001,34.20567439999996],[108.9616141,34.20568070000004],[108.96162180000002,34.2056878],[108.96162879999999,34.20569550000002],[108.96163480000003,34.20570369999999],[108.96163990000001,34.205712500000004],[108.96164379999998,34.205721599999954],[108.96164540000002,34.20572629999999],[108.9616473,34.205733499999965],[108.96164809999998,34.20573830000001],[108.96164870000003,34.205744700000004],[108.96164880000003,34.205761100000025],[108.96164899999997,34.205795200000004],[108.96164880000003,34.20639030000004],[108.96164880000003,34.206471500000006],[108.96164850000001,34.20647759999998],[108.96164750000001,34.2064843],[108.96164579999997,34.20649110000003],[108.96164440000003,34.20649569999997],[108.96164069999999,34.20650480000001],[108.96163570000002,34.20651370000004],[108.96162969999996,34.20652220000003],[108.96162249999999,34.2065304],[108.96161440000003,34.206537899999994],[108.96160529999999,34.206544600000015],[108.96160050000003,34.20654770000001],[108.9615903,34.206553200000016],[108.9615797,34.20655770000003],[108.9615743,34.20655960000001],[108.96156329999998,34.206562700000006],[108.9615496,34.206565300000044],[108.96154419999999,34.2065659],[108.96153590000002,34.206566300000034],[108.96150820000004,34.20656640000004],[108.96149410000002,34.206566499999965],[108.96035100000003,34.206566499999965],[108.95996589999997,34.206566499999965],[108.95996589999997,34.206013],[108.95996589999997,34.20597389999996],[108.95996589999997,34.205879499999966],[108.95996589999997,34.20586080000002],[108.95996589999997,34.205851699999975],[108.95996589999997,34.2058413],[108.95996589999997,34.20581199999997],[108.95996589999997,34.205773000000036],[108.95996589999997,34.20576249999996],[108.95996589999997,34.20573479999998],[108.95996589999997,34.2057136],[108.95996589999997,34.20567769999997],[108.95996580000005,34.20566860000001],[108.95996580000005,34.205659599999976],[108.96143239999998,34.20565280000004],[108.96153290000004,34.205652500000014],[108.96154160000005,34.20565270000003]]]]},"properties":{"osm_id":"18470709","code":7202,"fclass":"park","name":"唐城墙遗址公园一区","RASTERVALU":207.818,"Light_Rain":"0","Moderate":"0","Heavy":"0","Storm":"3.4227042604654"}},
{"type":"Feature","geometry":{"type":"Polygon","coordinates":[[[108.99652300000002,34.206848700000045],[108.99649510000003,34.206919699999965],[108.99645000000002,34.206983600000015],[108.99638350000004,34.20702269999996],[108.99604660000004,34.20716820000001],[108.99598439999995,34.20719479999999],[108.99587069999997,34.20719479999999],[108.99571829999996,34.20717700000003],[108.99564109999997,34.20713620000003],[108.99557029999998,34.20709540000003],[108.99551019999998,34.20703149999998],[108.99674190000002,34.20626670000003],[108.99652300000002,34.206848700000045]]]},"properties":{"osm_id":"1227795807","code":7202,"fclass":"park","name":"","RASTERVALU":207.818,"Light_Rain":"0","Moderate":"0","Heavy":"0","Storm":"3.4227042604654"}},
{"type":"Feature","geometry":{"type":"Polygon","coordinates":[[[108.99746249999995,34.206328199999966],[108.99737320000003,34.20664250000004],[108.99732810000003,34.20677379999997],[108.99727880000003,34.20686069999997],[108.99755560000003,34.207538600000014],[108.9978495,34.20778000000001],[108.99841169999998,34.20787399999997],[108.99840500000005,34.20811390000001],[108.99777230000001,34.208080000000045],[108.99757349999999,34.20806490000004],[108.99744449999997,34.20802480000001],[108.99732620000005,34.20796329999998],[108.99721999999997,34.20789180000002],[108.99714409999999,34.20781650000001],[108.99706669999998,34.20772240000004],[108.99700300000003,34.2076157],[108.99692110000001,34.20740370000004],[108.9969059,34.20732339999997],[108.99690889999998,34.20725430000003],[108.99691500000004,34.207185300000006],[108.99693930000001,34.20710249999999],[108.99728190000002,34.20628810000002],[108.99746249999995,34.206328199999966]]]},"properties":{"osm_id":"1227795808","code":7202,"fclass":"park","name":"","RASTERVALU":207.818,"Light_Rain":"0","Moderate":"0","Heavy":"0","Storm":"3.4227042604654"}},
{"type":"Feature","geometry":{"type":"Polygon","coordinates":[[[109.0024964,34.20726139999999],[109.00376780000003,34.2073474],[109.0037416,34.20764630000004],[109.0067109,34.20788660000003],[109.00661150000005,34.208556600000044],[109.00655560000004,34.208634700000026],[109.00358080000001,34.208320100000016],[109.00077859999998,34.20822270000004],[109.0008208,34.2072422],[109.0024964,34.20726139999999]]]},"properties":{"osm_id":"401516892","code":7202,"fclass":"park","name":"曲江悦动公园","RASTERVALU":5.18367,"Light_Rain":"2.42772884486127","Moderate":"12.9928759730824","Heavy":"32.4171377866554","Storm":"64.1419903570866"}},
{"type":"Feature","geometry":{"type":"Polygon","coordinates":[[[108.99407740000001,34.207313200000016],[108.99450019999999,34.207581199999986],[108.99471039999997,34.20774089999997],[108.99480909999997,34.207925499999966],[108.99504729999997,34.20894940000004],[108.99504299999997,34.20907710000004],[108.99503449999997,34.209197799999984],[108.99499799999997,34.20932199999996],[108.99496149999997,34.209368199999965],[108.99465889999998,34.2092581],[108.9945066,34.20915699999998],[108.99440139999999,34.20906830000002],[108.9943392,34.2089618],[108.9942727,34.20883579999997],[108.9942791,34.20877190000001],[108.99415900000001,34.20851640000001],[108.99406890000002,34.20842589999998],[108.99335510000002,34.20694500000002],[108.99407740000001,34.207313200000016]]]},"properties":{"osm_id":"1227795804","code":7202,"fclass":"park","name":"","RASTERVALU":5.18367,"Light_Rain":"2.42772884486127","Moderate":"12.9928759730824","Heavy":"32.4171377866554","Storm":"64.1419903570866"}},
{"type":"Feature","geometry":{"type":"Polygon","coordinates":[[[108.98276570000003,34.21048530000002],[108.98276279999997,34.2105108],[108.98275309999997,34.210537100000046],[108.98273709999998,34.2105623],[108.98271510000002,34.210584599999976],[108.98268789999999,34.210602500000036],[108.98265730000003,34.210615500000046],[108.98262539999998,34.21062319999997],[108.98259449999999,34.21062529999997],[108.97407830000003,34.21058940000002],[108.97404749999997,34.210587100000005],[108.97401580000002,34.21057919999998],[108.9739855,34.210566000000036],[108.97395849999998,34.21054799999997],[108.97393679999996,34.21052569999999],[108.9739211,34.21050050000004],[108.97391160000001,34.2104743],[108.97390880000005,34.21044880000002],[108.97390129999995,34.20684300000001],[108.97390440000004,34.20681579999999],[108.97391419999995,34.206789099999995],[108.97393000000002,34.2067644],[108.97395099999999,34.20674330000003],[108.97397650000005,34.20672590000001],[108.97400630000003,34.20671269999998],[108.97403850000003,34.206704500000015],[108.9740714,34.20670189999998],[108.97615510000001,34.20669969999997],[108.97751349999996,34.206698300000035],[108.9777265,34.20669810000002],[108.9777265,34.206742899999995],[108.97772709999995,34.20714109999999],[108.97769389999996,34.20714109999999],[108.97769389999996,34.20716840000003],[108.97753389999995,34.20716840000003],[108.97753389999995,34.20721519999999],[108.97747670000003,34.20721519999999],[108.97747670000003,34.2072668],[108.97741980000002,34.2072668],[108.97741980000002,34.20745989999999],[108.97731719999997,34.20745989999999],[108.97731719999997,34.207480399999994],[108.97727319999997,34.207480399999994],[108.97727319999997,34.20750249999996],[108.97721920000004,34.20750249999996],[108.97721920000004,34.20757909999999],[108.97715929999997,34.20757909999999],[108.97715929999997,34.207661000000016],[108.97709670000002,34.207661000000016],[108.97709670000002,34.20772860000002],[108.97699900000002,34.20772860000002],[108.97699900000002,34.20782679999997],[108.97679449999998,34.20782679999997],[108.97679449999998,34.20797599999997],[108.97676529999995,34.20797599999997],[108.97676529999995,34.20801599999999],[108.97674389999996,34.20801599999999],[108.97674389999996,34.208135999999975],[108.97671709999997,34.208135999999975],[108.97671709999997,34.20828749999998],[108.97667900000002,34.20828749999998],[108.97667900000002,34.20846210000004],[108.97657669999998,34.20846210000004],[108.97657669999998,34.208771599999984],[108.9763696,34.208771599999984],[108.9763696,34.209074199999975],[108.97632810000002,34.209074199999975],[108.97632810000002,34.209226100000016],[108.97620949999998,34.209226100000016],[108.97620949999998,34.20945649999999],[108.97621770000003,34.20945649999999],[108.97621770000003,34.20962919999997],[108.9778628,34.20962919999997],[108.9788955,34.20962919999997],[108.9825377,34.20962919999997],[108.9825377,34.20919749999996],[108.98269969999998,34.20919749999996],[108.98277479999999,34.20919749999996],[108.98276570000003,34.21048530000002]]]},"properties":{"osm_id":"1265692011","code":7202,"fclass":"park","name":"","RASTERVALU":5.18367,"Light_Rain":"2.42772884486127","Moderate":"12.9928759730824","Heavy":"32.4171377866554","Storm":"64.1419903570866"}},
{"type":"Feature","geometry":{"type":"Polygon","coordinates":[[[108.95627050000002,34.21012800000003],[108.95552829999997,34.210398300000016],[108.95467120000002,34.21023029999997],[108.95467120000002,34.21002570000001],[108.95456800000001,34.210021600000026],[108.95448560000003,34.210018400000024],[108.95448560000003,34.20981379999997],[108.95376110000004,34.20982110000004],[108.95376110000004,34.20955800000004],[108.95349600000004,34.20955800000004],[108.9529039,34.20955800000004],[108.9529039,34.2093461],[108.95237060000001,34.20934220000003],[108.9523738,34.209258400000024],[108.95215290000003,34.209258400000024],[108.95215290000003,34.208841900000024],[108.9522943,34.208790699999966],[108.9522943,34.20850570000001],[108.95263859999997,34.20850380000003],[108.9526014,34.20836630000002],[108.95255929999999,34.20818419999996],[108.95344300000001,34.20753379999997],[108.95432660000002,34.20757039999998],[108.95474190000002,34.20751190000003],[108.95604080000001,34.20749729999997],[108.95602309999997,34.20895150000003],[108.95627940000004,34.20903920000001],[108.95627050000002,34.21012800000003]]]},"properties":{"osm_id":"235397975","code":7202,"fclass":"park","name":"西安植物园","RASTERVALU":5.18367,"Light_Rain":"2.42772884486127","Moderate":"12.9928759730824","Heavy":"32.4171377866554","Storm":"64.1419903570866"}},
{"type":"Feature","geometry":{"type":"Polygon","coordinates":[[[108.99812550000001,34.20896919999999],[108.99803599999998,34.20898800000003],[108.9956392,34.21001390000001],[108.9955329,34.21010799999998],[108.99523690000002,34.210582199999955],[108.99508560000002,34.21051960000002],[108.99576840000003,34.20944300000002],[108.99586390000003,34.20933260000004],[108.995958,34.20927489999997],[108.99604599999999,34.209220900000034],[108.9969124,34.208843199999954],[108.99708379999997,34.20877540000003],[108.99729629999997,34.2087353],[108.99750259999999,34.208717699999966],[108.99778789999996,34.208720199999995],[108.99911479999997,34.20878219999997],[108.99912239999999,34.2089629],[108.99898579999996,34.20902320000002],[108.9982135,34.20896789999997],[108.99812550000001,34.20896919999999]]]},"properties":{"osm_id":"1227795809","code":7202,"fclass":"park","name":"","RASTERVALU":207.818,"Light_Rain":"0","Moderate":"0","Heavy":"0","Storm":"3.4227042604654"}},
{"type":"Feature","geometry":{"type":"Polygon","coordinates":[[[108.98540889999997,34.21053499999996],[108.98320279999996,34.21053499999996],[108.98320279999996,34.20976879999998],[108.98639060000002,34.20974140000002],[108.98540889999997,34.21053499999996]]]},"properties":{"osm_id":"245403686","code":7202,"fclass":"park","name":"曲江乐园","RASTERVALU":5.18367,"Light_Rain":"2.42772884486127","Moderate":"12.9928759730824","Heavy":"32.4171377866554","Storm":"64.1419903570866"}},
{"type":"Feature","geometry":{"type":"Polygon","coordinates":[[[108.98927789999999,34.21400070000001],[108.98802570000004,34.21474030000001],[108.98797689999999,34.20898460000002],[108.98945679999997,34.2076801],[108.98927789999999,34.21400070000001]]]},"properties":{"osm_id":"401519557","code":7202,"fclass":"park","name":"唐城墙公园","RASTERVALU":5.18367,"Light_Rain":"2.42772884486127","Moderate":"12.9928759730824","Heavy":"32.4171377866554","Storm":"64.1419903570866"}},
{"type":"Feature","geometry":{"type":"Polygon","coordinates":[[[109.04052211331208,34.219281627220596],[109.04164430000002,34.21872979999996],[109.04001029999999,34.21801709999997],[109.04009049999996,34.21626180000004],[109.03941669999999,34.21585880000001],[109.03912400000003,34.21479640000003],[109.03899390000001,34.21373399999997],[109.0392289,34.21294130000002],[109.03898489999997,34.2118805],[109.03898010000002,34.21117189999999],[109.039259,34.21016909999997],[109.03932130000001,34.20932810000002],[109.03964429999999,34.2071015],[109.03950590000001,34.20661809999997],[109.0391366,34.20604550000002],[109.03902889999998,34.20378070000004],[109.03904179999998,34.203688499999956],[109.03919820000003,34.20257190000003],[109.03919820000003,34.2019994],[109.04004429999996,34.20068880000001],[109.04056739999999,34.19862739999998],[109.04115199999995,34.19585339999996],[109.04187510000001,34.1950263],[109.04449049999997,34.195255300000035],[109.0452498,34.19565409999999],[109.04288259999997,34.201232899999994],[109.0420832,34.20339669999997],[109.04168339999995,34.20577090000004],[109.04166529999998,34.20722850000003],[109.04245620000005,34.21006580000004],[109.0426489,34.210502999999974],[109.0426726,34.21058840000003],[109.042693,34.210703699999975],[109.04271539999999,34.21081360000001],[109.04267669999999,34.21089369999997],[109.04262949999999,34.21100490000003],[109.04261619999996,34.211124300000044],[109.0426661,34.2113041],[109.0427562,34.21136890000003],[109.04281460000003,34.21142460000002],[109.04288359999997,34.211540800000044],[109.0429163,34.21165479999998],[109.04291760000002,34.211784599999966],[109.04284699999995,34.21212220000001],[109.04225630000002,34.21481580000004],[109.04227399999998,34.21730840000004],[109.04309739999998,34.22265339999998],[109.04362219999997,34.22534869999996],[109.04356649999998,34.22978180000003],[109.04358550000005,34.230071300000006],[109.04331549999999,34.230248700000026],[109.04306360000002,34.230277500000014],[109.0428315,34.2301754],[109.04253880000003,34.23011880000003],[109.04198050000002,34.229941700000026],[109.04183039999995,34.229102000000005],[109.04175190000004,34.2280972],[109.04190679999996,34.227710699999996],[109.04099779999999,34.22742039999996],[109.04076740000002,34.22682030000004],[109.04095640000003,34.22621499999997],[109.04126279999997,34.225858699999975],[109.04103590000003,34.22559989999996],[109.04080400000002,34.22510910000003],[109.04076740000002,34.22435259999997],[109.0409828,34.22341119999997],[109.04050589999997,34.222800599999985],[109.04039820000003,34.221770199999995],[109.04008017274332,34.21946624952071],[109.04007510000002,34.21942950000004],[109.04050589999997,34.21928960000001],[109.04052211331208,34.219281627220596]]]},"properties":{"osm_id":"289841941","code":7202,"fclass":"park","name":"雁鸣湖休闲公园","RASTERVALU":5.18367,"Light_Rain":"2.42772884486127","Moderate":"12.9928759730824","Heavy":"32.4171377866554","Storm":"64.1419903570866"}},
{"type":"Feature","geometry":{"type":"Polygon","coordinates":[[[108.96759670000003,34.21022790000004],[108.9676779,34.21026830000001],[108.96776359999998,34.21030910000001],[108.96785259999997,34.21034949999998],[108.9679656,34.21039820000001],[108.9680095,34.21041619999999],[108.9680654,34.21043849999997],[108.96812160000003,34.210460299999994],[108.96816599999997,34.210476999999955],[108.96821739999996,34.210495800000004],[108.96827600000002,34.210516500000026],[108.96833600000001,34.21053680000002],[108.96836659999995,34.210546800000046],[108.96842819999999,34.210566100000044],[108.96846449999998,34.210576899999964],[108.9685377,34.210597599999986],[108.96857450000002,34.21060750000001],[108.96861120000004,34.210616799999976],[108.96862889999998,34.210621099999976],[108.9686784,34.210633099999995],[108.96871720000001,34.210641800000005],[108.96874679999998,34.21064779999997],[108.96880569999996,34.2106589],[108.96887180000002,34.21067049999998],[108.96894480000002,34.21068239999999],[108.96902440000002,34.21069409999998],[108.96909569999998,34.210703400000035],[108.96918469999997,34.21071109999996],[108.96928589999999,34.210717200000026],[108.96939399999997,34.210721600000035],[108.96950339999997,34.21072429999999],[108.96951920000002,34.210724500000005],[108.96960840000003,34.21072560000001],[108.96970299999995,34.21072619999997],[108.97258730000004,34.21072619999997],[108.97267300000003,34.21072619999997],[108.97275880000002,34.21072619999997],[108.97574579999998,34.21072619999997],[108.97576790000004,34.21072859999999],[108.97578820000003,34.21073530000001],[108.97580579999997,34.21074600000001],[108.97581979999998,34.21076030000004],[108.97582910000004,34.210777],[108.9758329,34.21079479999996],[108.97583120000003,34.21081280000003],[108.97582399999997,34.21083019999996],[108.97581449999998,34.21084590000002],[108.97579470000004,34.2108769],[108.97576519999998,34.21092020000003],[108.975745,34.2109477],[108.97572400000004,34.210974700000016],[108.975702,34.211001199999984],[108.97567909999997,34.211027200000004],[108.97565530000004,34.211052499999965],[108.97563060000004,34.21107729999998],[108.97560509999998,34.211101600000035],[108.97557890000003,34.21112530000004],[108.97555210000003,34.211148600000016],[108.97549730000003,34.211194199999966],[108.97544150000003,34.211239000000035],[108.97535670000003,34.2113051],[108.9752994,34.211348500000035],[108.97524170000001,34.211391599999956],[108.97506710000005,34.211519399999965],[108.97498009999995,34.21158360000003],[108.97489400000002,34.2116486],[108.9748658,34.21167069999996],[108.974838,34.21169320000004],[108.97481079999999,34.21171609999998],[108.97478440000002,34.21173969999998],[108.97475880000003,34.21176390000003],[108.97473420000004,34.21178870000004],[108.97471050000003,34.21181420000002],[108.97468800000003,34.211840399999964],[108.97466640000002,34.21186710000004],[108.97464549999998,34.211894199999975],[108.97462519999999,34.211921600000025],[108.97460540000004,34.21194930000001],[108.97458610000004,34.21197720000001],[108.97456729999999,34.21200530000002],[108.9745491,34.21203369999997],[108.97453159999998,34.212062400000036],[108.97451480000001,34.21209140000004],[108.97449890000001,34.21212069999998],[108.97448410000004,34.212150400000034],[108.97447029999996,34.21218040000003],[108.97445759999998,34.21221079999997],[108.97444589999999,34.212241500000026],[108.97443509999998,34.212272299999995],[108.97441200000003,34.212348600000006],[108.97438200000003,34.21245290000002],[108.97434259999997,34.212593700000035],[108.9742914,34.212779200000014],[108.97422689999999,34.213014500000035],[108.9741519,34.213291599999955],[108.97408670000002,34.21353400000003],[108.97406999999997,34.21359899999999],[108.97398509999996,34.213925399999994],[108.97358279999999,34.215474999999955],[108.9735648,34.2155636],[108.97355699999999,34.215653199999956],[108.97355929999999,34.21574300000002],[108.97357179999996,34.21583230000003],[108.97359439999997,34.21592020000002],[108.97362689999999,34.216005900000006],[108.97364049999996,34.21604380000004],[108.97364619999999,34.2160831],[108.97364369999995,34.216122599999984],[108.97363329999999,34.21616119999998],[108.97361589999997,34.216196599999975],[108.97359170000001,34.2162291],[108.9735615,34.216257999999996],[108.97352589999998,34.21628239999997],[108.9706139,34.2178994],[108.9705494,34.21793500000002],[108.97048139999997,34.217970199999996],[108.97040890000001,34.21800470000001],[108.97033080000003,34.218038000000014],[108.97024629999997,34.21806969999997],[108.9701564,34.21809940000003],[108.97006240000003,34.21812669999998],[108.96996570000002,34.218151299999974],[108.96986759999999,34.218172899999985],[108.96976960000005,34.218191199999985],[108.96967309999997,34.21820650000001],[108.96957979999998,34.218218600000036],[108.96949069999998,34.218227799999994],[108.96940560000004,34.21823440000001],[108.96932390000003,34.21823929999997],[108.96771470000002,34.21831229999997],[108.9674836,34.21833340000003],[108.96722510000001,34.21837500000001],[108.96697180000001,34.21843220000003],[108.96675620000003,34.21850039999999],[108.9667356,34.21850840000003],[108.96605999999998,34.218770499999955],[108.96582340000003,34.218862300000005],[108.9657919,34.218873400000035],[108.96575829999998,34.218878999999966],[108.96572399999998,34.218878700000026],[108.96568219999999,34.218870100000025],[108.96564459999998,34.218852800000015],[108.96562500000005,34.21883580000003],[108.9656093,34.2188161],[108.96559809999995,34.21879449999999],[108.96559099999999,34.218767599999985],[108.96559079999997,34.21874020000003],[108.96559729999997,34.21871320000001],[108.96583359999998,34.21791580000003],[108.96584050000003,34.21788729999998],[108.96584519999998,34.217858900000024],[108.96584719999996,34.2178296],[108.96584609999995,34.217798900000034],[108.96584180000005,34.21776619999999],[108.96583400000002,34.217731399999955],[108.96582269999998,34.21769409999998],[108.96579049999997,34.21761310000003],[108.96575060000005,34.2175301],[108.96571009999998,34.217453799999994],[108.96520090000004,34.216553600000026],[108.96517109999998,34.2164975],[108.96514199999996,34.216437900000045],[108.96511390000003,34.216373899999994],[108.96508710000003,34.216305099999985],[108.96506220000002,34.21623219999999],[108.96503929999999,34.21615650000003],[108.965019,34.216079000000015],[108.96500159999998,34.21600090000004],[108.96498720000004,34.21592350000003],[108.96497579999998,34.21584789999999],[108.96496729999998,34.215775400000034],[108.96496189999998,34.21570689999996],[108.96495879999999,34.21564210000002],[108.96495749999997,34.21558039999997],[108.96495729999995,34.21552110000004],[108.96495739999996,34.214400899999994],[108.96495769999999,34.21439070000004],[108.96495800000001,34.214384100000025],[108.96495879999999,34.214375400000016],[108.96495959999997,34.2143688],[108.96496110000001,34.21436009999999],[108.96496240000002,34.2143537],[108.96496399999998,34.21434719999999],[108.96496580000004,34.214340799999995],[108.96496780000003,34.2143344],[108.96497090000001,34.214326000000014],[108.96497340000005,34.214319800000034],[108.9649771,34.214311499999965],[108.96498419999996,34.214297300000034],[108.96499829999998,34.214271300000014],[108.96500349999997,34.21426119999998],[108.96500830000001,34.214251000000026],[108.9650125,34.21424059999996],[108.9650147,34.214234199999964],[108.96501669999999,34.21422779999997],[108.96501830000003,34.21422139999997],[108.96501960000005,34.214214899999966],[108.96502060000005,34.21420839999996],[108.96502130000002,34.21420180000004],[108.96502169999995,34.21419520000003],[108.96502179999996,34.21419000000004],[108.96502160000004,34.213803400000025],[108.96502160000004,34.21373450000001],[108.96502050000004,34.21372270000001],[108.96501920000001,34.213713000000006],[108.96501749999996,34.213703400000014],[108.96501530000005,34.213693800000016],[108.96501190000004,34.21368200000002],[108.96500889999996,34.21367260000004],[108.96500010000004,34.213646800000035],[108.96499790000003,34.21363969999998],[108.96499599999996,34.21363260000002],[108.96499399999998,34.21362300000002],[108.96499289999997,34.21361579999996],[108.9649922,34.21360849999998],[108.96499199999998,34.213601600000025],[108.96499199999998,34.213281700000024],[108.96499409999998,34.213247600000045],[108.96500249999997,34.213214299999954],[108.96501690000001,34.21318249999999],[108.9650372,34.21315280000002],[108.96558370000001,34.212497200000044],[108.9656116,34.21246380000003],[108.96563819999999,34.212429699999966],[108.96566330000002,34.212394900000014],[108.96568710000004,34.21235940000001],[108.96570650000004,34.21232300000002],[108.96572609999997,34.212281899999994],[108.96574969999998,34.21223779999998],[108.96578060000004,34.212192499999965],[108.9673945,34.21025670000002],[108.96743360000004,34.210231499999985],[108.96749020000001,34.210217599999986],[108.96754950000003,34.21021600000003],[108.96759670000003,34.21022790000004]]]},"properties":{"osm_id":"18399358","code":7202,"fclass":"park","name":"大唐芙蓉园","RASTERVALU":5.18367,"Light_Rain":"2.42772884486127","Moderate":"12.9928759730824","Heavy":"32.4171377866554","Storm":"64.1419903570866"}},
{"type":"Feature","geometry":{"type":"Polygon","coordinates":[[[109.02200910000005,34.21373749999999],[109.02343479999996,34.21487069999996],[109.02409409999999,34.21548440000002],[109.02104539999998,34.21681799999997],[109.01786220000002,34.216209100000036],[109.02058939999999,34.21240900000003],[109.02200910000005,34.21373749999999]]]},"properties":{"osm_id":"402064217","code":7202,"fclass":"park","name":"","RASTERVALU":207.818,"Light_Rain":"0","Moderate":"0","Heavy":"0","Storm":"3.4227042604654"}},
{"type":"Feature","geometry":{"type":"Polygon","coordinates":[[[108.97563749999999,34.21816009999999],[108.9755636,34.218071999999985],[108.97413730000004,34.216329200000025],[108.97420089999997,34.216201500000025],[108.9752093,34.21572820000004],[108.97530769999997,34.21570110000001],[108.97532680000005,34.215869399999995],[108.97709340000002,34.215857399999976],[108.97711910000001,34.21559480000001],[108.97723100000003,34.21559309999996],[108.9770567,34.2173412],[108.97683810000004,34.21772360000002],[108.9764673,34.21780300000002],[108.97634750000003,34.217759799999996],[108.97563749999999,34.21816009999999]]]},"properties":{"osm_id":"254474179","code":7202,"fclass":"park","name":"曲江海洋极地公园","RASTERVALU":5.18367,"Light_Rain":"2.42772884486127","Moderate":"12.9928759730824","Heavy":"32.4171377866554","Storm":"64.1419903570866"}},
{"type":"Feature","geometry":{"type":"Polygon","coordinates":[[[108.98889510000004,34.218276300000014],[108.98889810000001,34.218933500000034],[108.98790220000004,34.21894180000001],[108.98790430000003,34.21875930000001],[108.987905,34.21869170000001],[108.98790569999997,34.21863490000002],[108.9879126,34.2180292],[108.98791710000002,34.21763220000001],[108.987919,34.217461600000014],[108.9879211,34.21727439999998],[108.98792619999998,34.216824399999965],[108.9879393,34.21567220000002],[108.98888310000001,34.21566350000001],[108.98889510000004,34.218276300000014]]]},"properties":{"osm_id":"401519556","code":7202,"fclass":"park","name":"曲江青少年活动中心","RASTERVALU":119.529,"Light_Rain":"0","Moderate":"0","Heavy":"1.48661668200985","Storm":"12.8283676013327"}},
{"type":"Feature","geometry":{"type":"Polygon","coordinates":[[[108.98153980000004,34.217651099999976],[108.98160420000004,34.21767989999996],[108.9816447,34.217713599999996],[108.9820149,34.21818610000001],[108.98125020000005,34.21860690000001],[108.98115630000001,34.21859359999998],[108.98109730000002,34.218573600000006],[108.98103830000001,34.21852709999998],[108.98098729999997,34.2184672],[108.98095509999997,34.21840510000001],[108.98094969999997,34.218354099999964],[108.98094969999997,34.218285299999955],[108.98096049999997,34.21823870000001],[108.98122359999998,34.2177491],[108.98125310000002,34.21772030000002],[108.98129329999998,34.21768920000002],[108.98133629999998,34.21766929999997],[108.98138190000002,34.21765600000003],[108.98147840000001,34.2176471],[108.98153980000004,34.217651099999976]]]},"properties":{"osm_id":"277482597","code":7202,"fclass":"park","name":"","RASTERVALU":84.6667,"Light_Rain":"0","Moderate":"1.32709433381689E-02","Heavy":"4.19738989471845","Storm":"20.4458115174304"}},
{"type":"Feature","geometry":{"type":"Polygon","coordinates":[[[109.03701709999996,34.21861250000003],[109.03703849999995,34.21869229999997],[109.03695269999996,34.218993899999965],[109.03300450000005,34.21895849999997],[109.03301519999995,34.21868340000003],[109.03309570000005,34.21857250000001],[109.03701709999996,34.21861250000003]]]},"properties":{"osm_id":"879035203","code":7202,"fclass":"park","name":"","RASTERVALU":84.6667,"Light_Rain":"0","Moderate":"1.32709433381689E-02","Heavy":"4.19738989471845","Storm":"20.4458115174304"}},
{"type":"Feature","geometry":{"type":"Polygon","coordinates":[[[109.09729670000004,34.21642399999996],[109.09753729999996,34.216576200000034],[109.09816019999998,34.21839069999997],[109.09910010000004,34.21917260000001],[109.09865179999998,34.21961920000001],[109.0970526,34.22007320000001],[109.0977031,34.22152199999998],[109.09631779999995,34.221956999999996],[109.09454320000003,34.218157200000014],[109.09400029999996,34.21749969999997],[109.09568279999999,34.21643570000004],[109.09656049999997,34.216154799999984],[109.09729670000004,34.21642399999996]]]},"properties":{"osm_id":"479709026","code":7202,"fclass":"park","name":"西汉薄太后陵","RASTERVALU":84.6667,"Light_Rain":"0","Moderate":"1.32709433381689E-02","Heavy":"4.19738989471845","Storm":"20.4458115174304"}},
{"type":"Feature","geometry":{"type":"Polygon","coordinates":[[[109.04052211331208,34.219281627220596],[109.04053279999997,34.21944059999998],[109.04008017274332,34.21946624952071],[109.03959400000001,34.21949380000003],[109.03867669999997,34.219387400000016],[109.03834949999998,34.21932530000003],[109.03830119999998,34.2192809],[109.03817779999999,34.21936070000003],[109.03801689999999,34.21933859999998],[109.03783990000001,34.21928530000001],[109.0377004,34.21918770000001],[109.03746970000002,34.21912120000002],[109.03751260000001,34.218784100000015],[109.03920780000003,34.21880629999999],[109.04009289999999,34.218917200000014],[109.04089220000004,34.218797399999964],[109.04058109999997,34.21909899999996],[109.04051669999997,34.21920109999997],[109.04052211331208,34.219281627220596]]]},"properties":{"osm_id":"879035204","code":7202,"fclass":"park","name":"","RASTERVALU":84.6667,"Light_Rain":"0","Moderate":"1.32709433381689E-02","Heavy":"4.19738989471845","Storm":"20.4458115174304"}},
{"type":"Feature","geometry":{"type":"Polygon","coordinates":[[[108.96135189999998,34.220564900000014],[108.9613607,34.21904879999998],[108.9613607,34.218866099999964],[108.96191299999995,34.2188698],[108.96192550000002,34.218055],[108.96256850000002,34.218066900000004],[108.96257569999999,34.21841669999999],[108.96309700000005,34.21840579999998],[108.96309260000004,34.21946160000003],[108.96277890000002,34.219527300000045],[108.9627754,34.21997140000002],[108.96277490000004,34.22003859999999],[108.96135189999998,34.220564900000014]]]},"properties":{"osm_id":"252867151","code":7202,"fclass":"park","name":"唐大慈恩寺遗址公园","RASTERVALU":207.818,"Light_Rain":"0","Moderate":"0","Heavy":"0","Storm":"3.4227042604654"}},
{"type":"Feature","geometry":{"type":"Polygon","coordinates":[[[108.9585492,34.220986599999996],[108.95782850000005,34.22098500000004],[108.95781960000002,34.22000859999999],[108.95759139999997,34.219996499999965],[108.95760150000001,34.219598700000006],[108.9583421,34.21962539999999],[108.95838449999995,34.21807289999997],[108.95856790000003,34.21807230000001],[108.9585492,34.220986599999996]]]},"properties":{"osm_id":"1245154061","code":7202,"fclass":"park","name":"","RASTERVALU":5.18367,"Light_Rain":"2.42772884486127","Moderate":"12.9928759730824","Heavy":"32.4171377866554","Storm":"64.1419903570866"}},
{"type":"Feature","geometry":{"type":"Polygon","coordinates":[[[109.20210149999998,34.2200248],[109.20175999999998,34.22008359999998],[109.20168479999997,34.21986009999996],[109.20200799999998,34.219792899999995],[109.20210149999998,34.2200248]]]},"properties":{"osm_id":"297866553","code":7202,"fclass":"park","name":"Evan's Park","RASTERVALU":5.18367,"Light_Rain":"2.42772884486127","Moderate":"12.9928759730824","Heavy":"32.4171377866554","Storm":"64.1419903570866"}},
{"type":"Feature","geometry":{"type":"MultiPolygon","coordinates":[[[[108.96034960000001,34.21788389999996],[108.9596442,34.217887499999996],[108.95964409999999,34.2177759],[108.95975190000003,34.2177759],[108.95975100000004,34.21709939999998],[108.95957590000003,34.2170996],[108.95957570000002,34.216987400000036],[108.96010119999997,34.216989300000016],[108.96016950000003,34.21700289999999],[108.96022699999999,34.21702189999996],[108.96028740000001,34.217067500000006],[108.96032529999995,34.217122400000015],[108.96034650000001,34.21717769999997],[108.96034960000001,34.21788389999996]]],[[[108.95926460000003,34.21698759999997],[108.95926470000003,34.217102699999984],[108.95909390000003,34.2171029],[108.95909480000002,34.21777730000002],[108.95919720000005,34.21777730000002],[108.95919729999997,34.21788790000003],[108.95857970000003,34.217891000000016],[108.95858109999996,34.21705219999998],[108.95859189999997,34.21703379999997],[108.95861500000002,34.21701600000001],[108.95865160000002,34.21699759999999],[108.9587082,34.21698559999998],[108.95926460000003,34.21698759999997]]],[[[108.96135189999998,34.220564900000014],[108.9613607,34.21904879999998],[108.9613607,34.218866099999964],[108.96191299999995,34.2188698],[108.96192550000002,34.218055],[108.96256850000002,34.218066900000004],[108.96257569999999,34.21841669999999],[108.96309700000005,34.21840579999998],[108.96309260000004,34.21946160000003],[108.96277890000002,34.219527300000045],[108.9627754,34.21997140000002],[108.96277490000004,34.22003859999999],[108.96135189999998,34.220564900000014]]],[[[108.95946650000003,34.218067400000045],[108.9604,34.21806840000004],[108.96037990000004,34.22084779999997],[108.96004490000003,34.2209308],[108.95886549999996,34.22091669999999],[108.95860460000004,34.2208417],[108.95860750000001,34.21806649999997],[108.95946650000003,34.218067400000045]]],[[[108.9585492,34.220986599999996],[108.95782850000005,34.22098500000004],[108.95781960000002,34.22000859999999],[108.95759139999997,34.219996499999965],[108.95760150000001,34.219598700000006],[108.9583421,34.21962539999999],[108.95838449999995,34.21807289999997],[108.95856790000003,34.21807230000001],[108.9585492,34.220986599999996]]],[[[108.96135189999998,34.220564900000014],[108.96134410000005,34.22098729999997],[108.96039009999998,34.22098690000002],[108.96041730000002,34.218018199999975],[108.96061390000003,34.21802799999998],[108.96192540000001,34.218055],[108.96191280000004,34.218869599999984],[108.96136059999999,34.21886590000003],[108.96135189999998,34.220564900000014]]],[[[108.9575756,34.219472],[108.95756540000004,34.22001760000003],[108.95779700000001,34.22002659999997],[108.9577732,34.22249000000004],[108.95747310000004,34.222741499999984],[108.9563133,34.222772699999986],[108.95629149999998,34.21942500000002],[108.95743069999999,34.21939229999998],[108.9575756,34.219472]]],[[[108.96280250000001,34.220290999999996],[108.96278240000004,34.22080269999997],[108.96272840000002,34.22177419999997],[108.9641173,34.221780699999975],[108.96412139999998,34.22238619999998],[108.96410939999997,34.22292509999998],[108.96213219999997,34.2228684],[108.96155610000001,34.22286279999998],[108.96155830000001,34.2208245],[108.96164330000002,34.22068599999999],[108.96269760000004,34.22024139999998],[108.96280250000001,34.220290999999996]]],[[[108.9585492,34.22098700000003],[108.96039009999998,34.22098710000004],[108.96134400000004,34.22098780000001],[108.96125250000001,34.22417759999997],[108.95789979999999,34.224141000000046],[108.95786780000002,34.222790600000046],[108.95782850000005,34.220985099999965],[108.9585492,34.22098700000003]]]]},"properties":{"osm_id":"16734499","code":7202,"fclass":"park","name":"大雁塔休闲文化景区","RASTERVALU":5.18367,"Light_Rain":"2.42772884486127","Moderate":"12.9928759730824","Heavy":"32.4171377866554","Storm":"64.1419903570866"}},
{"type":"Feature","geometry":{"type":"Polygon","coordinates":[[[108.9575756,34.219472],[108.95756540000004,34.22001760000003],[108.95779700000001,34.22002659999997],[108.9577732,34.22249000000004],[108.95747310000004,34.222741499999984],[108.9563133,34.222772699999986],[108.95629149999998,34.21942500000002],[108.95743069999999,34.21939229999998],[108.9575756,34.219472]]]},"properties":{"osm_id":"249318213","code":7202,"fclass":"park","name":"陕西民俗大观园","RASTERVALU":5.18367,"Light_Rain":"2.42772884486127","Moderate":"12.9928759730824","Heavy":"32.4171377866554","Storm":"64.1419903570866"}},
{"type":"Feature","geometry":{"type":"Polygon","coordinates":[[[108.96280250000001,34.220290999999996],[108.96278240000004,34.22080269999997],[108.96272840000002,34.22177419999997],[108.9641173,34.221780699999975],[108.96412139999998,34.22238619999998],[108.96410939999997,34.22292509999998],[108.96213219999997,34.2228684],[108.96155610000001,34.22286279999998],[108.96155830000001,34.2208245],[108.96164330000002,34.22068599999999],[108.96269760000004,34.22024139999998],[108.96280250000001,34.220290999999996]]]},"properties":{"osm_id":"252132885","code":7202,"fclass":"park","name":"陕西戏曲大观园","RASTERVALU":5.18367,"Light_Rain":"2.42772884486127","Moderate":"12.9928759730824","Heavy":"32.4171377866554","Storm":"64.1419903570866"}},
{"type":"Feature","geometry":{"type":"Polygon","coordinates":[[[108.9585492,34.22098700000003],[108.96039009999998,34.22098710000004],[108.96134400000004,34.22098780000001],[108.96125250000001,34.22417759999997],[108.95789979999999,34.224141000000046],[108.95786780000002,34.222790600000046],[108.95782850000005,34.220985099999965],[108.9585492,34.22098700000003]]]},"properties":{"osm_id":"1245154060","code":7202,"fclass":"park","name":"大雁塔北广场","RASTERVALU":5.18367,"Light_Rain":"2.42772884486127","Moderate":"12.9928759730824","Heavy":"32.4171377866554","Storm":"64.1419903570866"}},
{"type":"Feature","geometry":{"type":"Polygon","coordinates":[[[108.96868229999997,34.22399849999998],[108.96743580000003,34.2239998],[108.96743690000004,34.22465529999997],[108.96612669999999,34.224656800000005],[108.96612209999996,34.22210169999998],[108.9662599,34.22164590000001],[108.96794069999999,34.2216446],[108.96794130000004,34.22217039999998],[108.96867970000002,34.22216970000001],[108.96868229999997,34.22399849999998]]]},"properties":{"osm_id":"1246874062","code":7202,"fclass":"park","name":"西安电影制片厂西影电影艺术体验中心","RASTERVALU":5.18367,"Light_Rain":"2.42772884486127","Moderate":"12.9928759730824","Heavy":"32.4171377866554","Storm":"64.1419903570866"}},
{"type":"Feature","geometry":{"type":"Polygon","coordinates":[[[108.99230000000003,34.22400609999999],[108.99194460000001,34.22385249999998],[108.9919766,34.22377519999998],[108.99194130000001,34.223708499999965],[108.99187410000005,34.22367680000001],[108.99180610000002,34.22365780000003],[108.99173369999997,34.22365780000003],[108.9916459,34.22370280000003],[108.9914335,34.22361179999996],[108.99179809999997,34.22315909999998],[108.9920067,34.22321560000004],[108.99210370000003,34.22321489999998],[108.99223289999998,34.22320089999998],[108.99234989999998,34.22317370000004],[108.99319879999996,34.22351400000004],[108.99305900000003,34.22373419999996],[108.992727,34.22361619999997],[108.99265970000003,34.22369769999996],[108.99252919999998,34.22364500000004],[108.99230000000003,34.22400609999999]]]},"properties":{"osm_id":"1285636706","code":7202,"fclass":"park","name":"","RASTERVALU":207.818,"Light_Rain":"0","Moderate":"0","Heavy":"0","Storm":"3.4227042604654"}},
{"type":"Feature","geometry":{"type":"Polygon","coordinates":[[[108.99124250000001,34.22347909999999],[108.99126149999998,34.223502499999974],[108.9912713,34.22353220000004],[108.99127089999996,34.22355890000002],[108.99102680000001,34.223911699999995],[108.99079669999999,34.22378870000003],[108.99079930000002,34.22346320000001],[108.99120459999999,34.223457199999956],[108.99124250000001,34.22347909999999]]]},"properties":{"osm_id":"1285501384","code":7202,"fclass":"park","name":"","RASTERVALU":207.818,"Light_Rain":"0","Moderate":"0","Heavy":"0","Storm":"3.4227042604654"}},
{"type":"Feature","geometry":{"type":"Polygon","coordinates":[[[108.83709580000001,34.21476149999999],[108.83718600000002,34.214820299999964],[108.83723020000002,34.214939900000005],[108.83724960000004,34.21659420000001],[108.8370946,34.21676270000001],[108.83450399999997,34.216759199999984],[108.83422360000004,34.21670720000004],[108.83339020000001,34.21635830000003],[108.83332529999997,34.21624350000004],[108.83331779999996,34.214871200000005],[108.83344669999997,34.21474079999996],[108.83709580000001,34.21476149999999]]]},"properties":{"osm_id":"727377595","code":7202,"fclass":"park","name":"西安人才公园","RASTERVALU":84.6667,"Light_Rain":"0","Moderate":"1.32709433381689E-02","Heavy":"4.19738989471845","Storm":"20.4458115174304"}},
{"type":"Feature","geometry":{"type":"Polygon","coordinates":[[[108.95329730000003,34.215841600000005],[108.95329669999998,34.216212000000006],[108.95281249999998,34.216211399999956],[108.95281320000004,34.21584100000004],[108.95329730000003,34.215841600000005]]]},"properties":{"osm_id":"277481282","code":7202,"fclass":"park","name":"","RASTERVALU":5.18367,"Light_Rain":"2.42772884486127","Moderate":"12.9928759730824","Heavy":"32.4171377866554","Storm":"64.1419903570866"}},
{"type":"Feature","geometry":{"type":"Polygon","coordinates":[[[108.93705519999997,34.21786200000002],[108.93677499999997,34.217864100000014],[108.93677240000002,34.21792850000001],[108.93649079999999,34.21793149999999],[108.93648859999999,34.21817760000002],[108.9357943,34.2181838],[108.93580210000003,34.217186199999965],[108.93704999999999,34.21718399999996],[108.93705519999997,34.21786200000002]]]},"properties":{"osm_id":"1064850849","code":7202,"fclass":"park","name":"","RASTERVALU":84.6667,"Light_Rain":"0","Moderate":"1.32709433381689E-02","Heavy":"4.19738989471845","Storm":"20.4458115174304"}},
{"type":"Feature","geometry":{"type":"Polygon","coordinates":[[[108.91471119999996,34.21665870000002],[108.91476040000003,34.21666119999996],[108.914789,34.21667199999997],[108.91481940000003,34.21668780000003],[108.91485070000004,34.216720800000004],[108.9148641,34.21676080000003],[108.9148641,34.21880780000002],[108.9148587,34.21884110000003],[108.9148319,34.218856599999974],[108.91478720000003,34.21887020000003],[108.91474430000004,34.21887689999997],[108.9147032,34.218867700000004],[108.9146719,34.218850299999986],[108.91461999999997,34.21878559999996],[108.9135856,34.217175699999984],[108.91356320000001,34.21713560000004],[108.91355790000001,34.21710010000004],[108.91356049999996,34.217062400000025],[108.91357659999997,34.21703799999996],[108.91360879999996,34.21701359999999],[108.9139709,34.216842799999974],[108.91421769999998,34.2167497],[108.91441079999997,34.21669420000003],[108.91451809999997,34.21667429999998],[108.91463069999996,34.21665870000002],[108.91471119999996,34.21665870000002]]]},"properties":{"osm_id":"293146117","code":7202,"fclass":"park","name":"紫薇花园广场","RASTERVALU":119.529,"Light_Rain":"0","Moderate":"0","Heavy":"1.48661668200985","Storm":"12.8283676013327"}},
{"type":"Feature","geometry":{"type":"Polygon","coordinates":[[[108.94181130000003,34.2161819],[108.94181919999997,34.21958979999998],[108.94173659999997,34.21965480000003],[108.94115460000005,34.21965150000002],[108.94113099999996,34.21617870000001],[108.94181130000003,34.2161819]]]},"properties":{"osm_id":"1064850857","code":7202,"fclass":"park","name":"小寨公园","RASTERVALU":84.6667,"Light_Rain":"0","Moderate":"1.32709433381689E-02","Heavy":"4.19738989471845","Storm":"20.4458115174304"}},
{"type":"Feature","geometry":{"type":"Polygon","coordinates":[[[108.73306709999997,34.2235876],[108.73239949999999,34.22355599999996],[108.73234870000005,34.22292409999999],[108.73243750000002,34.22237580000001],[108.73264759999999,34.22176950000003],[108.73290450000002,34.221317700000036],[108.73312389999997,34.22101649999998],[108.73335279999999,34.22079639999998],[108.7353002,34.221004900000004],[108.73534560000003,34.221045700000005],[108.73499040000003,34.22159059999997],[108.7348256,34.22192979999997],[108.73470749999998,34.22226899999997],[108.73454600000004,34.22298609999997],[108.73451690000003,34.22346149999996],[108.73315849999999,34.223457900000014],[108.73306709999997,34.2235876]]]},"properties":{"osm_id":"878896655","code":7202,"fclass":"park","name":"","RASTERVALU":84.6667,"Light_Rain":"0","Moderate":"1.32709433381689E-02","Heavy":"4.19738989471845","Storm":"20.4458115174304"}},
{"type":"Feature","geometry":{"type":"Polygon","coordinates":[[[108.73613010000001,34.2211648],[108.73668269999999,34.221413200000036],[108.7363823,34.22248660000003],[108.73628570000001,34.2226419],[108.7361194,34.22337819999999],[108.73587800000003,34.22353779999997],[108.73478899999998,34.22354669999999],[108.73477829999999,34.223431400000045],[108.73481589999999,34.222899099999964],[108.73498209999997,34.22228260000003],[108.73520749999997,34.22174590000003],[108.73549710000003,34.221302300000005],[108.73564200000004,34.221116000000045],[108.73613010000001,34.2211648]]]},"properties":{"osm_id":"878896654","code":7202,"fclass":"park","name":"","RASTERVALU":207.818,"Light_Rain":"0","Moderate":"0","Heavy":"0","Storm":"3.4227042604654"}},
{"type":"Feature","geometry":{"type":"Polygon","coordinates":[[[108.88467340000001,34.206997099999974],[108.88470179999996,34.20952560000002],[108.88484290000001,34.20966310000003],[108.88490110000002,34.212095899999966],[108.88483250000003,34.21264329999996],[108.88480289999998,34.213610499999966],[108.88483159999996,34.21514149999999],[108.8848826,34.21533300000002],[108.88489199999998,34.22068029999997],[108.88484190000001,34.220981300000005],[108.88483860000001,34.22143509999998],[108.88459769999997,34.2215802],[108.88461130000003,34.22196690000002],[108.88480169999997,34.2221095],[108.8848074,34.222525799999985],[108.88487430000002,34.222841399999986],[108.88488850000005,34.22613180000001],[108.88482080000004,34.22641120000004],[108.88481379999999,34.22693949999996],[108.8846581,34.2270624],[108.88465440000004,34.22747170000003],[108.88481239999997,34.22755630000001],[108.88479690000001,34.22802809999997],[108.88485800000001,34.228423700000015],[108.88486629999998,34.229835600000044],[108.88477899999995,34.22992159999996],[108.8847783,34.23004649999999],[108.88487489999999,34.23012640000003],[108.88485280000002,34.234054299999954],[108.88474929999998,34.234153299999974],[108.8847397,34.234442400000006],[108.88483709999997,34.234512999999986],[108.88487090000001,34.237707699999994],[108.88478090000002,34.23808319999998],[108.88479739999997,34.23847220000001],[108.8847473,34.23854530000002],[108.88370630000001,34.238549299999995],[108.88372800000003,34.23613760000002],[108.88353030000002,34.23583190000004],[108.88352319999997,34.235249499999995],[108.88363079999999,34.23484899999998],[108.88363299999999,34.23454360000003],[108.8837039,34.234450300000034],[108.88371109999997,34.234145999999996],[108.88363729999999,34.234073600000045],[108.88363689999996,34.23377429999997],[108.88352310000005,34.23348219999996],[108.88355559999998,34.23016119999998],[108.88361259999999,34.23007089999997],[108.88361679999998,34.22991260000002],[108.88353919999996,34.22978910000001],[108.88352519999995,34.22822840000002],[108.88362739999998,34.2279126],[108.88363709999997,34.22764709999998],[108.88375729999997,34.22751120000001],[108.88377319999996,34.227058500000034],[108.88362619999997,34.226957899999974],[108.88362480000002,34.2267597],[108.88352959999996,34.22648759999996],[108.88353580000003,34.21441459999997],[108.88363220000002,34.21415909999997],[108.8836362,34.21257029999996],[108.88357349999995,34.21234399999998],[108.8835816,34.20963620000002],[108.88368380000003,34.20956110000002],[108.88368839999995,34.20916869999998],[108.88360240000004,34.209116600000016],[108.88359150000002,34.20700589999999],[108.88368060000002,34.20691769999998],[108.88455240000003,34.20691019999998],[108.88467340000001,34.206997099999974]]]},"properties":{"osm_id":"28463051","code":7202,"fclass":"park","name":"唐城墙遗址公园","RASTERVALU":207.818,"Light_Rain":"0","Moderate":"0","Heavy":"0","Storm":"3.4227042604654"}},
{"type":"Feature","geometry":{"type":"Polygon","coordinates":[[[108.7342354,34.22356889999996],[108.73426809999995,34.223595999999986],[108.73429609999997,34.22398600000001],[108.73425879999999,34.224028399999966],[108.73339009999997,34.2238624],[108.73333879999998,34.223823800000005],[108.73333879999998,34.223626899999964],[108.73337150000002,34.2235651],[108.7342354,34.22356889999996]]]},"properties":{"osm_id":"878896656","code":7202,"fclass":"park","name":"","RASTERVALU":207.818,"Light_Rain":"0","Moderate":"0","Heavy":"0","Storm":"3.4227042604654"}},
{"type":"Feature","geometry":{"type":"Polygon","coordinates":[[[108.95166210000001,34.22457780000004],[108.95167259999998,34.22699620000003],[108.9490192,34.22701369999997],[108.94895539999996,34.22457110000002],[108.95166210000001,34.22457780000004]]]},"properties":{"osm_id":"249318211","code":7202,"fclass":"park","name":"陕西历史博物馆","RASTERVALU":5.18367,"Light_Rain":"2.42772884486127","Moderate":"12.9928759730824","Heavy":"32.4171377866554","Storm":"64.1419903570866"}},
{"type":"Feature","geometry":{"type":"Polygon","coordinates":[[[108.97320010000003,34.22432779999996],[108.9730398,34.22539770000002],[108.97210459999998,34.2249348],[108.97210459999998,34.22487300000004],[108.97305259999999,34.22420500000001],[108.97320010000003,34.22432779999996]]]},"properties":{"osm_id":"879228521","code":7202,"fclass":"park","name":"","RASTERVALU":5.18367,"Light_Rain":"2.42772884486127","Moderate":"12.9928759730824","Heavy":"32.4171377866554","Storm":"64.1419903570866"}},
{"type":"Feature","geometry":{"type":"Polygon","coordinates":[[[108.98890710000005,34.2261918],[108.98876840000003,34.226171600000015],[108.98864900000001,34.22609450000003],[108.98852399999997,34.22593790000004],[108.98851200000004,34.225669999999994],[108.98820539999998,34.22546560000004],[108.9878427,34.22533279999998],[108.9878611,34.224448800000026],[108.98847620000001,34.22444079999998],[108.98888039999997,34.22443549999999],[108.98890710000005,34.2261918]]]},"properties":{"osm_id":"1037715244","code":7202,"fclass":"park","name":"","RASTERVALU":207.818,"Light_Rain":"0","Moderate":"0","Heavy":"0","Storm":"3.4227042604654"}},
{"type":"Feature","geometry":{"type":"Polygon","coordinates":[[[108.99745099999998,34.22650530000001],[108.99672890000001,34.22617260000001],[108.9969768,34.2258118],[108.99701010000001,34.22576339999999],[108.99650690000003,34.2255295],[108.99661420000002,34.2253609],[108.99635020000002,34.22523870000001],[108.99647949999998,34.22504970000001],[108.99725300000003,34.225409999999975],[108.99750190000002,34.22504020000002],[108.99769989999997,34.224742900000024],[108.99773209999996,34.22470000000003],[108.99845950000002,34.22503290000004],[108.99819990000005,34.225397600000015],[108.99745099999998,34.22650530000001]]]},"properties":{"osm_id":"370291903","code":7202,"fclass":"park","name":"曲江景园","RASTERVALU":207.818,"Light_Rain":"0","Moderate":"0","Heavy":"0","Storm":"3.4227042604654"}},
{"type":"Feature","geometry":{"type":"Polygon","coordinates":[[[108.99550799999997,34.226802800000016],[108.99534919999998,34.22703260000002],[108.99511040000003,34.22737810000001],[108.9950962,34.22739870000003],[108.99649190000002,34.228037699999966],[108.99630779999998,34.228277600000006],[108.9948072,34.22759290000002],[108.99538769999997,34.226738400000016],[108.99550799999997,34.226802800000016]]]},"properties":{"osm_id":"370291910","code":7202,"fclass":"park","name":"","RASTERVALU":207.818,"Light_Rain":"0","Moderate":"0","Heavy":"0","Storm":"3.4227042604654"}},
{"type":"Feature","geometry":{"type":"Polygon","coordinates":[[[108.9877697,34.2275948],[108.9875593,34.227941199999975],[108.98730769999996,34.22783670000003],[108.98713760000001,34.22776609999996],[108.9873479,34.22741969999999],[108.9877697,34.2275948]]]},"properties":{"osm_id":"1340245643","code":7202,"fclass":"park","name":"","RASTERVALU":5.18367,"Light_Rain":"2.42772884486127","Moderate":"12.9928759730824","Heavy":"32.4171377866554","Storm":"64.1419903570866"}},
{"type":"Feature","geometry":{"type":"Polygon","coordinates":[[[109.095716,34.232430499999985],[109.09366700000001,34.23341870000004],[109.09283770000005,34.233472499999955],[109.09228880000002,34.233649799999974],[109.09180499999995,34.23388760000002],[109.09111389999997,34.23378839999998],[109.09052850000003,34.23278679999998],[109.09498430000002,34.231032200000016],[109.095716,34.232430499999985]]]},"properties":{"osm_id":"1108473769","code":7202,"fclass":"park","name":"","RASTERVALU":84.6667,"Light_Rain":"0","Moderate":"1.32709433381689E-02","Heavy":"4.19738989471845","Storm":"20.4458115174304"}},
{"type":"Feature","geometry":{"type":"Polygon","coordinates":[[[108.98591710000001,34.236294500000035],[108.98534530000003,34.23718249999997],[108.98370859999997,34.2365195],[108.98251680000004,34.23595420000004],[108.9818465,34.235681400000026],[108.98212810000004,34.235256],[108.98200780000003,34.23519259999999],[108.9818647,34.235132900000025],[108.98212939999996,34.2347536],[108.9821095,34.234541500000034],[108.98209299999998,34.234366099999995],[108.98260790000003,34.234363200000026],[108.98263890000003,34.23330570000001],[108.98387399999999,34.233260199999975],[108.98401640000004,34.23337570000003],[108.98447409999999,34.233395699999996],[108.9848092,34.23337289999998],[108.98519979999999,34.2333796],[108.98520169999998,34.233476799999956],[108.9871106,34.233789599999994],[108.98714850000002,34.233716200000046],[108.98750610000003,34.2337854],[108.98676659999995,34.234096200000046],[108.98660950000001,34.2343254],[108.98675020000002,34.2344735],[108.98725959999997,34.23435340000001],[108.98750959999997,34.23445719999999],[108.9871826,34.23505900000004],[108.98678179999997,34.23489289999998],[108.98591710000001,34.236294500000035]]]},"properties":{"osm_id":"245402102","code":7202,"fclass":"park","name":"青龙寺遗址公园","RASTERVALU":5.18367,"Light_Rain":"2.42772884486127","Moderate":"12.9928759730824","Heavy":"32.4171377866554","Storm":"64.1419903570866"}},
{"type":"Feature","geometry":{"type":"Polygon","coordinates":[[[108.96128470000002,34.24196440000003],[108.9612867,34.24218279999998],[108.96086390000002,34.24218110000002],[108.96085779999996,34.24196269999998],[108.96128470000002,34.24196440000003]]]},"properties":{"osm_id":"977900012","code":7202,"fclass":"park","name":"","RASTERVALU":5.18367,"Light_Rain":"2.42772884486127","Moderate":"12.9928759730824","Heavy":"32.4171377866554","Storm":"64.1419903570866"}},
{"type":"Feature","geometry":{"type":"Polygon","coordinates":[[[108.9822038,34.24341980000001],[108.98220249999997,34.24354809999997],[108.98186810000001,34.24354570000004],[108.98186950000004,34.2434175],[108.9822038,34.24341980000001]]]},"properties":{"osm_id":"264753765","code":7202,"fclass":"park","name":"","RASTERVALU":5.18367,"Light_Rain":"2.42772884486127","Moderate":"12.9928759730824","Heavy":"32.4171377866554","Storm":"64.1419903570866"}},
{"type":"Feature","geometry":{"type":"Polygon","coordinates":[[[108.97979850000002,34.24528350000003],[108.97979630000002,34.24548650000004],[108.97933930000003,34.24532269999999],[108.97910999999998,34.24524060000003],[108.97909829999999,34.24520449999998],[108.97904879999999,34.24516349999996],[108.97899670000002,34.24515389999996],[108.97897010000004,34.245149000000005],[108.97888549999998,34.245156299999984],[108.97879519999996,34.24522860000002],[108.97852990000004,34.245045400000045],[108.97853070000001,34.245003899999986],[108.97853569999998,34.24474709999997],[108.97881850000002,34.2447453],[108.97959480000004,34.244736000000024],[108.97971700000002,34.24473910000002],[108.97980429999997,34.24473910000002],[108.97979850000002,34.24528350000003]]]},"properties":{"osm_id":"264545140","code":7202,"fclass":"park","name":"","RASTERVALU":207.818,"Light_Rain":"0","Moderate":"0","Heavy":"0","Storm":"3.4227042604654"}},
{"type":"Feature","geometry":{"type":"Polygon","coordinates":[[[108.73602869999996,34.22765029999997],[108.73552429999998,34.22770440000001],[108.73549160000003,34.227584699999966],[108.73533290000005,34.22758850000001],[108.7353002,34.22703639999998],[108.7352348,34.22643399999997],[108.735034,34.22522160000002],[108.73565040000003,34.22522539999998],[108.73533290000005,34.223947300000006],[108.73590260000002,34.223947300000006],[108.73605200000003,34.22412880000002],[108.73601000000002,34.22667339999997],[108.73598669999996,34.227422500000046],[108.73602869999996,34.22757700000004],[108.73602869999996,34.22765029999997]]]},"properties":{"osm_id":"878896658","code":7202,"fclass":"park","name":"","RASTERVALU":84.6667,"Light_Rain":"0","Moderate":"1.32709433381689E-02","Heavy":"4.19738989471845","Storm":"20.4458115174304"}},
{"type":"Feature","geometry":{"type":"Polygon","coordinates":[[[108.73483780000002,34.225457099999964],[108.73499660000002,34.226387699999954],[108.7350994,34.227437899999984],[108.73470709999995,34.227515199999985],[108.73441290000004,34.22771980000004],[108.73404389999997,34.228036400000036],[108.73395990000003,34.22807119999998],[108.732288,34.22807500000003],[108.73196110000004,34.22809440000004],[108.73166219999999,34.228129099999975],[108.73180479999998,34.22733999999997],[108.73193779999997,34.22686259999999],[108.73213390000004,34.22603249999997],[108.73222730000003,34.225480300000015],[108.73240479999997,34.22394349999996],[108.73297450000004,34.22396670000001],[108.7345016,34.22423689999999],[108.73457160000002,34.224576700000036],[108.73466500000002,34.224569000000024],[108.73483780000002,34.225457099999964]]]},"properties":{"osm_id":"878896657","code":7202,"fclass":"park","name":"","RASTERVALU":84.6667,"Light_Rain":"0","Moderate":"1.32709433381689E-02","Heavy":"4.19738989471845","Storm":"20.4458115174304"}},
{"type":"Feature","geometry":{"type":"Polygon","coordinates":[[[108.78352379999998,34.225386200000045],[108.78558430000002,34.22677090000004],[108.78554370000005,34.22729970000001],[108.78138219999998,34.22744229999999],[108.78113859999999,34.22719060000004],[108.78101680000003,34.22687170000003],[108.78244789999997,34.22554570000001],[108.78308740000003,34.2253191],[108.78352379999998,34.225386200000045]]]},"properties":{"osm_id":"1090952282","code":7202,"fclass":"park","name":"汉溪湖公园","RASTERVALU":44.8235,"Light_Rain":"0","Moderate":"1.51575301399969","Heavy":"11.4143285995513","Storm":"35.191290310021"}},
{"type":"Feature","geometry":{"type":"Polygon","coordinates":[[[108.90071520000002,34.227866900000045],[108.90066329999999,34.2279737],[108.90028180000004,34.22814949999998],[108.89985129999995,34.2275078],[108.89956650000002,34.22708320000004],[108.9000751,34.226861299999975],[108.90071520000002,34.227866900000045]]]},"properties":{"osm_id":"283549282","code":7202,"fclass":"park","name":"博文路广场","RASTERVALU":207.818,"Light_Rain":"0","Moderate":"0","Heavy":"0","Storm":"3.4227042604654"}},
{"type":"Feature","geometry":{"type":"Polygon","coordinates":[[[108.78299549999997,34.224697600000006],[108.78004630000002,34.22711129999996],[108.77819550000001,34.2287659],[108.77598359999996,34.231129700000004],[108.77348569999997,34.23394120000001],[108.77271829999998,34.234936400000024],[108.77129640000001,34.236846000000014],[108.7711384,34.237219199999984],[108.7713039,34.23751150000001],[108.77104059999998,34.23754879999999],[108.77095029999997,34.237225399999964],[108.77109319999998,34.23681490000002],[108.77273339999998,34.23451970000001],[108.77634310000005,34.230347700000046],[108.7781654,34.22856689999996],[108.78175420000002,34.225313499999984],[108.78279990000004,34.224579399999996],[108.78299549999997,34.224697600000006]]]},"properties":{"osm_id":"1090952286","code":7202,"fclass":"park","name":"","RASTERVALU":84.6667,"Light_Rain":"0","Moderate":"1.32709433381689E-02","Heavy":"4.19738989471845","Storm":"20.4458115174304"}},
{"type":"Feature","geometry":{"type":"Polygon","coordinates":[[[108.89161499999997,34.2296612],[108.8932298,34.23212659999997],[108.89240240000002,34.232507799999986],[108.89051569999997,34.2334032],[108.89050580000004,34.230090600000004],[108.89057579999997,34.229989700000004],[108.89145010000001,34.22960580000004],[108.89161499999997,34.2296612]]]},"properties":{"osm_id":"28465736","code":7202,"fclass":"park","name":"新纪元公园","RASTERVALU":207.818,"Light_Rain":"0","Moderate":"0","Heavy":"0","Storm":"3.4227042604654"}},
{"type":"Feature","geometry":{"type":"Polygon","coordinates":[[[108.7360409,34.233978900000025],[108.73294200000001,34.233995599999986],[108.73214590000005,34.231149],[108.73603470000002,34.23106350000003],[108.7360409,34.233978900000025]]]},"properties":{"osm_id":"1090942342","code":7202,"fclass":"park","name":"","RASTERVALU":119.529,"Light_Rain":"0","Moderate":"0","Heavy":"1.48661668200985","Storm":"12.8283676013327"}},
{"type":"Feature","geometry":{"type":"Polygon","coordinates":[[[108.72746049999998,34.25293400000003],[108.72732099999998,34.253253199999975],[108.72648420000002,34.25331969999997],[108.72479980000001,34.253523699999974],[108.72431160000002,34.25333750000002],[108.72347469999997,34.25303150000001],[108.72336209999997,34.25291619999998],[108.72321189999998,34.252929500000015],[108.72306169999999,34.2528542],[108.72313679999999,34.25245070000001],[108.72362489999996,34.251062800000014],[108.72426889999996,34.248828800000005],[108.72483689999997,34.24894859999997],[108.72478019999998,34.24919139999999],[108.7255833,34.249336700000015],[108.7258227,34.24855980000004],[108.72551180000004,34.24852300000001],[108.72509989999998,34.24841209999999],[108.72492360000004,34.2483371],[108.72497190000004,34.248103899999975],[108.72478659999999,34.247969500000046],[108.72460480000004,34.24788570000004],[108.72439880000005,34.24788599999998],[108.72446249999999,34.246968299999985],[108.72458599999999,34.24651639999999],[108.72516989999998,34.24469960000003],[108.72528760000004,34.24410959999998],[108.72542260000003,34.24305520000004],[108.72543619999999,34.24250369999998],[108.72541769999998,34.24173330000001],[108.72554539999997,34.24164509999999],[108.72633659999998,34.241645500000025],[108.72633610000003,34.24118029999999],[108.7254694,34.24118529999996],[108.72526509999996,34.2410419],[108.72503300000002,34.239825900000014],[108.7249178,34.23914389999999],[108.7248233,34.238461899999955],[108.72476900000004,34.23779590000001],[108.7247418,34.23725979999997],[108.72525930000002,34.23725779999998],[108.72524679999995,34.23706410000003],[108.72542739999997,34.236619600000026],[108.72548639999998,34.23625599999996],[108.72570099999997,34.2355287],[108.72591020000004,34.23510730000004],[108.72615160000004,34.23473040000003],[108.72647350000003,34.23435780000002],[108.7268758,34.23400299999997],[108.7270743,34.23372360000004],[108.72721369999998,34.23337330000001],[108.72725129999999,34.233062799999985],[108.72725129999999,34.23272569999998],[108.72722979999999,34.23230000000002],[108.72716009999999,34.231860900000015],[108.7270313,34.231386300000004],[108.7267953,34.23076539999997],[108.72660220000002,34.23032190000004],[108.72651100000002,34.229971500000005],[108.72648420000002,34.22961669999996],[108.72649490000002,34.22917760000004],[108.72655930000002,34.22884050000004],[108.7266773,34.2285212],[108.7268114,34.22823290000004],[108.72704209999999,34.22783369999996],[108.72732639999998,34.227469999999975],[108.72750339999997,34.22723489999998],[108.72776969999998,34.22687299999996],[108.72845220000005,34.22726650000001],[108.72855480000001,34.227283199999974],[108.72874050000001,34.22711950000002],[108.7296443,34.22753029999999],[108.7299759,34.227202100000014],[108.73043360000004,34.22693180000003],[108.73089119999997,34.22649930000004],[108.73102669999999,34.22622520000001],[108.73110140000004,34.22604759999997],[108.73140959999996,34.22406670000003],[108.73140490000002,34.222989399999975],[108.73093329999999,34.222302000000035],[108.73063899999998,34.22193910000003],[108.73064840000005,34.22140619999999],[108.73096590000003,34.2209544],[108.73154040000004,34.220587500000015],[108.7323623,34.21988860000001],[108.73251170000003,34.21981519999998],[108.73278259999996,34.21983840000003],[108.73550519999999,34.22093120000003],[108.73515489999997,34.22092350000002],[108.73349239999999,34.22073040000003],[108.7338146,34.22050260000001],[108.73359050000002,34.22041380000003],[108.73299739999997,34.220946699999985],[108.73266579999999,34.22146800000004],[108.73234830000001,34.222186200000046],[108.73220350000001,34.2228233],[108.73225950000003,34.22407830000001],[108.73217079999998,34.224908499999955],[108.73202599999999,34.22586609999996],[108.73166639999998,34.22719819999996],[108.73151230000002,34.22812489999998],[108.73148430000002,34.228657700000014],[108.73151230000002,34.22953810000003],[108.7316569,34.23069899999998],[108.73226670000001,34.232553600000045],[108.73258179999996,34.23381609999996],[108.73272349999996,34.23490809999999],[108.73279490000002,34.235976400000006],[108.73277990000001,34.23773629999996],[108.73260190000003,34.2390357],[108.73285860000004,34.23943110000003],[108.73288469999999,34.239603299999985],[108.73286629999997,34.23980089999999],[108.73278919999998,34.23994750000004],[108.73266219999995,34.240113600000015],[108.73257959999997,34.240271600000035],[108.7325866,34.24046729999997],[108.73261360000002,34.24059120000001],[108.73270119999998,34.24073840000002],[108.73269650000005,34.24112510000004],[108.73225559999997,34.24112529999997],[108.732257,34.24169209999997],[108.73269830000001,34.241690099999985],[108.73265650000002,34.24185800000002],[108.73245099999998,34.242139799999975],[108.73219879999998,34.24233670000002],[108.73189990000003,34.24252199999998],[108.73156370000001,34.24297750000001],[108.73140959999996,34.24342530000003],[108.73120410000001,34.24440589999998],[108.7312135,34.24476879999999],[108.73119939999998,34.2459809],[108.73103599999996,34.247092699999975],[108.73087250000002,34.24762160000004],[108.73037750000002,34.24859439999997],[108.7301067,34.24933550000001],[108.73012069999999,34.24972929999999],[108.73010200000004,34.24998789999999],[108.72974709999998,34.250674999999994],[108.7296817,34.250999300000004],[108.72971440000003,34.251254000000024],[108.72975639999996,34.251559000000036],[108.72972370000001,34.25182530000004],[108.7296677,34.25201060000001],[108.72945750000001,34.25241200000001],[108.72935480000004,34.25279420000001],[108.72931280000003,34.253099100000014],[108.72898589999998,34.25316859999999],[108.7289765,34.25301040000004],[108.72791640000004,34.252782600000025],[108.72746049999998,34.25293400000003]]]},"properties":{"osm_id":"878896647","code":7202,"fclass":"park","name":"沣河湿地公园","RASTERVALU":207.818,"Light_Rain":"0","Moderate":"0","Heavy":"0","Storm":"3.4227042604654"}},
{"type":"Feature","geometry":{"type":"Polygon","coordinates":[[[108.8997337,34.23713009999999],[108.8973873,34.23819059999998],[108.89706889999995,34.237708200000036],[108.89941909999999,34.236644999999996],[108.8997337,34.23713009999999]]]},"properties":{"osm_id":"28718650","code":7202,"fclass":"park","name":"中心花园","RASTERVALU":84.6667,"Light_Rain":"0","Moderate":"1.32709433381689E-02","Heavy":"4.19738989471845","Storm":"20.4458115174304"}},
{"type":"Feature","geometry":{"type":"Polygon","coordinates":[[[108.9379314,34.2381479],[108.9348098,34.238154500000014],[108.93472680000005,34.238094799999956],[108.93473400000002,34.236874599999986],[108.93495420000004,34.23674930000001],[108.93578109999997,34.2367535],[108.93686209999998,34.23675429999998],[108.93791020000002,34.236725299999975],[108.9379314,34.2381479]]]},"properties":{"osm_id":"1227570099","code":7202,"fclass":"park","name":"","RASTERVALU":5.18367,"Light_Rain":"2.42772884486127","Moderate":"12.9928759730824","Heavy":"32.4171377866554","Storm":"64.1419903570866"}},
{"type":"Feature","geometry":{"type":"Polygon","coordinates":[[[108.87862089999999,34.23820520000003],[108.87850670000003,34.238312899999976],[108.87851339999997,34.23858759999997],[108.87862849999999,34.238589300000015],[108.87863010000004,34.2387297],[108.87842859999996,34.23873320000002],[108.8779202,34.238647699999966],[108.87749330000003,34.23863169999997],[108.87739210000001,34.238535500000005],[108.8773931,34.238007600000024],[108.8773598,34.23787619999999],[108.87736530000001,34.237810399999965],[108.87861959999996,34.23780700000004],[108.87862089999999,34.23820520000003]]]},"properties":{"osm_id":"28696865","code":7202,"fclass":"park","name":"","RASTERVALU":207.818,"Light_Rain":"0","Moderate":"0","Heavy":"0","Storm":"3.4227042604654"}},
{"type":"Feature","geometry":{"type":"Polygon","coordinates":[[[108.87687610000003,34.238292900000005],[108.87687129999999,34.238615499999966],[108.87642520000003,34.238626700000005],[108.87596829999997,34.238705100000004],[108.8759473,34.2379193],[108.87690610000003,34.23791359999998],[108.87687610000003,34.238292900000005]]]},"properties":{"osm_id":"403849317","code":7202,"fclass":"park","name":"","RASTERVALU":207.818,"Light_Rain":"0","Moderate":"0","Heavy":"0","Storm":"3.4227042604654"}},
{"type":"Feature","geometry":{"type":"Polygon","coordinates":[[[108.83739030000004,34.2384195],[108.83740979999996,34.239072099999994],[108.8372878,34.23905259999998],[108.83711479999998,34.239051800000006],[108.83690649999998,34.23903759999998],[108.83654039999998,34.23895460000004],[108.83660499999999,34.238360500000006],[108.83739030000004,34.2384195]]]},"properties":{"osm_id":"879228519","code":7202,"fclass":"park","name":"","RASTERVALU":207.818,"Light_Rain":"0","Moderate":"0","Heavy":"0","Storm":"3.4227042604654"}},
{"type":"Feature","geometry":{"type":"Polygon","coordinates":[[[108.90369459999998,34.239389599999974],[108.90450729999999,34.240644000000025],[108.9044849,34.240717299999964],[108.90408409999996,34.24090189999996],[108.90312490000001,34.239374699999985],[108.90369459999998,34.239389599999974]]]},"properties":{"osm_id":"362794782","code":7202,"fclass":"park","name":"","RASTERVALU":5.18367,"Light_Rain":"2.42772884486127","Moderate":"12.9928759730824","Heavy":"32.4171377866554","Storm":"64.1419903570866"}},
{"type":"Feature","geometry":{"type":"Polygon","coordinates":[[[108.93716689999998,34.238381400000044],[108.93833819999999,34.23836639999996],[108.93883509999998,34.238364100000034],[108.9388364,34.2392621],[108.9389159,34.23932939999997],[108.9389159,34.240965299999964],[108.9389523,34.24186790000004],[108.93894410000003,34.24231540000003],[108.93798580000005,34.24231200000001],[108.93797299999997,34.24240689999996],[108.93689639999998,34.24241110000004],[108.93689319999997,34.24214509999997],[108.93687619999999,34.240816900000034],[108.93470329999997,34.24083019999998],[108.93468360000003,34.23833859999997],[108.93716689999998,34.238381400000044]]]},"properties":{"osm_id":"16767834","code":7202,"fclass":"park","name":"小雁塔西安博物院","RASTERVALU":207.818,"Light_Rain":"0","Moderate":"0","Heavy":"0","Storm":"3.4227042604654"}},
{"type":"Feature","geometry":{"type":"Polygon","coordinates":[[[108.93716689999998,34.238381400000044],[108.93833819999999,34.23836639999996],[108.93883509999998,34.238364100000034],[108.9388364,34.2392621],[108.9389159,34.23932939999997],[108.9389159,34.240965299999964],[108.9389523,34.24186790000004],[108.93894410000003,34.24231540000003],[108.93798580000005,34.24231200000001],[108.93797299999997,34.24240689999996],[108.93689639999998,34.24241110000004],[108.93689319999997,34.24214509999997],[108.93687619999999,34.240816900000034],[108.93688950000002,34.23937390000001],[108.93715580000003,34.23937540000004],[108.93716689999998,34.238381400000044]]]},"properties":{"osm_id":"254488431","code":7202,"fclass":"park","name":"荐福寺","RASTERVALU":207.818,"Light_Rain":"0","Moderate":"0","Heavy":"0","Storm":"3.4227042604654"}},
{"type":"Feature","geometry":{"type":"Polygon","coordinates":[[[108.83373180000002,34.23971320000002],[108.83415260000002,34.24294770000003],[108.83290960000004,34.242953599999986],[108.83296640000002,34.24274719999996],[108.83344540000004,34.24100529999999],[108.83334809999998,34.2396679],[108.83373180000002,34.23971320000002]]]},"properties":{"osm_id":"997643603","code":7202,"fclass":"park","name":"雁塔区亲水公园","RASTERVALU":5.18367,"Light_Rain":"2.42772884486127","Moderate":"12.9928759730824","Heavy":"32.4171377866554","Storm":"64.1419903570866"}},
{"type":"Feature","geometry":{"type":"Polygon","coordinates":[[[108.9013342,34.24210429999997],[108.89946419999998,34.24291560000004],[108.89917959999998,34.242498700000006],[108.90093320000003,34.241724800000014],[108.9013342,34.24210429999997]]]},"properties":{"osm_id":"878897556","code":7202,"fclass":"park","name":"","RASTERVALU":207.818,"Light_Rain":"0","Moderate":"0","Heavy":"0","Storm":"3.4227042604654"}},
{"type":"Feature","geometry":{"type":"Polygon","coordinates":[[[108.7194024,34.24665479999998],[108.71958400000001,34.246771400000036],[108.71985130000002,34.246997999999955],[108.72003019999998,34.24713239999998],[108.7202236,34.247231999999954],[108.72052379999997,34.24735100000003],[108.72054830000005,34.24741000000003],[108.72050219999996,34.24748249999999],[108.72035040000002,34.24768030000001],[108.72025390000002,34.247911],[108.72019830000004,34.24819120000001],[108.72019529999997,34.24839469999997],[108.72010600000004,34.24844729999997],[108.717659,34.2484348],[108.7175689,34.24834730000004],[108.71767330000002,34.24787030000001],[108.7178116,34.24755470000001],[108.71802410000001,34.24723710000002],[108.71825540000005,34.24696059999997],[108.71853110000004,34.24669879999998],[108.71796240000005,34.246255399999974],[108.71780120000004,34.246166100000046],[108.7176032,34.24609380000002],[108.71462199999998,34.24568879999999],[108.71424380000003,34.24560589999997],[108.71380050000003,34.24555620000003],[108.71353960000003,34.24540160000003],[108.71329050000003,34.245557799999986],[108.71313160000003,34.24541960000001],[108.7130733,34.24531069999997],[108.71220840000002,34.24443120000003],[108.71541150000002,34.24258829999996],[108.71600669999997,34.241911099999975],[108.71645749999996,34.24148059999997],[108.7168401,34.24081719999997],[108.71696839999996,34.24048400000002],[108.71715920000003,34.239373599999986],[108.71719489999997,34.238450299999975],[108.7169591,34.23767519999997],[108.71746590000001,34.23768489999997],[108.71851270000002,34.237655400000016],[108.71867409999996,34.239522200000025],[108.71888769999995,34.239623000000016],[108.718841,34.239874699999966],[108.71879989999998,34.24005289999997],[108.7188527,34.24007080000003],[108.7186264,34.24082389999999],[108.71843660000003,34.241143399999956],[108.71753930000004,34.24219109999996],[108.72013759999999,34.242193699999994],[108.72056420000003,34.24214819999996],[108.72133380000002,34.24208340000002],[108.72147259999996,34.242148499999985],[108.72147770000002,34.2428045],[108.72138699999998,34.243259599999995],[108.7211082,34.243930800000015],[108.72094730000002,34.24394590000002],[108.71952920000001,34.24282459999997],[108.71926599999999,34.242728900000046],[108.71899250000001,34.242687499999995],[108.71769600000003,34.24267419999996],[108.71738079999997,34.24278780000004],[108.71611050000003,34.24399010000004],[108.7194024,34.24665479999998]]]},"properties":{"osm_id":"878896644","code":7202,"fclass":"park","name":"城市健康公园","RASTERVALU":84.6667,"Light_Rain":"0","Moderate":"1.32709433381689E-02","Heavy":"4.19738989471845","Storm":"20.4458115174304"}},
{"type":"Feature","geometry":{"type":"Polygon","coordinates":[[[108.7245142,34.244400200000044],[108.72438760000001,34.24451189999996],[108.72425030000002,34.244590000000024],[108.72412470000002,34.244626400000016],[108.72397560000003,34.24465120000003],[108.7238573,34.244968100000044],[108.72256789999999,34.24396909999999],[108.72184089999998,34.24304359999997],[108.7218552,34.24257539999996],[108.72338889999997,34.2421315],[108.72328640000002,34.24177069999999],[108.72397800000005,34.24168840000002],[108.72484329999996,34.24168019999996],[108.72497150000001,34.241790200000004],[108.72502909999997,34.24237110000002],[108.72503420000004,34.24305300000004],[108.72497769999998,34.24362239999999],[108.72482209999998,34.244308900000036],[108.7245732,34.24428750000004],[108.7245142,34.244400200000044]]]},"properties":{"osm_id":"878896646","code":7202,"fclass":"park","name":"","RASTERVALU":84.6667,"Light_Rain":"0","Moderate":"1.32709433381689E-02","Heavy":"4.19738989471845","Storm":"20.4458115174304"}},
{"type":"Feature","geometry":{"type":"Polygon","coordinates":[[[108.97841510000003,34.245078799999966],[108.97873160000003,34.24527170000003],[108.97872889999998,34.24537810000004],[108.97830779999995,34.245380399999966],[108.97831320000004,34.24507659999996],[108.97841510000003,34.245078799999966]]]},"properties":{"osm_id":"264545142","code":7202,"fclass":"park","name":"","RASTERVALU":5.18367,"Light_Rain":"2.42772884486127","Moderate":"12.9928759730824","Heavy":"32.4171377866554","Storm":"64.1419903570866"}},
{"type":"Feature","geometry":{"type":"Polygon","coordinates":[[[108.97908380000004,34.245380399999966],[108.97883890000003,34.245380399999966],[108.9788418,34.245286400000005],[108.97908820000005,34.2452853],[108.97908380000004,34.245380399999966]]]},"properties":{"osm_id":"264545141","code":7202,"fclass":"park","name":"","RASTERVALU":5.18367,"Light_Rain":"2.42772884486127","Moderate":"12.9928759730824","Heavy":"32.4171377866554","Storm":"64.1419903570866"}},
{"type":"Feature","geometry":{"type":"Polygon","coordinates":[[[108.9795569,34.24556209999999],[108.97936920000002,34.245566499999995],[108.97936920000002,34.2454645],[108.9795569,34.24556209999999]]]},"properties":{"osm_id":"264545144","code":7202,"fclass":"park","name":"","RASTERVALU":5.18367,"Light_Rain":"2.42772884486127","Moderate":"12.9928759730824","Heavy":"32.4171377866554","Storm":"64.1419903570866"}},
{"type":"Feature","geometry":{"type":"Polygon","coordinates":[[[108.98144899999998,34.245690999999994],[108.98065669999997,34.2456921],[108.9806614,34.245358500000016],[108.98145549999998,34.245355600000046],[108.98144899999998,34.245690999999994]]]},"properties":{"osm_id":"264287688","code":7202,"fclass":"park","name":"","RASTERVALU":207.818,"Light_Rain":"0","Moderate":"0","Heavy":"0","Storm":"3.4227042604654"}},
{"type":"Feature","geometry":{"type":"Polygon","coordinates":[[[108.97838539999998,34.245730699999996],[108.97829710000005,34.2457329],[108.9782998,34.245440200000026],[108.97873429999999,34.24544470000004],[108.97873429999999,34.245468100000025],[108.97864499999997,34.245469000000014],[108.97863959999997,34.24557980000003],[108.97838749999998,34.24557980000003],[108.97838539999998,34.245730699999996]]]},"properties":{"osm_id":"264545143","code":7202,"fclass":"park","name":"","RASTERVALU":5.18367,"Light_Rain":"2.42772884486127","Moderate":"12.9928759730824","Heavy":"32.4171377866554","Storm":"64.1419903570866"}},
{"type":"Feature","geometry":{"type":"Polygon","coordinates":[[[108.98219450000002,34.2466293],[108.98182799999998,34.24663319999997],[108.98183229999998,34.2462503],[108.98219360000003,34.24624410000002],[108.98219450000002,34.2466293]]]},"properties":{"osm_id":"264287690","code":7202,"fclass":"park","name":"","RASTERVALU":207.818,"Light_Rain":"0","Moderate":"0","Heavy":"0","Storm":"3.4227042604654"}},
{"type":"Feature","geometry":{"type":"Polygon","coordinates":[[[108.98056070000003,34.246732400000006],[108.98050470000001,34.246734399999994],[108.9803436,34.246522100000014],[108.98055369999997,34.24640620000002],[108.98056070000003,34.246732400000006]]]},"properties":{"osm_id":"264545365","code":7202,"fclass":"park","name":"","RASTERVALU":5.18367,"Light_Rain":"2.42772884486127","Moderate":"12.9928759730824","Heavy":"32.4171377866554","Storm":"64.1419903570866"}},
{"type":"Feature","geometry":{"type":"Polygon","coordinates":[[[109.01084532970278,34.24293725040986],[109.01105760000003,34.25236569999999],[109.0097401,34.25238169999999],[109.00952230000001,34.25226640000004],[109.00949748224328,34.24287410724956],[109.00949299999998,34.24117779999996],[109.00960359999999,34.241003199999994],[109.0108016,34.24099490000002],[109.01084532970278,34.24293725040986]]]},"properties":{"osm_id":"821606614","code":7202,"fclass":"park","name":"幸福林带EF区","RASTERVALU":84.6667,"Light_Rain":"0","Moderate":"1.32709433381689E-02","Heavy":"4.19738989471845","Storm":"20.4458115174304"}},
{"type":"Feature","geometry":{"type":"Polygon","coordinates":[[[108.98046970000004,34.246771],[108.98046970000004,34.246955800000016],[108.97981700000004,34.246958300000045],[108.97982010000003,34.24680179999998],[108.98028290000003,34.24656259999999],[108.98046970000004,34.246771]]]},"properties":{"osm_id":"264545364","code":7202,"fclass":"park","name":"","RASTERVALU":207.818,"Light_Rain":"0","Moderate":"0","Heavy":"0","Storm":"3.4227042604654"}},
{"type":"Feature","geometry":{"type":"Polygon","coordinates":[[[108.99051979999999,34.24946269999996],[108.98996689999998,34.249459300000034],[108.9899628,34.24922070000001],[108.98966199999998,34.249207299999966],[108.98965380000001,34.248998899999954],[108.98989780000004,34.249005599999975],[108.99025960000004,34.249015700000015],[108.990345,34.249129999999965],[108.99053599999999,34.24911990000002],[108.99051979999999,34.24946269999996]]]},"properties":{"osm_id":"386424597","code":7202,"fclass":"park","name":"","RASTERVALU":207.818,"Light_Rain":"0","Moderate":"0","Heavy":"0","Storm":"3.4227042604654"}},
{"type":"Feature","geometry":{"type":"Polygon","coordinates":[[[108.8848686718006,34.24519267791391],[108.88486810000005,34.245617899999985],[108.88482519999997,34.24600070000004],[108.88482080000004,34.2464446],[108.88466610000003,34.246578599999985],[108.88369900000004,34.24657610000004],[108.88354479999998,34.24643100000003],[108.88354092493802,34.2452061804244],[108.88352930000003,34.24153180000003],[108.88487359999996,34.241527799999965],[108.8848686718006,34.24519267791391]]]},"properties":{"osm_id":"28483307","code":7202,"fclass":"park","name":"唐城墙遗址公园","RASTERVALU":207.818,"Light_Rain":"0","Moderate":"0","Heavy":"0","Storm":"3.4227042604654"}},
{"type":"Feature","geometry":{"type":"Polygon","coordinates":[[[108.94515840000004,34.24843649999996],[108.9438022,34.248437],[108.94380179999996,34.247752300000016],[108.94437670000002,34.2477521],[108.94437690000004,34.247985],[108.94515810000001,34.24798459999997],[108.94515840000004,34.24843649999996]]]},"properties":{"osm_id":"391322284","code":7202,"fclass":"park","name":"","RASTERVALU":207.818,"Light_Rain":"0","Moderate":"0","Heavy":"0","Storm":"3.4227042604654"}},
{"type":"Feature","geometry":{"type":"Polygon","coordinates":[[[108.91069840000003,34.24797800000004],[108.91069769999997,34.248217300000036],[108.91012349999998,34.24821610000002],[108.91012430000005,34.24797680000003],[108.91069840000003,34.24797800000004]]]},"properties":{"osm_id":"359583120","code":7202,"fclass":"park","name":"香蜜园","RASTERVALU":5.18367,"Light_Rain":"2.42772884486127","Moderate":"12.9928759730824","Heavy":"32.4171377866554","Storm":"64.1419903570866"}},
{"type":"Feature","geometry":{"type":"Polygon","coordinates":[[[108.89365239999998,34.25239249999999],[108.893352,34.25190470000004],[108.89265460000001,34.25194909999998],[108.89180699999997,34.25101790000003],[108.89044440000002,34.250006900000045],[108.89030370000002,34.24915640000002],[108.89032440000004,34.248897500000005],[108.8917495,34.24832839999999],[108.89201119999998,34.24848770000003],[108.8924074,34.24860690000003],[108.892955,34.248366300000015],[108.89396349999996,34.247922800000005],[108.89421030000004,34.24756809999997],[108.89467160000002,34.24662799999999],[108.89515099999998,34.24641119999999],[108.89538289999999,34.246715700000046],[108.89587039999999,34.24651140000002],[108.89596720000002,34.24662080000001],[108.89599330000004,34.246890500000035],[108.89615909999999,34.24687110000003],[108.89620370000004,34.24711670000001],[108.89606989999999,34.247110600000035],[108.89606119999998,34.247320499999994],[108.8960294,34.24732139999998],[108.89605479999997,34.24789720000002],[108.89622529999997,34.24805730000003],[108.8962333,34.24830239999997],[108.89606490000001,34.248305599999966],[108.89606950000004,34.24928080000001],[108.89621230000004,34.24928200000002],[108.89619239999999,34.25153220000004],[108.89554220000002,34.25156269999999],[108.89538189999999,34.25168489999997],[108.89532609999999,34.252117599999984],[108.89476820000002,34.252117599999984],[108.89365239999998,34.25239249999999]]]},"properties":{"osm_id":"152429476","code":7202,"fclass":"park","name":"丰庆公园","RASTERVALU":207.818,"Light_Rain":"0","Moderate":"0","Heavy":"0","Storm":"3.4227042604654"}},
{"type":"Feature","geometry":{"type":"Polygon","coordinates":[[[108.88011560000002,34.25077520000002],[108.87964990000003,34.25078710000003],[108.87924180000002,34.25072759999999],[108.87880969999998,34.25063629999999],[108.8785696,34.25051330000002],[108.87808470000003,34.25028709999996],[108.8776862,34.25012040000002],[108.8774125,34.25002910000002],[108.8774125,34.249667999999986],[108.87841120000004,34.249656099999974],[108.87860799999999,34.25007279999999],[108.87872320000001,34.25027520000004],[108.87890089999996,34.25039820000001],[108.87911210000003,34.25044980000001],[108.87940979999998,34.25044580000004],[108.87964030000003,34.25039029999997],[108.87982749999999,34.2502672],[108.87989,34.25017989999997],[108.88011560000002,34.25017200000003],[108.88011560000002,34.25077520000002]]]},"properties":{"osm_id":"246087263","code":7202,"fclass":"park","name":"","RASTERVALU":207.818,"Light_Rain":"0","Moderate":"0","Heavy":"0","Storm":"3.4227042604654"}},
{"type":"Feature","geometry":{"type":"Polygon","coordinates":[[[108.88463849999997,34.248403599999996],[108.88440290000001,34.2487332],[108.88425659999999,34.24935090000004],[108.88437500000002,34.249761900000024],[108.88440339999997,34.25054660000003],[108.88436369999997,34.25084649999997],[108.88437249999998,34.25139990000002],[108.88440410000003,34.251606900000006],[108.88436660000004,34.252178100000016],[108.8843147,34.25260990000004],[108.88439079999999,34.25295709999999],[108.88437339999997,34.25311420000002],[108.88430220000004,34.25328580000001],[108.88421649999995,34.253427600000016],[108.88411660000004,34.25370519999998],[108.8838027,34.25371090000001],[108.88367220000003,34.25361660000002],[108.88368549999998,34.25303790000001],[108.88360980000003,34.2507652],[108.88360259999996,34.249926499999965],[108.88361410000003,34.24818830000003],[108.88360279999998,34.247690699999985],[108.88360640000002,34.247081700000045],[108.8837963,34.246937500000016],[108.88459090000002,34.24693450000003],[108.88463849999997,34.248403599999996]]]},"properties":{"osm_id":"258738967","code":7202,"fclass":"park","name":"西安牡丹苑","RASTERVALU":5.18367,"Light_Rain":"2.42772884486127","Moderate":"12.9928759730824","Heavy":"32.4171377866554","Storm":"64.1419903570866"}},
{"type":"Feature","geometry":{"type":"Polygon","coordinates":[[[108.88013710000003,34.25139819999997],[108.87955239999997,34.251462500000045],[108.87881739999999,34.25135160000002],[108.87822999999997,34.251200899999986],[108.87765870000004,34.25098580000004],[108.87745489999996,34.25089489999998],[108.8774468,34.250478100000045],[108.87834799999996,34.250866099999996],[108.87895960000003,34.251067899999995],[108.87966500000005,34.251123300000046],[108.88013979999998,34.25112110000004],[108.88013710000003,34.25139819999997]]]},"properties":{"osm_id":"246088249","code":7202,"fclass":"park","name":"","RASTERVALU":207.818,"Light_Rain":"0","Moderate":"0","Heavy":"0","Storm":"3.4227042604654"}},
{"type":"Feature","geometry":{"type":"Polygon","coordinates":[[[108.9424657,34.25193780000003],[108.9424283,34.25198840000004],[108.9423111,34.25199030000002],[108.94223369999999,34.25199160000004],[108.94220359999998,34.251947200000004],[108.94220359999998,34.25190240000003],[108.941988,34.25190350000003],[108.94177079999996,34.251956699999994],[108.94161839999997,34.251971499999975],[108.94160830000001,34.25174450000002],[108.94160530000003,34.251647199999965],[108.94161570000001,34.25081060000002],[108.94163940000001,34.25070740000001],[108.94166220000004,34.2506364],[108.94170099999997,34.250574600000036],[108.94175880000003,34.250520800000025],[108.94185190000002,34.250457799999964],[108.94194379999998,34.25040920000003],[108.94205639999997,34.250388199999975],[108.94215930000004,34.250378499999975],[108.9423939,34.25038320000001],[108.9424969,34.25039330000004],[108.9426375,34.2504293],[108.94267550000004,34.250452599999974],[108.94275109999998,34.250519299999986],[108.9428264,34.250582800000004],[108.94287649999997,34.250648099999985],[108.94289919999999,34.25072390000004],[108.94294309999997,34.251590200000045],[108.9429531,34.2517368],[108.94297749999997,34.25192949999996],[108.94293620000002,34.251939000000036],[108.94284370000001,34.251921199999984],[108.94257140000003,34.25187799999996],[108.9425205,34.25188689999999],[108.9424657,34.25193780000003]]]},"properties":{"osm_id":"548956664","code":7202,"fclass":"park","name":"","RASTERVALU":84.6667,"Light_Rain":"0","Moderate":"1.32709433381689E-02","Heavy":"4.19738989471845","Storm":"20.4458115174304"}},
{"type":"Feature","geometry":{"type":"Polygon","coordinates":[[[108.94914110000005,34.25287280000003],[108.94898559999997,34.252877300000044],[108.94898559999997,34.252850699999975],[108.94894259999997,34.252850699999975],[108.94894560000004,34.252818000000026],[108.94838769999997,34.25279140000004],[108.94810869999998,34.25278470000002],[108.94535409999997,34.25274920000002],[108.94412570000003,34.252753700000035],[108.94406929999998,34.25275150000003],[108.94400740000002,34.252728700000006],[108.94397010000003,34.25269819999997],[108.94350070000002,34.25209980000002],[108.94341999999999,34.2520481],[108.94330220000002,34.252013299999966],[108.94322710000002,34.25200660000004],[108.94319759999998,34.25197779999996],[108.94319759999998,34.25178049999998],[108.94335590000001,34.25167629999997],[108.94378499999999,34.25167409999997],[108.9440986,34.25169559999997],[108.9442166,34.251720000000034],[108.94444990000004,34.25179979999998],[108.94461359999998,34.25188630000003],[108.94475870000001,34.2519911],[108.94501350000003,34.25219499999999],[108.9451688,34.25230529999997],[108.94532729999997,34.252396699999984],[108.94548529999999,34.25247379999997],[108.94552169999999,34.25248899999998],[108.94567030000002,34.252551399999994],[108.94585029999999,34.2526051],[108.94608639999998,34.252653900000034],[108.94632210000005,34.25266890000003],[108.94914139999999,34.25269379999996],[108.94914110000005,34.25287280000003]]]},"properties":{"osm_id":"548954300","code":7202,"fclass":"park","name":"","RASTERVALU":5.18367,"Light_Rain":"2.42772884486127","Moderate":"12.9928759730824","Heavy":"32.4171377866554","Storm":"64.1419903570866"}},
{"type":"Feature","geometry":{"type":"Polygon","coordinates":[[[108.94055410000001,34.25336420000001],[108.93934690000005,34.25336059999998],[108.9393473,34.25327379999999],[108.9391005,34.253273000000014],[108.93910009999996,34.25334679999999],[108.93788430000001,34.25334249999999],[108.93788480000005,34.25324220000004],[108.93768219999998,34.25324139999997],[108.93768160000002,34.25334620000003],[108.9365867463918,34.253341513284035],[108.93649020000002,34.253341099999965],[108.93649079999999,34.25324149999998],[108.93623309999998,34.25324029999997],[108.93623250000002,34.25333259999997],[108.93507139999997,34.25332670000002],[108.93507220000004,34.25322119999999],[108.93483309999996,34.25321989999997],[108.93483199999996,34.253356600000004],[108.93461429999998,34.253353800000035],[108.93462269999996,34.252673900000005],[108.9358458,34.25266939999999],[108.93659679249947,34.25266647066215],[108.9386915,34.25265830000004],[108.9388846,34.2526406],[108.93902680000004,34.25260289999999],[108.93921719999997,34.25254310000002],[108.93936470000001,34.25248979999996],[108.939531,34.252396699999984],[108.9396759,34.25229699999999],[108.93978289999997,34.25220769999998],[108.93987969999999,34.25212399999998],[108.93998159999998,34.252028800000005],[108.94007819999999,34.251960100000005],[108.94015060000002,34.25190909999996],[108.9402684,34.25184860000002],[108.94042960000002,34.251793800000016],[108.94057170000005,34.2517539],[108.94064679999995,34.25174059999996],[108.94119940000003,34.251736200000046],[108.94125010000005,34.2517399],[108.94131200000001,34.25176720000003],[108.94135229999998,34.251798200000025],[108.94136030000001,34.25182930000002],[108.94136600000004,34.252034999999985],[108.9413697,34.252251699999974],[108.94143000000001,34.252367899999996],[108.94143000000001,34.25331459999999],[108.94138869999996,34.253361400000045],[108.94082939999997,34.2533598],[108.94082990000001,34.25325409999996],[108.94055450000005,34.25325329999998],[108.94055410000001,34.25336420000001]]]},"properties":{"osm_id":"548954301","code":7202,"fclass":"park","name":"","RASTERVALU":5.18367,"Light_Rain":"2.42772884486127","Moderate":"12.9928759730824","Heavy":"32.4171377866554","Storm":"64.1419903570866"}},
{"type":"Feature","geometry":{"type":"Polygon","coordinates":[[[108.97970940000002,34.249399499999974],[108.9801075,34.24939990000001],[108.98056999999999,34.24939280000004],[108.98061430000001,34.24939209999998],[108.98059850000004,34.25084769999998],[108.97975450000001,34.250849400000035],[108.97972040000003,34.250849500000044],[108.97971649999998,34.25036740000003],[108.97970779999997,34.25012189999997],[108.9797028,34.24998019999997],[108.9797028,34.249563899999984],[108.97970940000002,34.249399499999974]]]},"properties":{"osm_id":"263634516","code":7202,"fclass":"park","name":"东花园","RASTERVALU":84.6667,"Light_Rain":"0","Moderate":"1.32709433381689E-02","Heavy":"4.19738989471845","Storm":"20.4458115174304"}},
{"type":"Feature","geometry":{"type":"Polygon","coordinates":[[[108.97972040000003,34.250849500000044],[108.9795084,34.250849899999984],[108.97919550000005,34.250850500000034],[108.97920229999998,34.25026210000002],[108.97920549999998,34.24997530000001],[108.97920859999996,34.249699299999996],[108.97921120000001,34.2494707],[108.97934430000001,34.24946430000001],[108.97937560000003,34.249402899999986],[108.97970940000002,34.249399499999974],[108.9797028,34.249563899999984],[108.9797028,34.24998019999997],[108.97970779999997,34.25012189999997],[108.97971649999998,34.25036740000003],[108.97972040000003,34.250849500000044]]]},"properties":{"osm_id":"263634517","code":7202,"fclass":"park","name":"","RASTERVALU":207.818,"Light_Rain":"0","Moderate":"0","Heavy":"0","Storm":"3.4227042604654"}},
{"type":"Feature","geometry":{"type":"Polygon","coordinates":[[[108.97823260000004,34.249400399999956],[108.97853180000001,34.249401100000014],[108.97856359999999,34.24946519999999],[108.9787054,34.24947100000003],[108.97870700000003,34.24971450000001],[108.97870700000003,34.24997760000002],[108.97871330000002,34.250256500000006],[108.97870529999999,34.25085150000003],[108.9785037,34.25085189999997],[108.97846909999998,34.25085199999998],[108.97821190000002,34.25085250000002],[108.97821229999995,34.25052669999998],[108.97822270000002,34.25014720000002],[108.97822730000004,34.24997909999997],[108.97822769999999,34.24992630000004],[108.97823,34.249617699999995],[108.97823260000004,34.249400399999956]]]},"properties":{"osm_id":"263634518","code":7202,"fclass":"park","name":"","RASTERVALU":207.818,"Light_Rain":"0","Moderate":"0","Heavy":"0","Storm":"3.4227042604654"}},
{"type":"Feature","geometry":{"type":"Polygon","coordinates":[[[108.97821190000002,34.25085250000002],[108.97804770000002,34.25085279999996],[108.97729320000003,34.250847000000014],[108.97729110000003,34.250496400000046],[108.9772951,34.25006670000002],[108.97730480000001,34.24941000000004],[108.9773766,34.24940890000004],[108.97768390000003,34.249403500000035],[108.97823260000004,34.249400399999956],[108.97823,34.249617699999995],[108.97822769999999,34.24992630000004],[108.97822730000004,34.24997909999997],[108.97822270000002,34.25014720000002],[108.97821229999995,34.25052669999998],[108.97821190000002,34.25085250000002]]]},"properties":{"osm_id":"263634515","code":7202,"fclass":"park","name":"西花园","RASTERVALU":207.818,"Light_Rain":"0","Moderate":"0","Heavy":"0","Storm":"3.4227042604654"}},
{"type":"Feature","geometry":{"type":"Polygon","coordinates":[[[108.97970620000002,34.25212360000003],[108.97967390000001,34.25212360000003],[108.97895959999997,34.252122500000034],[108.97880460000003,34.25212299999998],[108.97823690000004,34.25212260000004],[108.97822720000003,34.25187130000003],[108.97822239999999,34.2514061],[108.97971910000003,34.25139680000003],[108.97971260000001,34.251806900000034],[108.97971199999996,34.25184350000004],[108.97971189999996,34.25185070000001],[108.97970620000002,34.25212360000003]]]},"properties":{"osm_id":"264547073","code":7202,"fclass":"park","name":"","RASTERVALU":207.818,"Light_Rain":"0","Moderate":"0","Heavy":"0","Storm":"3.4227042604654"}},
{"type":"Feature","geometry":{"type":"Polygon","coordinates":[[[108.98708249999999,34.2520674],[108.98467230000004,34.2520674],[108.9846675,34.25187289999999],[108.98707770000003,34.25184909999997],[108.98708249999999,34.2520674]]]},"properties":{"osm_id":"267929195","code":7202,"fclass":"park","name":"","RASTERVALU":5.18367,"Light_Rain":"2.42772884486127","Moderate":"12.9928759730824","Heavy":"32.4171377866554","Storm":"64.1419903570866"}},
{"type":"Feature","geometry":{"type":"Polygon","coordinates":[[[108.95846800000002,34.252860000000034],[108.9584666,34.25301440000002],[108.95623239999996,34.25288330000001],[108.95436440000005,34.252789599999986],[108.94956290000005,34.25280469999999],[108.94959849999996,34.252598100000036],[108.95834130000001,34.25268190000004],[108.95846800000002,34.252860000000034]]]},"properties":{"osm_id":"287208790","code":7202,"fclass":"park","name":"","RASTERVALU":207.818,"Light_Rain":"0","Moderate":"0","Heavy":"0","Storm":"3.4227042604654"}},
{"type":"Feature","geometry":{"type":"Polygon","coordinates":[[[108.96214790000003,34.25309920000002],[108.95876369999998,34.25301540000002],[108.9587716,34.252838300000015],[108.95884810000003,34.25276569999996],[108.9588681,34.25274769999998],[108.96215589999998,34.25273840000001],[108.96214790000003,34.25309920000002]]]},"properties":{"osm_id":"287208789","code":7202,"fclass":"park","name":"","RASTERVALU":207.818,"Light_Rain":"0","Moderate":"0","Heavy":"0","Storm":"3.4227042604654"}},
{"type":"Feature","geometry":{"type":"Polygon","coordinates":[[[108.96732290000003,34.25276880000004],[108.96741159999999,34.25280300000003],[108.96745529999997,34.252896699999965],[108.96745810000002,34.25329099999999],[108.96724780000002,34.25328830000004],[108.96238950000004,34.253113100000014],[108.96242160000003,34.25282640000001],[108.96249,34.25275680000002],[108.96732290000003,34.25276880000004]]]},"properties":{"osm_id":"287208786","code":7202,"fclass":"park","name":"","RASTERVALU":207.818,"Light_Rain":"0","Moderate":"0","Heavy":"0","Storm":"3.4227042604654"}},
{"type":"Feature","geometry":{"type":"Polygon","coordinates":[[[108.95842720000002,34.25350559999998],[108.95785969999996,34.25348470000003],[108.95786419999997,34.2533952],[108.95769070000001,34.25338939999996],[108.95768660000003,34.253477100000026],[108.95633930000002,34.25343689999998],[108.95349189999997,34.253299900000016],[108.95346849999999,34.25321889999998],[108.95326769999998,34.25321889999998],[108.95325840000001,34.253307600000035],[108.95193429999996,34.25337009999996],[108.9519347,34.253267800000025],[108.95165619999996,34.2532675],[108.95165619999996,34.25336359999996],[108.95039160000005,34.25336550000003],[108.95039030000002,34.25327430000003],[108.95014890000003,34.253275],[108.95014919999997,34.25335050000003],[108.94953050000002,34.2533534],[108.94955000000004,34.25307970000001],[108.95198599999998,34.2530528],[108.95410289999998,34.25302579999999],[108.95793279999997,34.25320890000004],[108.9584343,34.25318200000003],[108.95842720000002,34.25350559999998]]]},"properties":{"osm_id":"287208792","code":7202,"fclass":"park","name":"环城公园","RASTERVALU":207.818,"Light_Rain":"0","Moderate":"0","Heavy":"0","Storm":"3.4227042604654"}},
{"type":"Feature","geometry":{"type":"Polygon","coordinates":[[[108.94391420000002,34.25336169999998],[108.9433019,34.253372000000034],[108.94328879999998,34.25225760000002],[108.94366109999996,34.25281150000002],[108.94377729999998,34.252984400000024],[108.94395319999997,34.25307050000004],[108.94421370000003,34.253032800000035],[108.94422699999997,34.252936699999985],[108.94620009999998,34.25295010000003],[108.94716370000005,34.25295670000004],[108.94914449999997,34.25301179999998],[108.94915749999998,34.25335519999997],[108.9488592,34.253356600000004],[108.94885840000002,34.25326010000001],[108.94862790000005,34.25326140000003],[108.9486286,34.253358900000016],[108.94729719999998,34.25336609999999],[108.94729650000002,34.253275],[108.94703079999996,34.253276400000026],[108.94703140000001,34.25335790000002],[108.9441759,34.253367099999984],[108.9441758,34.25326839999999],[108.94410630000003,34.25326929999997],[108.94398779999999,34.25326929999997],[108.943914,34.253268700000014],[108.94391420000002,34.25336169999998]]]},"properties":{"osm_id":"287208886","code":7202,"fclass":"park","name":"","RASTERVALU":5.18367,"Light_Rain":"2.42772884486127","Moderate":"12.9928759730824","Heavy":"32.4171377866554","Storm":"64.1419903570866"}},
{"type":"Feature","geometry":{"type":"Polygon","coordinates":[[[108.9342893,34.25335390000004],[108.93355650000004,34.25335020000001],[108.9335572,34.25325690000001],[108.93339740000002,34.25325610000004],[108.93339689999998,34.253348500000044],[108.93213579999998,34.2533437],[108.93213620000002,34.253256699999994],[108.93197620000002,34.25325629999996],[108.9319759,34.25334249999999],[108.93139279999997,34.253341600000006],[108.93071070000002,34.25334060000001],[108.93071080000003,34.2532353],[108.93048049999999,34.25323519999999],[108.93048049999999,34.25332470000003],[108.9293451,34.253325299999986],[108.929345,34.253220099999986],[108.92911609999999,34.25322040000001],[108.92911640000001,34.25331969999997],[108.92843099999996,34.25331779999999],[108.92841309999999,34.2526245],[108.92858019999996,34.252620600000036],[108.93423370000002,34.25263909999997],[108.93424709999998,34.2531054],[108.9342893,34.25335390000004]]]},"properties":{"osm_id":"287278026","code":7202,"fclass":"park","name":"环城公园","RASTERVALU":5.18367,"Light_Rain":"2.42772884486127","Moderate":"12.9928759730824","Heavy":"32.4171377866554","Storm":"64.1419903570866"}},
{"type":"Feature","geometry":{"type":"Polygon","coordinates":[[[108.64961030000005,34.25171870000002],[108.64961990000005,34.25255600000002],[108.65027050000005,34.252883799999964],[108.64923059999998,34.25432400000002],[108.64911139999998,34.254348600000014],[108.64809210000001,34.25392490000004],[108.64802059999997,34.25380169999997],[108.64838420000002,34.25301350000004],[108.64872990000003,34.252387800000044],[108.64895640000003,34.25171279999997],[108.64961030000005,34.25171870000002]]]},"properties":{"osm_id":"1048983186","code":7202,"fclass":"park","name":"","RASTERVALU":119.529,"Light_Rain":"0","Moderate":"0","Heavy":"1.48661668200985","Storm":"12.8283676013327"}},
{"type":"Feature","geometry":{"type":"Polygon","coordinates":[[[108.92297650000003,34.25471199999997],[108.92130420000004,34.254712800000036],[108.92130219999996,34.254145900000026],[108.92131429999999,34.25407889999999],[108.9213371,34.25404559999999],[108.92165610000002,34.25381080000001],[108.92298129999998,34.253808700000015],[108.92297650000003,34.25471199999997]]]},"properties":{"osm_id":"245153374","code":7202,"fclass":"park","name":"无极公园","RASTERVALU":207.818,"Light_Rain":"0","Moderate":"0","Heavy":"0","Storm":"3.4227042604654"}},
{"type":"Feature","geometry":{"type":"Polygon","coordinates":[[[108.65946049999998,34.253292700000046],[108.65984880000003,34.25376079999996],[108.6600803,34.25401199999996],[108.65797149999996,34.25570890000003],[108.65774289999997,34.255527899999976],[108.6585752,34.25488829999999],[108.65890280000002,34.25449910000003],[108.65910609999996,34.25408230000001],[108.65895990000003,34.25377169999997],[108.658878,34.253703500000015],[108.65910880000001,34.253364400000024],[108.6588028,34.25299070000001],[108.65892609999999,34.252866100000006],[108.65946049999998,34.253292700000046]]]},"properties":{"osm_id":"1022285951","code":7202,"fclass":"park","name":"","RASTERVALU":119.529,"Light_Rain":"0","Moderate":"0","Heavy":"1.48661668200985","Storm":"12.8283676013327"}},
{"type":"Feature","geometry":{"type":"Polygon","coordinates":[[[108.64218419999996,34.252518400000014],[108.64314959999999,34.252671200000044],[108.64214320000004,34.25496319999997],[108.64139690000002,34.256644000000044],[108.64034249999999,34.256332700000044],[108.64024659999995,34.25625349999997],[108.64102709999997,34.25258070000002],[108.64109560000004,34.252518400000014],[108.64218419999996,34.252518400000014]]]},"properties":{"osm_id":"1048983184","code":7202,"fclass":"park","name":"","RASTERVALU":84.6667,"Light_Rain":"0","Moderate":"1.32709433381689E-02","Heavy":"4.19738989471845","Storm":"20.4458115174304"}},
{"type":"Feature","geometry":{"type":"Polygon","coordinates":[[[108.77589879999996,34.25625940000002],[108.77512049999996,34.25626570000001],[108.7746841,34.256293099999965],[108.77405889999996,34.25630790000003],[108.77324749999997,34.25630370000004],[108.77301530000004,34.25628679999998],[108.77278310000001,34.256261500000015],[108.77253809999999,34.25624250000004],[108.77176240000001,34.25625730000002],[108.7715582,34.256084300000005],[108.77150969999998,34.25433170000004],[108.77144829999996,34.25332419999999],[108.77149879999997,34.25324970000004],[108.77163230000001,34.25317809999998],[108.77178390000002,34.253142300000036],[108.77525919999998,34.253170699999984],[108.77535359999997,34.253298399999984],[108.77535760000004,34.25381559999997],[108.77542620000003,34.25428389999999],[108.77553079999998,34.254761199999955],[108.7756932,34.255408400000036],[108.77600079999996,34.25607800000002],[108.77589879999996,34.25625940000002]]]},"properties":{"osm_id":"1230880864","code":7202,"fclass":"park","name":"","RASTERVALU":119.529,"Light_Rain":"0","Moderate":"0","Heavy":"1.48661668200985","Storm":"12.8283676013327"}},
{"type":"Feature","geometry":{"type":"Polygon","coordinates":[[[108.77093170000003,34.25321070000001],[108.77104120000003,34.25325510000004],[108.77109270000003,34.2532976],[108.77110770000003,34.25335790000002],[108.77101970000002,34.25608260000004],[108.77080940000003,34.256259999999976],[108.76602490000003,34.25625080000002],[108.76582970000004,34.25607869999999],[108.76580820000004,34.25603259999999],[108.76583319999997,34.25374660000003],[108.76585359999997,34.253649599999996],[108.76592510000003,34.25357790000002],[108.76603220000001,34.25355039999996],[108.77070430000005,34.253201799999985],[108.77093170000003,34.25321070000001]]]},"properties":{"osm_id":"1230880865","code":7202,"fclass":"park","name":"","RASTERVALU":207.818,"Light_Rain":"0","Moderate":"0","Heavy":"0","Storm":"3.4227042604654"}},
{"type":"Feature","geometry":{"type":"Polygon","coordinates":[[[108.76506100000003,34.25625129999997],[108.75476460000004,34.256181699999985],[108.75466250000004,34.25474329999999],[108.75419039999997,34.25473220000004],[108.75789540000001,34.25446600000004],[108.7650788,34.25383],[108.76506100000003,34.25625129999997]]]},"properties":{"osm_id":"1230880866","code":7202,"fclass":"park","name":"","RASTERVALU":84.6667,"Light_Rain":"0","Moderate":"1.32709433381689E-02","Heavy":"4.19738989471845","Storm":"20.4458115174304"}},
{"type":"Feature","geometry":{"type":"Polygon","coordinates":[[[108.94872010000003,34.25661849999997],[108.94762859999996,34.25661810000003],[108.94762879999998,34.25630739999999],[108.94749840000003,34.25630739999999],[108.94749850000004,34.25627220000001],[108.94708329999996,34.256271999999996],[108.94708339999997,34.256105000000034],[108.94726359999996,34.25610510000004],[108.94726389999998,34.25550019999999],[108.94763150000003,34.2555003],[108.94763150000003,34.25545469999996],[108.94778429999997,34.25545469999996],[108.94778530000005,34.25372920000001],[108.94853440000003,34.253729500000034],[108.94853440000003,34.25383450000002],[108.94853389999999,34.254661400000046],[108.94847789999997,34.254661400000046],[108.94847750000004,34.25544800000003],[108.94869210000003,34.25544810000004],[108.94869210000003,34.255438100000006],[108.94915219999999,34.25543830000002],[108.94915189999996,34.25609850000003],[108.94915160000004,34.256572800000015],[108.94872010000003,34.25657270000001],[108.94872010000003,34.25661849999997]]]},"properties":{"osm_id":"256711574","code":7202,"fclass":"park","name":"西安碑林博物馆","RASTERVALU":5.18367,"Light_Rain":"2.42772884486127","Moderate":"12.9928759730824","Heavy":"32.4171377866554","Storm":"64.1419903570866"}},
{"type":"Feature","geometry":{"type":"Polygon","coordinates":[[[108.64739530000001,34.256686099999975],[108.64727010000004,34.256834600000005],[108.64729780000002,34.256942699999975],[108.6466159,34.2578822],[108.64654679999997,34.2579037],[108.64628980000002,34.2578264],[108.64625469999996,34.257765800000044],[108.646719,34.256714999999964],[108.64680449999997,34.25668379999996],[108.64687659999998,34.256511900000035],[108.64682999999995,34.25645729999996],[108.64730640000002,34.255396799999964],[108.6473501,34.255380600000045],[108.64739790000004,34.25527249999998],[108.64737659999997,34.25522419999999],[108.64783829999998,34.25418399999998],[108.64796279999997,34.25415689999996],[108.64856330000002,34.254341799999985],[108.64891340000003,34.25448859999996],[108.64898970000003,34.25453939999999],[108.64900299999998,34.25461400000003],[108.64832280000002,34.25554599999997],[108.64824169999996,34.25555860000003],[108.64819239999997,34.25564599999998],[108.6482109,34.25570660000002],[108.64837809999997,34.25581270000001],[108.64844249999997,34.255794999999964],[108.64962710000002,34.256375799999965],[108.64963240000002,34.25643709999998],[108.64894680000003,34.257377900000016],[108.64884389999996,34.2573992],[108.64773040000003,34.256837000000026],[108.64772520000004,34.25674160000003],[108.64750720000004,34.25665580000004],[108.64739530000001,34.256686099999975]]]},"properties":{"osm_id":"878896625","code":7202,"fclass":"park","name":"","RASTERVALU":5.18367,"Light_Rain":"2.42772884486127","Moderate":"12.9928759730824","Heavy":"32.4171377866554","Storm":"64.1419903570866"}},
{"type":"Feature","geometry":{"type":"Polygon","coordinates":[[[108.65746450000003,34.25566360000001],[108.6578151,34.25588920000003],[108.65568099999999,34.25765759999997],[108.65499350000003,34.257328400000006],[108.65496609999998,34.257252899999976],[108.65647360000001,34.25520450000004],[108.65655440000005,34.255200800000004],[108.65746450000003,34.25566360000001]]]},"properties":{"osm_id":"1022285949","code":7202,"fclass":"park","name":"","RASTERVALU":84.6667,"Light_Rain":"0","Moderate":"1.32709433381689E-02","Heavy":"4.19738989471845","Storm":"20.4458115174304"}},
{"type":"Feature","geometry":{"type":"Polygon","coordinates":[[[108.92053000000001,34.25998350000004],[108.92068260000003,34.259984100000004],[108.92068140000002,34.26019810000003],[108.92009809999999,34.26020699999997],[108.91976719999997,34.26027080000001],[108.91964579999996,34.260316399999965],[108.91944729999996,34.26056259999999],[108.91924320000004,34.26056530000004],[108.91910479999996,34.26053840000004],[108.91900040000003,34.26046080000001],[108.9190109,34.26025380000002],[108.91907350000004,34.25981399999996],[108.9190839,34.25854610000004],[108.91896910000001,34.25814069999998],[108.9190109,34.25674350000001],[108.91897959999999,34.25494939999999],[108.9190109,34.25293109999997],[108.91906299999997,34.25273269999998],[108.91913609999997,34.25265500000004],[108.91932480000004,34.25263389999998],[108.9202002,34.25262240000001],[108.92124549999998,34.252637900000046],[108.92176540000001,34.252603],[108.92450459999999,34.25261659999997],[108.92494100000003,34.2526459],[108.92682739999998,34.25264149999999],[108.92690220000003,34.25270970000003],[108.92691500000002,34.253321600000035],[108.92644900000002,34.25332260000003],[108.92644859999999,34.25321469999999],[108.92621080000002,34.25321520000003],[108.92621109999996,34.25330599999999],[108.92514610000003,34.25330789999997],[108.92514590000002,34.25320929999998],[108.92489429999999,34.253209600000005],[108.92489450000001,34.25331170000002],[108.92365470000001,34.25331310000004],[108.9236545,34.25320809999997],[108.92345229999997,34.25320819999998],[108.92345239999997,34.25330420000002],[108.92225080000003,34.25330489999999],[108.92225070000002,34.25321799999999],[108.92202440000003,34.2532181],[108.92202440000003,34.2533115],[108.92079730000002,34.25332509999997],[108.92079119999995,34.253290799999974],[108.92077309999998,34.25324640000003],[108.92073019999998,34.25321320000004],[108.92067859999997,34.25320599999998],[108.92062089999999,34.25321869999996],[108.92057930000001,34.2532492],[108.92056860000001,34.25329189999998],[108.92057329999996,34.253326800000025],[108.92059809999996,34.253358399999975],[108.92063830000001,34.253381700000034],[108.92068389999996,34.25339000000001],[108.92070869999998,34.25339000000001],[108.9207155,34.25430409999997],[108.92055749999999,34.25430360000002],[108.92055639999998,34.25453509999999],[108.92070180000002,34.25453560000003],[108.92069770000003,34.25536860000003],[108.9205438,34.25536809999999],[108.9205427,34.25558550000004],[108.92068419999998,34.25558599999999],[108.92067940000004,34.25649130000002],[108.92052920000005,34.25649069999997],[108.92052800000003,34.256704399999975],[108.92068059999995,34.256705000000025],[108.92067569999999,34.25755759999996],[108.92053589999998,34.257557],[108.92053459999995,34.25777830000001],[108.92070229999997,34.257778999999985],[108.92069679999996,34.2586949],[108.9205427,34.258694300000045],[108.9205415,34.258897900000015],[108.92070190000003,34.25889859999998],[108.92069650000003,34.259801499999995],[108.92053110000002,34.25980080000002],[108.92053000000001,34.25998350000004]]]},"properties":{"osm_id":"246573697","code":7202,"fclass":"park","name":"环城公园","RASTERVALU":5.18367,"Light_Rain":"2.42772884486127","Moderate":"12.9928759730824","Heavy":"32.4171377866554","Storm":"64.1419903570866"}},
{"type":"Feature","geometry":{"type":"Polygon","coordinates":[[[108.63666229999995,34.25686629999996],[108.63659870000002,34.25702810000003],[108.63607700000003,34.258356100000036],[108.63548366811276,34.25986635235708],[108.62638299999996,34.25614199999998],[108.62567000000003,34.25928799999996],[108.61945299999998,34.25825999999999],[108.61472600000002,34.254526000000034],[108.6143610216563,34.253901956646686],[108.61561920000003,34.25099860000003],[108.61972730000002,34.25088490000004],[108.62393689999999,34.25257369999997],[108.62622209999998,34.25358079999999],[108.62843320000005,34.2544064],[108.63666229999995,34.25686629999996]]]},"properties":{"osm_id":"962000802","code":7202,"fclass":"park","name":"","RASTERVALU":84.6667,"Light_Rain":"0","Moderate":"1.32709433381689E-02","Heavy":"4.19738989471845","Storm":"20.4458115174304"}},
{"type":"Feature","geometry":{"type":"Polygon","coordinates":[[[108.9391852,34.25744650000001],[108.93907039999999,34.25744839999999],[108.93907219999997,34.25752329999997],[108.9387753,34.25752820000002],[108.93876619999996,34.257144499999974],[108.9391779,34.257137800000045],[108.9391852,34.25744650000001]]]},"properties":{"osm_id":"465385312","code":7202,"fclass":"park","name":"","RASTERVALU":207.818,"Light_Rain":"0","Moderate":"0","Heavy":"0","Storm":"3.4227042604654"}},
{"type":"Feature","geometry":{"type":"Polygon","coordinates":[[[108.936243,34.25732240000004],[108.9362859,34.25735120000002],[108.93630169999997,34.257393799999996],[108.93630169999997,34.257817200000034],[108.93627010000003,34.25787569999999],[108.93610859999998,34.257877100000016],[108.93607639999999,34.257821699999965],[108.93606300000003,34.257396],[108.93609249999999,34.25735169999998],[108.93611689999996,34.25732679999996],[108.93615420000003,34.257313999999965],[108.93620250000002,34.25730510000003],[108.936243,34.25732240000004]]]},"properties":{"osm_id":"277264146","code":7202,"fclass":"park","name":"","RASTERVALU":207.818,"Light_Rain":"0","Moderate":"0","Heavy":"0","Storm":"3.4227042604654"}},
{"type":"Feature","geometry":{"type":"Polygon","coordinates":[[[108.65488840000005,34.257509599999985],[108.65521729999999,34.25767579999997],[108.65566950000002,34.25790979999997],[108.65606680000002,34.25817030000003],[108.65604860000002,34.25824200000001],[108.6550757,34.25901969999997],[108.65503000000004,34.259031000000014],[108.65409820000004,34.25849499999998],[108.65408449999997,34.2584308],[108.65477880000003,34.257509599999985],[108.65488840000005,34.257509599999985]]]},"properties":{"osm_id":"1022285948","code":7202,"fclass":"park","name":"","RASTERVALU":119.529,"Light_Rain":"0","Moderate":"0","Heavy":"1.48661668200985","Storm":"12.8283676013327"}},
{"type":"Feature","geometry":{"type":"Polygon","coordinates":[[[108.96196670000005,34.253640999999995],[108.96080539999997,34.25359310000003],[108.96080989999999,34.253518399999976],[108.96055219999998,34.25350779999999],[108.96054720000002,34.25359090000003],[108.95927880000005,34.25353940000003],[108.95928339999999,34.25345939999998],[108.95909580000001,34.2534521],[108.95909019999999,34.25353019999998],[108.95877329999998,34.25351829999997],[108.95880210000004,34.253137399999986],[108.96071609999996,34.253253700000016],[108.96215019999995,34.253299399999975],[108.96214279999997,34.25355509999999],[108.96197229999999,34.253548199999955],[108.96196670000005,34.253640999999995]]]},"properties":{"osm_id":"287208791","code":7202,"fclass":"park","name":"","RASTERVALU":207.818,"Light_Rain":"0","Moderate":"0","Heavy":"0","Storm":"3.4227042604654"}},
{"type":"Feature","geometry":{"type":"Polygon","coordinates":[[[108.98022040000002,34.25892879999999],[108.97992850000003,34.25889619999996],[108.97998589999997,34.25873250000001],[108.97956140000002,34.25865550000003],[108.97924289999996,34.2587249],[108.9790545,34.25868399999999],[108.97898439999999,34.25880680000002],[108.97897909999999,34.258897100000034],[108.97789310000002,34.25892019999999],[108.9773014,34.2587496],[108.97674580000003,34.25842929999997],[108.97641630000004,34.258098899999986],[108.9757203,34.25741570000003],[108.97567210000001,34.257348599999986],[108.97621560000005,34.25716650000002],[108.97571520000002,34.25626429999998],[108.9755667,34.25631510000001],[108.97531839999996,34.25586000000001],[108.9749613,34.255862699999966],[108.97495510000002,34.25575490000002],[108.97475000000001,34.255752199999975],[108.97475010000002,34.25539560000004],[108.9747594,34.25466450000004],[108.97476439999996,34.25427350000002],[108.974767,34.25336399999999],[108.97476750000004,34.25318290000002],[108.97484980000002,34.25318469999999],[108.9748551,34.252881500000036],[108.9752231,34.252883400000016],[108.97522949999998,34.25280569999998],[108.97532809999997,34.252802700000004],[108.97533000000004,34.25276660000004],[108.97821850000003,34.25277380000001],[108.9789514,34.25277549999997],[108.97963399999999,34.25277549999997],[108.98080379999998,34.25277520000004],[108.98088690000002,34.25281690000002],[108.98111059999995,34.25293590000001],[108.98126969999997,34.25295579999997],[108.98163239999997,34.25294959999999],[108.98163010000005,34.25291020000002],[108.9828502,34.25290739999996],[108.98309329999996,34.25314579999997],[108.9830864,34.25889519999997],[108.98273049999996,34.25891249999998],[108.98246210000005,34.258926199999955],[108.9823252,34.25892739999997],[108.98223080000001,34.25888850000003],[108.98200250000004,34.25871279999998],[108.98174140000002,34.25873680000001],[108.98173469999999,34.25889720000004],[108.98143880000002,34.258890800000046],[108.98089079999998,34.25883370000003],[108.98088090000005,34.258916300000024],[108.98069339999999,34.25891589999999],[108.98026030000004,34.25882610000002],[108.98022040000002,34.25892879999999]]]},"properties":{"osm_id":"252867154","code":7202,"fclass":"park","name":"兴庆宫公园","RASTERVALU":5.18367,"Light_Rain":"2.42772884486127","Moderate":"12.9928759730824","Heavy":"32.4171377866554","Storm":"64.1419903570866"}},
{"type":"Feature","geometry":{"type":"Polygon","coordinates":[[[109.01108980000004,34.252782500000016],[109.01107990000001,34.253858499999964],[109.011024,34.2539062],[109.01103029999999,34.25498400000001],[109.01095990000003,34.2554004],[109.0109734,34.25667270000002],[109.010966,34.25801900000003],[109.01102960000003,34.25840579999998],[109.011011,34.259999899999976],[109.01099269999999,34.2600796],[109.00957200000003,34.260076199999986],[109.00948879999999,34.259942400000014],[109.00949079999998,34.2580196],[109.00956520000001,34.25761139999997],[109.00955709999995,34.2550247],[109.00948620000004,34.25456660000002],[109.00951559999999,34.25284439999999],[109.00966459999997,34.2527554],[109.01101470000003,34.25272489999996],[109.01108980000004,34.252782500000016]]]},"properties":{"osm_id":"821606613","code":7202,"fclass":"park","name":"幸福林带D区","RASTERVALU":5.18367,"Light_Rain":"2.42772884486127","Moderate":"12.9928759730824","Heavy":"32.4171377866554","Storm":"64.1419903570866"}},
{"type":"Feature","geometry":{"type":"Polygon","coordinates":[[[108.9670435,34.258845600000036],[108.9671815971999,34.25954104245806],[108.96720510000004,34.25965939999996],[108.96731279999999,34.26007260000004],[108.96669739999996,34.26010440000001],[108.96661220000001,34.260066199999955],[108.96661132905031,34.2595469234359],[108.96660900000002,34.25815830000001],[108.96673270000004,34.258158200000004],[108.96673240000001,34.25794820000004],[108.96660189999996,34.25794839999997],[108.96660089999997,34.25717170000001],[108.96672439999998,34.2571716],[108.96672420000004,34.2569859],[108.96661990000003,34.256986000000005],[108.96661929999998,34.25617509999997],[108.96674970000002,34.25617499999996],[108.96674960000001,34.25599059999998],[108.96661250000004,34.25599059999998],[108.966612,34.25396699999997],[108.96672979999998,34.25396970000001],[108.96674120000003,34.25374049999997],[108.9664509,34.25372649999996],[108.96644270000003,34.25383780000003],[108.96521839999998,34.25379500000004],[108.96522389999998,34.253688600000025],[108.96493570000004,34.253678299999976],[108.96495119999999,34.2537656],[108.9637384,34.253706000000044],[108.9637428,34.253626200000014],[108.96350020000001,34.25361699999996],[108.9634958,34.253694199999956],[108.96246650000002,34.253653399999955],[108.96247430000004,34.25338409999997],[108.9663435,34.253574800000024],[108.96695890000001,34.2536003],[108.9669512,34.25398180000004],[108.96699760000001,34.256232999999966],[108.96700259999999,34.256517599999974],[108.9670435,34.258845600000036]]]},"properties":{"osm_id":"287208788","code":7202,"fclass":"park","name":"环城公园","RASTERVALU":5.18367,"Light_Rain":"2.42772884486127","Moderate":"12.9928759730824","Heavy":"32.4171377866554","Storm":"64.1419903570866"}},
{"type":"Feature","geometry":{"type":"Polygon","coordinates":[[[109.04204380000003,34.25566370000002],[109.04143039999998,34.2570289],[109.04043939999997,34.262190100000005],[109.04015629999999,34.26198860000003],[109.04108430000004,34.25698329999996],[109.04178620000003,34.25544639999998],[109.0434359,34.25277740000004],[109.04389210000001,34.25276440000003],[109.04204380000003,34.25566370000002]]]},"properties":{"osm_id":"1052867631","code":7202,"fclass":"park","name":"","RASTERVALU":119.529,"Light_Rain":"0","Moderate":"0","Heavy":"1.48661668200985","Storm":"12.8283676013327"}},
{"type":"Feature","geometry":{"type":"Polygon","coordinates":[[[109.0015861,34.25910630000003],[109.00165410000002,34.25911969999998],[109.00170909999996,34.259151999999986],[109.0017224563058,34.259164534786976],[109.00175950000005,34.25919929999999],[109.00180269999997,34.25925890000004],[109.00182539999999,34.2593304],[109.00181249999999,34.26014750000002],[109.00176409999997,34.26017970000002],[109.0013393,34.26018100000004],[109.00134600000003,34.259482599999984],[109.00132729999999,34.25945730000002],[109.00132450000002,34.25928970000001],[109.00132990000003,34.259252899999986],[109.00134449999999,34.2592187],[109.00137270000002,34.25917590000001],[109.00138045061261,34.25916809970405],[109.00140390000001,34.25914449999999],[109.00146950000003,34.2591167],[109.00151870000002,34.25910520000002],[109.0015861,34.25910630000003]]]},"properties":{"osm_id":"293658782","code":7202,"fclass":"park","name":"","RASTERVALU":5.18367,"Light_Rain":"2.42772884486127","Moderate":"12.9928759730824","Heavy":"32.4171377866554","Storm":"64.1419903570866"}},
{"type":"Feature","geometry":{"type":"Polygon","coordinates":[[[109.05748789999997,34.2599991],[109.05679720000002,34.26011579999997],[109.05666620000001,34.2595365],[109.05735689999996,34.25943250000002],[109.05748789999997,34.2599991]]]},"properties":{"osm_id":"971045766","code":7202,"fclass":"park","name":"五环集团文化广场","RASTERVALU":44.8235,"Light_Rain":"0","Moderate":"1.51575301399969","Heavy":"11.4143285995513","Storm":"35.191290310021"}},
{"type":"Feature","geometry":{"type":"Polygon","coordinates":[[[109.00133919999999,34.263589399999965],[109.00068900000002,34.26358529999998],[109.00069899999995,34.26184880000001],[109.00075939999998,34.2618497],[109.00075909999995,34.26181330000001],[109.00107250000005,34.26181270000004],[109.00107230000003,34.26175130000003],[109.00265900000004,34.261743800000026],[109.00260860000004,34.263377899999966],[109.00254879999999,34.263456399999974],[109.00170059999996,34.263460300000034],[109.00146999999998,34.263462100000005],[109.00134309999996,34.263460300000034],[109.00133919999999,34.263589399999965]]]},"properties":{"osm_id":"970903623","code":7202,"fclass":"park","name":"","RASTERVALU":207.818,"Light_Rain":"0","Moderate":"0","Heavy":"0","Storm":"3.4227042604654"}},
{"type":"Feature","geometry":{"type":"Polygon","coordinates":[[[108.99366860000002,34.26483909999998],[108.99315369999997,34.26438369999996],[108.99298829999995,34.26443759999998],[108.99178690000002,34.264425],[108.99177850000004,34.26420610000001],[108.9912747,34.264210199999994],[108.99127690000002,34.263550600000045],[108.99135669999995,34.26357129999998],[108.99244299999995,34.262525699999976],[108.9930554,34.26256270000002],[108.99350609999999,34.261844099999976],[108.99469229999998,34.261820599999986],[108.9948191,34.26240500000002],[108.99623560000005,34.26238279999996],[108.99621080000004,34.26188780000004],[108.99770580000002,34.26176520000002],[108.99827329999998,34.26180070000003],[108.99831560000003,34.26257069999997],[108.99831709999997,34.26259889999999],[108.99826029999997,34.26409639999999],[108.9969897,34.2640846],[108.99693610000001,34.26437939999996],[108.99610799999998,34.264396499999954],[108.99514929999997,34.2646676],[108.99465290000002,34.26465869999998],[108.99434280000003,34.26443940000004],[108.99366860000002,34.26483909999998]]]},"properties":{"osm_id":"265765274","code":7202,"fclass":"park","name":"长乐公园","RASTERVALU":207.818,"Light_Rain":"0","Moderate":"0","Heavy":"0","Storm":"3.4227042604654"}},
{"type":"Feature","geometry":{"type":"Polygon","coordinates":[[[108.9669717,34.26569239999998],[108.96689360000003,34.26569239999998],[108.96683489999997,34.26559010000004],[108.96673719999997,34.26553090000002],[108.9665712,34.26550390000001],[108.96657480000003,34.2648415],[108.96668100000002,34.264841900000036],[108.96668190000001,34.264681299999985],[108.96657260000002,34.264681000000046],[108.9665766,34.26385010000004],[108.96669090000005,34.26385039999998],[108.96669160000002,34.263675399999975],[108.96657409999997,34.26367510000004],[108.9665767,34.26285890000001],[108.96668259999998,34.26285910000003],[108.96668269999999,34.262835200000005],[108.9666828,34.26272209999997],[108.96668290000001,34.2626999],[108.96656920000001,34.26269979999999],[108.96656979999997,34.26188240000004],[108.96668779999996,34.26188240000004],[108.96668679999998,34.261845600000015],[108.966686,34.26173039999998],[108.96668769999995,34.261708],[108.96656979999997,34.26170810000001],[108.96656849999995,34.26168299999997],[108.96709709999999,34.26169359999996],[108.96708900000003,34.26189200000003],[108.96691959999995,34.262215000000026],[108.9669717,34.26569239999998]]]},"properties":{"osm_id":"287208780","code":7202,"fclass":"park","name":"环城公园","RASTERVALU":207.818,"Light_Rain":"0","Moderate":"0","Heavy":"0","Storm":"3.4227042604654"}},
{"type":"Feature","geometry":{"type":"Polygon","coordinates":[[[108.6464892,34.25796029999997],[108.64652200000005,34.25802440000004],[108.64588119999996,34.25889140000001],[108.64581569999996,34.25891359999998],[108.64533303927107,34.2586729908075],[108.64507949999998,34.25854659999999],[108.64520770000001,34.25839629999999],[108.64533579999996,34.258268200000046],[108.64545209999999,34.25821650000003],[108.64570539999998,34.2581377],[108.6457984464277,34.2581361696311],[108.64585740000004,34.25813519999997],[108.64605409999997,34.2580293],[108.64615839999999,34.257881500000025],[108.6464892,34.25796029999997]]]},"properties":{"osm_id":"1048983187","code":7202,"fclass":"park","name":"","RASTERVALU":44.8235,"Light_Rain":"0","Moderate":"1.51575301399969","Heavy":"11.4143285995513","Storm":"35.191290310021"}},
{"type":"Feature","geometry":{"type":"Polygon","coordinates":[[[108.65377590000001,34.25843489999998],[108.653777,34.25850430000004],[108.65308969999998,34.25944570000004],[108.65297200000002,34.259479099999965],[108.65187830000004,34.258918999999985],[108.65184700000002,34.258845700000045],[108.65254690000002,34.257874200000046],[108.65262220000002,34.25786179999999],[108.65377590000001,34.25843489999998]]]},"properties":{"osm_id":"1035751972","code":7202,"fclass":"park","name":"","RASTERVALU":84.6667,"Light_Rain":"0","Moderate":"1.32709433381689E-02","Heavy":"4.19738989471845","Storm":"20.4458115174304"}},
{"type":"Feature","geometry":{"type":"Polygon","coordinates":[[[108.6547613,34.258969000000036],[108.65493819999999,34.25911600000003],[108.65492930000005,34.25916279999999],[108.65392860000003,34.25998389999999],[108.65328470000004,34.25963420000001],[108.65326630000003,34.25954899999997],[108.65395799999997,34.258615500000005],[108.65404210000001,34.25859369999998],[108.6547613,34.258969000000036]]]},"properties":{"osm_id":"1035751973","code":7202,"fclass":"park","name":"","RASTERVALU":207.818,"Light_Rain":"0","Moderate":"0","Heavy":"0","Storm":"3.4227042604654"}},
{"type":"Feature","geometry":{"type":"Polygon","coordinates":[[[108.65370210000003,34.26009419999996],[108.65371319999997,34.26015200000004],[108.65276019999999,34.260945699999986],[108.65267189999997,34.2609609],[108.65239599999997,34.26079060000003],[108.65307300000002,34.25982970000002],[108.6531907,34.25981140000001],[108.65370210000003,34.26009419999996]]]},"properties":{"osm_id":"1035751974","code":7202,"fclass":"park","name":"","RASTERVALU":84.6667,"Light_Rain":"0","Moderate":"1.32709433381689E-02","Heavy":"4.19738989471845","Storm":"20.4458115174304"}},
{"type":"Feature","geometry":{"type":"Polygon","coordinates":[[[108.88994489999999,34.2606732],[108.88993709999997,34.26137929999998],[108.88551799999999,34.26138359999998],[108.8855126,34.2606539],[108.88994489999999,34.2606732]]]},"properties":{"osm_id":"246615376","code":7202,"fclass":"park","name":"土门街心花园","RASTERVALU":5.18367,"Light_Rain":"2.42772884486127","Moderate":"12.9928759730824","Heavy":"32.4171377866554","Storm":"64.1419903570866"}},
{"type":"Feature","geometry":{"type":"Polygon","coordinates":[[[108.89047970000001,34.26092490000004],[108.8904785,34.26108140000002],[108.89015299999998,34.26130959999998],[108.89014910000002,34.26074709999998],[108.89047970000001,34.26092490000004]]]},"properties":{"osm_id":"246615378","code":7202,"fclass":"park","name":"","RASTERVALU":84.6667,"Light_Rain":"0","Moderate":"1.32709433381689E-02","Heavy":"4.19738989471845","Storm":"20.4458115174304"}},
{"type":"Feature","geometry":{"type":"Polygon","coordinates":[[[108.65272400000002,34.26113060000001],[108.6532231,34.261489],[108.65320050000001,34.26156550000002],[108.65243489999999,34.26222450000001],[108.65235129999999,34.2622469],[108.65166690000004,34.26189410000003],[108.6516331,34.26179139999997],[108.65225639999996,34.26094019999997],[108.65234000000004,34.260910299999985],[108.65272400000002,34.26113060000001]]]},"properties":{"osm_id":"1047701483","code":7202,"fclass":"park","name":"","RASTERVALU":119.529,"Light_Rain":"0","Moderate":"0","Heavy":"1.48661668200985","Storm":"12.8283676013327"}},
{"type":"Feature","geometry":{"type":"Polygon","coordinates":[[[108.92202960000002,34.26122640000003],[108.92204219999999,34.261289199999986],[108.92202960000002,34.26245420000001],[108.92103169999996,34.2624594],[108.92102539999998,34.26180500000003],[108.9210666,34.261797099999995],[108.92117430000003,34.261755199999996],[108.92135479999996,34.26165309999998],[108.92153859999998,34.261493400000006],[108.92174449999996,34.26127089999998],[108.92192829999999,34.261208100000026],[108.92202960000002,34.26122640000003]]]},"properties":{"osm_id":"272524819","code":7202,"fclass":"park","name":"","RASTERVALU":5.18367,"Light_Rain":"2.42772884486127","Moderate":"12.9928759730824","Heavy":"32.4171377866554","Storm":"64.1419903570866"}},
{"type":"Feature","geometry":{"type":"MultiPolygon","coordinates":[[[[109.01084532970278,34.24293725040986],[109.01105760000003,34.25236569999999],[109.0097401,34.25238169999999],[109.00952230000001,34.25226640000004],[109.00949748224328,34.24287410724956],[109.00949299999998,34.24117779999996],[109.00960359999999,34.241003199999994],[109.0108016,34.24099490000002],[109.01084532970278,34.24293725040986]]],[[[109.01108980000004,34.252782500000016],[109.01107990000001,34.253858499999964],[109.011024,34.2539062],[109.01103029999999,34.25498400000001],[109.01095990000003,34.2554004],[109.0109734,34.25667270000002],[109.010966,34.25801900000003],[109.01102960000003,34.25840579999998],[109.011011,34.259999899999976],[109.01099269999999,34.2600796],[109.00957200000003,34.260076199999986],[109.00948879999999,34.259942400000014],[109.00949079999998,34.2580196],[109.00956520000001,34.25761139999997],[109.00955709999995,34.2550247],[109.00948620000004,34.25456660000002],[109.00951559999999,34.25284439999999],[109.00966459999997,34.2527554],[109.01101470000003,34.25272489999996],[109.01108980000004,34.252782500000016]]],[[[109.01102709999999,34.26069280000002],[109.01104729999997,34.26439180000001],[109.01096860000004,34.26476000000001],[109.01097170000003,34.267391699999976],[109.01105120000004,34.267752599999994],[109.01104309999998,34.270591300000035],[109.01099070000001,34.27063119999996],[109.0096199,34.27063200000003],[109.00952880000001,34.2705522],[109.00949389999997,34.260653599999976],[109.0095694,34.26057949999997],[109.01094610000004,34.2605756],[109.01102709999999,34.26069280000002]]],[[[109.01095540000001,34.27117789999999],[109.01104890000002,34.27126889999997],[109.01105310000001,34.27852459999999],[109.01096139999997,34.27860919999997],[109.00957170000001,34.27861119999996],[109.00950730000001,34.278540300000046],[109.00946690000005,34.27127840000004],[109.00954319999997,34.27115150000002],[109.01095540000001,34.27117789999999]]],[[[109.01092550000003,34.279092199999965],[109.01100820000003,34.279212900000005],[109.01109129999998,34.28908910000004],[109.01101120000001,34.28919549999996],[109.00964680000001,34.289160299999985],[109.00954349999999,34.289067200000005],[109.00950169999999,34.279146700000034],[109.00958619999997,34.279076299999986],[109.01092550000003,34.279092199999965]]]]},"properties":{"osm_id":"16151810","code":7202,"fclass":"park","name":"幸福林带","RASTERVALU":5.18367,"Light_Rain":"2.42772884486127","Moderate":"12.9928759730824","Heavy":"32.4171377866554","Storm":"64.1419903570866"}},
{"type":"Feature","geometry":{"type":"Polygon","coordinates":[[[109.01102709999999,34.26069280000002],[109.01104729999997,34.26439180000001],[109.01096860000004,34.26476000000001],[109.01097170000003,34.267391699999976],[109.01105120000004,34.267752599999994],[109.01104309999998,34.270591300000035],[109.01099070000001,34.27063119999996],[109.0096199,34.27063200000003],[109.00952880000001,34.2705522],[109.00949389999997,34.260653599999976],[109.0095694,34.26057949999997],[109.01094610000004,34.2605756],[109.01102709999999,34.26069280000002]]]},"properties":{"osm_id":"821606609","code":7202,"fclass":"park","name":"幸福林带C区","RASTERVALU":5.18367,"Light_Rain":"2.42772884486127","Moderate":"12.9928759730824","Heavy":"32.4171377866554","Storm":"64.1419903570866"}},
{"type":"Feature","geometry":{"type":"Polygon","coordinates":[[[108.96603219999999,34.265960200000016],[108.96555170000002,34.26596089999999],[108.96547540000002,34.265948700000045],[108.96543180000005,34.265925700000004],[108.9654088,34.26589460000001],[108.96539290000003,34.26586189999997],[108.96538239999995,34.26582329999997],[108.96539840000004,34.26576170000003],[108.96544369999997,34.265716600000026],[108.96553480000004,34.26569369999999],[108.96603519999996,34.26568609999999],[108.96603219999999,34.265960200000016]]]},"properties":{"osm_id":"287208778","code":7202,"fclass":"park","name":"","RASTERVALU":207.818,"Light_Rain":"0","Moderate":"0","Heavy":"0","Storm":"3.4227042604654"}},
{"type":"Feature","geometry":{"type":"Polygon","coordinates":[[[109.0580391,34.26820859999998],[109.05786750000001,34.2681649],[109.05786230000004,34.26810170000002],[109.057762,34.268087900000026],[109.05777029999997,34.26783919999997],[109.05773689999997,34.267673400000014],[109.0576031,34.26769410000004],[109.05755310000004,34.26757810000004],[109.05744079999998,34.26727110000004],[109.05737099999997,34.2669755],[109.05726090000002,34.266991499999996],[109.05648830000004,34.26712070000003],[109.05604820000003,34.26718979999997],[109.05556339999998,34.267286499999976],[109.0556303,34.26715520000004],[109.05563859999998,34.267003199999984],[109.0556303,34.26684429999998],[109.05554670000002,34.26638840000001],[109.05581420000004,34.26635379999999],[109.05624890000003,34.26633309999996],[109.05663339999997,34.26638149999997],[109.05678389999999,34.26629860000004],[109.05693929999995,34.26620700000001],[109.05715490000003,34.26616320000003],[109.05735230000002,34.26634690000004],[109.05824680000005,34.26640910000003],[109.05848920000004,34.26643670000001],[109.05864099999998,34.266683199999974],[109.05836690000004,34.26688159999996],[109.05829700000002,34.26706539999998],[109.05823839999998,34.267251899999955],[109.05835549999999,34.26730029999997],[109.0580391,34.26820859999998]]]},"properties":{"osm_id":"249184719","code":7202,"fclass":"park","name":"纺织公园","RASTERVALU":207.818,"Light_Rain":"0","Moderate":"0","Heavy":"0","Storm":"3.4227042604654"}},
{"type":"Feature","geometry":{"type":"Polygon","coordinates":[[[108.96696369999997,34.27121729999996],[108.96672339999998,34.27126970000003],[108.96672290000002,34.271086499999974],[108.96669429999997,34.27103450000003],[108.96657619999996,34.271034600000036],[108.96657470000002,34.27006750000004],[108.96668230000004,34.27006740000003],[108.96668210000003,34.26985529999998],[108.9665744,34.26985539999999],[108.96657380000003,34.2688808],[108.96668760000004,34.2688808],[108.96668760000004,34.26869679999996],[108.96656749999995,34.26869670000004],[108.96656830000002,34.267876600000044],[108.9666903,34.26787679999997],[108.96669070000003,34.26766769999999],[108.96656899999999,34.26766749999997],[108.9665712,34.26686640000003],[108.96668359999997,34.26686669999997],[108.96668440000003,34.266649999999984],[108.96656490000001,34.266649700000045],[108.96656710000002,34.26617029999999],[108.96664690000004,34.26615980000001],[108.96682429999998,34.266023700000034],[108.96691710000002,34.265917600000044],[108.96691300000003,34.26729069999997],[108.96696369999997,34.27121729999996]]]},"properties":{"osm_id":"287208777","code":7202,"fclass":"park","name":"环城公园","RASTERVALU":207.818,"Light_Rain":"0","Moderate":"0","Heavy":"0","Storm":"3.4227042604654"}},
{"type":"Feature","geometry":{"type":"Polygon","coordinates":[[[109.04032139999998,34.262788100000016],[109.03984169999998,34.2644131],[109.0392203,34.266311],[109.03892929999999,34.267350999999984],[109.03875629999997,34.268566400000005],[109.038135,34.27551420000004],[109.03767099999997,34.27547520000001],[109.0377024,34.27176420000001],[109.03776530000005,34.27076329999997],[109.03809570000003,34.26967780000004],[109.03823720000001,34.26900189999998],[109.03811139999999,34.268001000000034],[109.03916529999998,34.26478360000001],[109.0400383,34.26249559999997],[109.04032139999998,34.262788100000016]]]},"properties":{"osm_id":"1052867630","code":7202,"fclass":"park","name":"","RASTERVALU":5.18367,"Light_Rain":"2.42772884486127","Moderate":"12.9928759730824","Heavy":"32.4171377866554","Storm":"64.1419903570866"}},
{"type":"Feature","geometry":{"type":"Polygon","coordinates":[[[109.09552169999999,34.28645340000001],[109.09739020000005,34.28565290000004],[109.09996799999999,34.2828593],[109.10247109999997,34.281346699999986],[109.10430180000002,34.279000600000025],[109.10659939999996,34.277302699999964],[109.11005519999999,34.27486379999996],[109.1124276,34.27237850000003],[109.11769530000002,34.266466100000045],[109.12057200000001,34.26547810000001],[109.12331800000001,34.2635329],[109.12785719999998,34.261356100000015],[109.1278681,34.261690900000005],[109.12626839999997,34.26270599999997],[109.12010500000001,34.26663589999997],[109.1175952,34.2691353],[109.11471259999996,34.272154799999996],[109.11071629999998,34.276480799999995],[109.10359159999996,34.2821487],[109.10219419999999,34.2828314],[109.10087850000001,34.283777600000036],[109.09982199999999,34.28496250000002],[109.09757670000002,34.28668259999997],[109.09649299999998,34.28751290000001],[109.0964472,34.28746299999997],[109.09552169999999,34.28645340000001]]]},"properties":{"osm_id":"510046944","code":7202,"fclass":"park","name":"","RASTERVALU":207.818,"Light_Rain":"0","Moderate":"0","Heavy":"0","Storm":"3.4227042604654"}},
{"type":"Feature","geometry":{"type":"Polygon","coordinates":[[[109.01095540000001,34.27117789999999],[109.01104890000002,34.27126889999997],[109.01105310000001,34.27852459999999],[109.01096139999997,34.27860919999997],[109.00957170000001,34.27861119999996],[109.00950730000001,34.278540300000046],[109.00946690000005,34.27127840000004],[109.00954319999997,34.27115150000002],[109.01095540000001,34.27117789999999]]]},"properties":{"osm_id":"821606607","code":7202,"fclass":"park","name":"幸福林带B区","RASTERVALU":119.529,"Light_Rain":"0","Moderate":"0","Heavy":"1.48661668200985","Storm":"12.8283676013327"}},
{"type":"Feature","geometry":{"type":"Polygon","coordinates":[[[108.96708050000004,34.27819469999996],[108.96696369999997,34.27827959999997],[108.96596449999998,34.278246299999964],[108.96580559999998,34.27824099999997],[108.96558139999999,34.27816000000002],[108.96475019999997,34.27815609999996],[108.9638115,34.27817539999996],[108.96371339999997,34.27807510000001],[108.96303150000004,34.27807589999999],[108.96279219999997,34.27807139999997],[108.96249450000002,34.27806589999996],[108.96249470000004,34.27776449999998],[108.96365940000004,34.277777299999975],[108.9636579,34.27788110000004],[108.96387300000004,34.27788320000003],[108.96387439999998,34.27777509999997],[108.96515330000001,34.27778589999998],[108.9651521,34.277889300000005],[108.96538269999998,34.277890900000045],[108.96538359999997,34.2777926],[108.96651,34.27779879999998],[108.96650940000004,34.27789319999997],[108.966728,34.27789400000004],[108.96672889999999,34.2777046],[108.96661360000004,34.277704299999975],[108.9666163,34.27678239999999],[108.9667386,34.276782499999996],[108.96673880000002,34.27659480000001],[108.96661699999997,34.276594700000004],[108.96661670000003,34.27570930000002],[108.96673870000001,34.27570930000002],[108.96673839999998,34.27550999999996],[108.96661819999998,34.27551019999998],[108.9666163,34.2746238],[108.96673790000003,34.274623599999984],[108.96673739999999,34.27441399999996],[108.96661709999998,34.274414199999974],[108.96661450000003,34.273530699999974],[108.96672439999998,34.27353050000004],[108.96672380000001,34.27333830000004],[108.96660370000002,34.273338599999974],[108.96660089999997,34.27240730000001],[108.96675359999999,34.27240239999996],[108.96671699999999,34.27178309999997],[108.96704370000002,34.271790699999976],[108.96704219999998,34.271938200000015],[108.96702839999999,34.27232480000003],[108.96706650000003,34.27386500000001],[108.96708050000004,34.27819469999996]]]},"properties":{"osm_id":"287208776","code":7202,"fclass":"park","name":"环城公园","RASTERVALU":5.18367,"Light_Rain":"2.42772884486127","Moderate":"12.9928759730824","Heavy":"32.4171377866554","Storm":"64.1419903570866"}},
{"type":"Feature","geometry":{"type":"Polygon","coordinates":[[[109.08476119999997,34.27703779999998],[109.08410140000001,34.276891499999955],[109.08352200000003,34.276789599999965],[109.08293729999997,34.27673189999999],[109.08257789999998,34.27671860000004],[109.08214869999999,34.27676739999999],[109.0820844,34.27657240000002],[109.0840638,34.27613799999996],[109.08440709999998,34.27633740000003],[109.08461639999999,34.27652799999999],[109.08469679999997,34.27668320000004],[109.08476119999997,34.27703779999998]]]},"properties":{"osm_id":"879055412","code":7202,"fclass":"park","name":"","RASTERVALU":5.18367,"Light_Rain":"2.42772884486127","Moderate":"12.9928759730824","Heavy":"32.4171377866554","Storm":"64.1419903570866"}},
{"type":"Feature","geometry":{"type":"Polygon","coordinates":[[[108.9249965,34.264168900000044],[108.92480120000002,34.264170099999966],[108.92473969999999,34.26403020000002],[108.92435790000002,34.263940300000044],[108.9243243,34.26376319999996],[108.9241001,34.26377209999998],[108.92409969999997,34.26369010000004],[108.92409280000003,34.26264350000004],[108.92409209999997,34.262541599999956],[108.92578800000004,34.262564800000014],[108.9257843,34.263908399999984],[108.92576149999998,34.2639086],[108.92510889999998,34.26391169999999],[108.92510420000004,34.26401390000001],[108.92510190000003,34.264061200000015],[108.92499890000003,34.264057900000005],[108.9249965,34.264168900000044]]]},"properties":{"osm_id":"245153373","code":7202,"fclass":"park","name":"西安儿童公园","RASTERVALU":207.818,"Light_Rain":"0","Moderate":"0","Heavy":"0","Storm":"3.4227042604654"}},
{"type":"Feature","geometry":{"type":"Polygon","coordinates":[[[108.8128765,34.26585710000001],[108.8126166,34.265867499999985],[108.81260090000002,34.2667554],[108.80556470000005,34.266702399999964],[108.80550159999999,34.26647430000001],[108.8036052,34.26643729999997],[108.80341530000003,34.26510099999998],[108.80319320000002,34.26495320000001],[108.80280480000005,34.264932499999986],[108.8029771,34.26268039999999],[108.80486159999997,34.26251079999999],[108.80497280000002,34.26272529999997],[108.80654990000004,34.26291810000002],[108.80725529999995,34.26292699999996],[108.80755040000004,34.263175299999986],[108.8080975,34.26319300000003],[108.80805759999998,34.26269170000003],[108.80827639999997,34.262663199999984],[108.80810000000004,34.261450199999985],[108.81179910000003,34.261447799999964],[108.81182849999998,34.26177869999999],[108.81198962853006,34.261781538704454],[108.81270830000003,34.261794200000026],[108.81293089999997,34.26278510000003],[108.81293538443475,34.26430505959342],[108.81293599999995,34.26451369999997],[108.81271990000002,34.26478290000004],[108.81204959999998,34.26484500000003],[108.81212169999999,34.26553100000003],[108.81284829999998,34.2654973],[108.8128765,34.26585710000001]]]},"properties":{"osm_id":"997806684","code":7202,"fclass":"park","name":"阿房宫考古遗址公园","RASTERVALU":207.818,"Light_Rain":"0","Moderate":"0","Heavy":"0","Storm":"3.4227042604654"}},
{"type":"Feature","geometry":{"type":"Polygon","coordinates":[[[108.86728209999998,34.265133399999996],[108.86635039999999,34.26513370000002],[108.86634980000004,34.26402050000002],[108.86728140000002,34.26402009999999],[108.86728209999998,34.265133399999996]]]},"properties":{"osm_id":"390178495","code":7202,"fclass":"park","name":"西钞广场","RASTERVALU":5.18367,"Light_Rain":"2.42772884486127","Moderate":"12.9928759730824","Heavy":"32.4171377866554","Storm":"64.1419903570866"}},
{"type":"Feature","geometry":{"type":"Polygon","coordinates":[[[108.94915810000003,34.26496860000004],[108.94872010000003,34.264979699999984],[108.9483912,34.265140200000026],[108.94837689999997,34.264864899999985],[108.94915350000001,34.26484500000003],[108.94915810000003,34.26496860000004]]]},"properties":{"osm_id":"245283771","code":7202,"fclass":"park","name":"明秦王府城墙遗址","RASTERVALU":5.18367,"Light_Rain":"2.42772884486127","Moderate":"12.9928759730824","Heavy":"32.4171377866554","Storm":"64.1419903570866"}},
{"type":"Feature","geometry":{"type":"Polygon","coordinates":[[[108.83565960000001,34.268414100000015],[108.83563850000004,34.2684128],[108.83567250000002,34.26814030000001],[108.8353952,34.268144999999954],[108.83548729999997,34.26688159999996],[108.83614160000002,34.26188279999998],[108.8416342,34.264532500000016],[108.84063420000004,34.26624299999997],[108.83801590000002,34.266233499999984],[108.83738390000005,34.26622230000003],[108.83604820000002,34.26787100000002],[108.83565960000001,34.268414100000015]]]},"properties":{"osm_id":"1004234795","code":7202,"fclass":"park","name":"红光公园","RASTERVALU":5.18367,"Light_Rain":"2.42772884486127","Moderate":"12.9928759730824","Heavy":"32.4171377866554","Storm":"64.1419903570866"}},
{"type":"Feature","geometry":{"type":"Polygon","coordinates":[[[108.95024880000004,34.26510580000002],[108.95033699999996,34.26513180000004],[108.9503728,34.26514599999997],[108.95041820000003,34.26516790000001],[108.95105189999997,34.26573080000004],[108.95106179999999,34.26576429999997],[108.95102470000002,34.265830600000044],[108.9479716,34.265841499999965],[108.94796589999999,34.26578510000001],[108.94861260000002,34.26518269999999],[108.94870139999999,34.26514240000003],[108.94877829999996,34.26512979999997],[108.94886060000002,34.26512600000001],[108.95013170000003,34.26509469999999],[108.95024880000004,34.26510580000002]]]},"properties":{"osm_id":"387465812","code":7202,"fclass":"park","name":"新城广场","RASTERVALU":5.18367,"Light_Rain":"2.42772884486127","Moderate":"12.9928759730824","Heavy":"32.4171377866554","Storm":"64.1419903570866"}},
{"type":"Feature","geometry":{"type":"Polygon","coordinates":[[[108.94338089999995,34.265216999999986],[108.94337510000001,34.26575000000003],[108.94299620000001,34.2657549],[108.94282929999997,34.26566400000002],[108.94283750000002,34.26521210000003],[108.94338089999995,34.265216999999986]]]},"properties":{"osm_id":"387465810","code":7202,"fclass":"park","name":"","RASTERVALU":207.818,"Light_Rain":"0","Moderate":"0","Heavy":"0","Storm":"3.4227042604654"}},
{"type":"Feature","geometry":{"type":"Polygon","coordinates":[[[108.93915100000001,34.26538949999996],[108.93916630000002,34.265797799999994],[108.93902799999995,34.265797799999994],[108.93902399999997,34.26539079999998],[108.93908829999997,34.26532299999997],[108.93915100000001,34.26538949999996]]]},"properties":{"osm_id":"434568054","code":7202,"fclass":"park","name":"","RASTERVALU":5.18367,"Light_Rain":"2.42772884486127","Moderate":"12.9928759730824","Heavy":"32.4171377866554","Storm":"64.1419903570866"}},
{"type":"Feature","geometry":{"type":"Polygon","coordinates":[[[108.94201870000005,34.265841499999965],[108.94153369999998,34.26586150000002],[108.94151209999997,34.26550359999999],[108.94199710000004,34.26548360000002],[108.94201870000005,34.265841499999965]]]},"properties":{"osm_id":"390178498","code":7202,"fclass":"park","name":"","RASTERVALU":207.818,"Light_Rain":"0","Moderate":"0","Heavy":"0","Storm":"3.4227042604654"}},
{"type":"Feature","geometry":{"type":"Polygon","coordinates":[[[108.91969700000001,34.27092480000001],[108.91944729999996,34.27094709999999],[108.9194198,34.27070820000003],[108.91949789999998,34.270665100000016],[108.91949489999999,34.270445200000026],[108.91949449999996,34.27041090000003],[108.9194928,34.27028679999998],[108.91949049999998,34.270122799999996],[108.9194895,34.270042999999966],[108.91947969999998,34.26932509999999],[108.91947070000003,34.268391400000006],[108.91809489999997,34.268400599999964],[108.9181564,34.26441020000002],[108.91849480000002,34.263236800000016],[108.91878140000003,34.26134189999999],[108.91887260000001,34.26126649999997],[108.91897680000002,34.26125579999997],[108.91914620000001,34.261277299999975],[108.9192877,34.261374400000015],[108.91926939999999,34.26187649999999],[108.91940029999998,34.262015],[108.91949290000001,34.26207179999999],[108.91976680000002,34.26223999999996],[108.91984100000003,34.262298099999974],[108.9198663,34.26231790000001],[108.91986509999998,34.262428400000005],[108.91985790000001,34.263077000000024],[108.9198052,34.26781249999998],[108.91969700000001,34.27092480000001]]]},"properties":{"osm_id":"245153369","code":7202,"fclass":"park","name":"环城西苑","RASTERVALU":119.529,"Light_Rain":"0","Moderate":"0","Heavy":"1.48661668200985","Storm":"12.8283676013327"}},
{"type":"Feature","geometry":{"type":"Polygon","coordinates":[[[108.8777784,34.2664924],[108.87730220000003,34.26649480000002],[108.87728979999999,34.26583700000004],[108.87780709999997,34.265835900000035],[108.8777784,34.2664924]]]},"properties":{"osm_id":"390178038","code":7202,"fclass":"park","name":"土门小树林公园","RASTERVALU":5.18367,"Light_Rain":"2.42772884486127","Moderate":"12.9928759730824","Heavy":"32.4171377866554","Storm":"64.1419903570866"}},
{"type":"Feature","geometry":{"type":"Polygon","coordinates":[[[108.9205084,34.27029019999999],[108.92064600000002,34.27029099999997],[108.92063980000005,34.27096849999998],[108.92007300000004,34.27098569999998],[108.92007839999995,34.26220709999999],[108.91955499999999,34.26186129999998],[108.9195024,34.26153890000004],[108.92018440000002,34.26187130000001],[108.9204923,34.26186500000002],[108.9204923,34.26212009999999],[108.92064209999997,34.26212009999999],[108.92065,34.263027400000006],[108.92049929999996,34.26302719999999],[108.92049919999995,34.26325210000004],[108.92066049999998,34.263252199999954],[108.92065980000001,34.264210999999975],[108.92051739999995,34.264210999999975],[108.92051730000003,34.26441839999999],[108.92067060000002,34.2644185],[108.92066980000004,34.26540330000004],[108.92052719999997,34.26540320000003],[108.92052700000004,34.26558199999999],[108.92067300000004,34.265582099999996],[108.92067190000003,34.26652439999998],[108.92053330000003,34.26652429999997],[108.92053310000001,34.26671180000003],[108.92067129999998,34.26671190000004],[108.92066940000001,34.2677033],[108.9205233,34.267703099999984],[108.92052270000003,34.26792289999997],[108.92066080000001,34.26792319999999],[108.9206575,34.26885279999999],[108.92052619999997,34.26885240000004],[108.92052499999996,34.26910499999998],[108.9206554,34.26910550000002],[108.92064959999996,34.270033299999966],[108.9205104,34.27003259999999],[108.9205084,34.27029019999999]]]},"properties":{"osm_id":"272524654","code":7202,"fclass":"park","name":"","RASTERVALU":84.6667,"Light_Rain":"0","Moderate":"1.32709433381689E-02","Heavy":"4.19738989471845","Storm":"20.4458115174304"}},
{"type":"Feature","geometry":{"type":"Polygon","coordinates":[[[108.90023599999999,34.26838180000001],[108.89860539999998,34.26837110000001],[108.89862549999997,34.266912400000024],[108.89869620000003,34.26651080000001],[108.89869740000005,34.26585669999998],[108.89886480000004,34.26581840000001],[108.89885429999997,34.26491280000004],[108.90005630000005,34.2648672],[108.90005920000002,34.264993200000035],[108.90019499999997,34.26500270000002],[108.90022270000004,34.265190999999966],[108.90053529999997,34.26519639999997],[108.90054980000002,34.26630539999998],[108.90034360000001,34.26630480000002],[108.9003404,34.26661889999998],[108.90042740000001,34.26662759999999],[108.90040979999998,34.267478599999976],[108.90060409999998,34.26763160000002],[108.90072849999997,34.26763219999998],[108.90073270000005,34.26825039999997],[108.9002318,34.26825039999997],[108.90023599999999,34.26838180000001]]]},"properties":{"osm_id":"246573898","code":7202,"fclass":"park","name":"劳动公园","RASTERVALU":207.818,"Light_Rain":"0","Moderate":"0","Heavy":"0","Storm":"3.4227042604654"}},
{"type":"Feature","geometry":{"type":"Polygon","coordinates":[[[108.8520737,34.26660650000002],[108.85206149999998,34.2667039],[108.85186230000002,34.26672949999999],[108.8514745,34.266811400000016],[108.85119230000001,34.26690419999996],[108.85097929999996,34.26699559999998],[108.8508972,34.26703519999997],[108.85083620000003,34.266982100000014],[108.85079799999997,34.2669143],[108.85075910000005,34.26658520000004],[108.8520737,34.26660650000002]]]},"properties":{"osm_id":"1329421627","code":7202,"fclass":"park","name":"","RASTERVALU":5.18367,"Light_Rain":"2.42772884486127","Moderate":"12.9928759730824","Heavy":"32.4171377866554","Storm":"64.1419903570866"}},
{"type":"Feature","geometry":{"type":"Polygon","coordinates":[[[108.9498726,34.26864349999999],[108.94986450000005,34.26882149999997],[108.9494336,34.26882489999999],[108.94944169999997,34.26864009999998],[108.94897420000001,34.26864349999999],[108.94896199999998,34.268398200000036],[108.94863669999997,34.26839480000002],[108.94862450000002,34.268270500000035],[108.94883190000004,34.268263800000014],[108.94884,34.26795810000004],[108.94807979999999,34.26796140000004],[108.94808379999996,34.267447399999966],[108.95101099999995,34.267417199999954],[108.95101639999996,34.26799650000002],[108.94992609999998,34.26798199999997],[108.94992350000004,34.26811509999997],[108.95101380000001,34.26812950000001],[108.95099470000002,34.26861989999999],[108.9498726,34.26864349999999]]]},"properties":{"osm_id":"334970225","code":7202,"fclass":"park","name":"","RASTERVALU":5.18367,"Light_Rain":"2.42772884486127","Moderate":"12.9928759730824","Heavy":"32.4171377866554","Storm":"64.1419903570866"}},
{"type":"Feature","geometry":{"type":"Polygon","coordinates":[[[108.75366569999998,34.27120390000001],[108.75368570000003,34.27133989999998],[108.75227200000005,34.27226069999996],[108.75212020000001,34.27209270000001],[108.75227500000003,34.271994899999996],[108.75212020000001,34.271844499999986],[108.75218089999997,34.271809400000016],[108.7512796,34.27082879999997],[108.75128569999997,34.27068340000002],[108.75015080000004,34.26947719999996],[108.74968419999998,34.269754900000024],[108.74944750000002,34.26950659999999],[108.75097850000004,34.26851109999996],[108.75238469999995,34.269994],[108.75247910000003,34.269930599999995],[108.75366569999998,34.27120390000001]]]},"properties":{"osm_id":"1228381301","code":7202,"fclass":"park","name":"西安西站站前广场","RASTERVALU":5.18367,"Light_Rain":"2.42772884486127","Moderate":"12.9928759730824","Heavy":"32.4171377866554","Storm":"64.1419903570866"}},
{"type":"Feature","geometry":{"type":"Polygon","coordinates":[[[108.93669339999997,34.26975009999998],[108.93679070000002,34.26997620000004],[108.93776320000002,34.269986900000035],[108.93763670000003,34.27087030000003],[108.93691489999999,34.271009600000006],[108.93692830000003,34.271182500000016],[108.93348870000001,34.27115880000001],[108.93355389999999,34.270406800000046],[108.93344580000002,34.27031750000003],[108.93342369999996,34.27005149999996],[108.93357230000001,34.270006599999974],[108.93378700000001,34.269939800000046],[108.93381449999997,34.269933100000024],[108.9337493,34.269847000000006],[108.93367120000002,34.26972859999998],[108.93442620000005,34.269737999999954],[108.93444340000005,34.26966329999999],[108.93612940000001,34.269619299999995],[108.93661140000002,34.26970890000003],[108.93669339999997,34.26975009999998]]]},"properties":{"osm_id":"245153371","code":7202,"fclass":"park","name":"莲湖公园","RASTERVALU":207.818,"Light_Rain":"0","Moderate":"0","Heavy":"0","Storm":"3.4227042604654"}},
{"type":"Feature","geometry":{"type":"Polygon","coordinates":[[[108.88377749999997,34.27062560000003],[108.88387810000002,34.27062579999996],[108.88618050000001,34.27063119999996],[108.88615400000003,34.27126440000004],[108.87767780000001,34.27118419999998],[108.87755819999998,34.27117229999997],[108.8762766,34.27115749999999],[108.87626750000004,34.2706649],[108.88333150000001,34.2706231],[108.88358200000003,34.27062279999998],[108.88377749999997,34.27062560000003]]]},"properties":{"osm_id":"265564800","code":7202,"fclass":"park","name":"","RASTERVALU":207.818,"Light_Rain":"0","Moderate":"0","Heavy":"0","Storm":"3.4227042604654"}},
{"type":"Feature","geometry":{"type":"Polygon","coordinates":[[[108.89459049999996,34.27080189999997],[108.9071062,34.27089590000001],[108.9071084,34.27138460000004],[108.90653489999998,34.27138279999998],[108.90493029999999,34.27135709999998],[108.8967561,34.27130229999998],[108.88710949999997,34.27125460000003],[108.88709630000002,34.27067839999996],[108.89459049999996,34.27080189999997]]]},"properties":{"osm_id":"265564799","code":7202,"fclass":"park","name":"","RASTERVALU":207.818,"Light_Rain":"0","Moderate":"0","Heavy":"0","Storm":"3.4227042604654"}},
{"type":"Feature","geometry":{"type":"Polygon","coordinates":[[[108.91695240000004,34.27141519999999],[108.91308379999995,34.27142249999998],[108.90796850000002,34.27140189999996],[108.90797859999996,34.27088689999998],[108.9082924,34.27088110000003],[108.91520929999996,34.27092730000004],[108.91576769999998,34.27099829999996],[108.91697299999997,34.270987999999996],[108.91695240000004,34.27141519999999]]]},"properties":{"osm_id":"265564798","code":7202,"fclass":"park","name":"天朗城市公园","RASTERVALU":207.818,"Light_Rain":"0","Moderate":"0","Heavy":"0","Storm":"3.4227042604654"}},
{"type":"Feature","geometry":{"type":"Polygon","coordinates":[[[108.90627040000003,34.273335700000004],[108.90533970000003,34.27333400000004],[108.90533999999997,34.27320859999997],[108.90534019999998,34.27311400000004],[108.9059383,34.273115099999956],[108.90593880000004,34.27292570000001],[108.90536570000005,34.27292470000001],[108.90536699999998,34.2724093],[108.90621,34.27241080000004],[108.90621089999999,34.272080000000024],[108.90421429999999,34.27207639999999],[108.9042134,34.27240809999999],[108.90497949999998,34.27240940000001],[108.90497809999995,34.2729224],[108.90447250000004,34.27292150000002],[108.904472,34.27309430000001],[108.9050785,34.27309540000002],[108.90507819999998,34.27322569999996],[108.90507790000004,34.27332100000003],[108.9041876,34.273319399999984],[108.9037496,34.27331860000001],[108.90375049999999,34.2730126],[108.90348050000003,34.27301209999996],[108.90348350000001,34.27186059999999],[108.90348370000002,34.27179929999998],[108.90627450000001,34.271804300000035],[108.90627040000003,34.273335700000004]]]},"properties":{"osm_id":"388048624","code":7202,"fclass":"park","name":"","RASTERVALU":207.818,"Light_Rain":"0","Moderate":"0","Heavy":"0","Storm":"3.4227042604654"}},
{"type":"Feature","geometry":{"type":"Polygon","coordinates":[[[108.954597,34.2742459],[108.95360049999998,34.27426550000002],[108.95360049999998,34.27449420000002],[108.95271479999998,34.274500800000034],[108.952699,34.27416749999999],[108.9522482,34.27416089999998],[108.95208210000003,34.274422300000026],[108.95190810000003,34.27441580000002],[108.95176569999997,34.27391260000004],[108.95178160000003,34.27327869999999],[108.9515364,34.27327209999998],[108.9515364,34.273069500000005],[108.9516867,34.27302380000004],[108.95168280000003,34.27246069999999],[108.95266730000004,34.27246169999999],[108.95266730000004,34.27212840000003],[108.95297579999999,34.27213500000004],[108.95296790000005,34.271880100000004],[108.95271479999998,34.27188660000001],[108.95271479999998,34.27169709999996],[108.95544320000003,34.27171019999998],[108.95541950000003,34.27188660000001],[108.95555399999996,34.271880100000004],[108.95555399999996,34.2740302],[108.95473939999998,34.27403680000001],[108.954597,34.2742459]]]},"properties":{"osm_id":"245283775","code":7202,"fclass":"park","name":"革命公园","RASTERVALU":207.818,"Light_Rain":"0","Moderate":"0","Heavy":"0","Storm":"3.4227042604654"}},
{"type":"Feature","geometry":{"type":"Polygon","coordinates":[[[108.92822980000001,34.27779210000004],[108.92756110000002,34.277717800000026],[108.92004810000003,34.277664100000024],[108.92009279999999,34.27146490000002],[108.92063510000001,34.271474600000026],[108.92062680000004,34.272373100000024],[108.92049109999999,34.27237220000004],[108.92048859999997,34.2726068],[108.9206371,34.27260800000001],[108.9206177,34.27421100000004],[108.92048850000005,34.27420990000004],[108.92048549999998,34.274427199999984],[108.92061490000003,34.2744284],[108.92060479999999,34.27510620000003],[108.92046460000003,34.27510480000001],[108.92046079999997,34.27534689999997],[108.9205899,34.27534829999999],[108.92057799999999,34.27603919999996],[108.92044139999997,34.2760376],[108.92043700000005,34.27628099999998],[108.92058170000003,34.27628289999996],[108.9205663,34.27710270000002],[108.92044840000001,34.27710119999999],[108.92044369999998,34.277346899999976],[108.92075489999998,34.27735099999996],[108.92075719999998,34.277232099999985],[108.92186169999998,34.277246899999966],[108.9218597,34.27735119999998],[108.9220638,34.27735390000002],[108.92206569999999,34.27725310000003],[108.9233401,34.27726979999999],[108.923338,34.27737899999997],[108.92355249999999,34.27738180000002],[108.92355459999999,34.27726729999996],[108.92483269999995,34.27728330000004],[108.92483079999998,34.27738889999999],[108.9250113,34.277391099999996],[108.92501300000004,34.27729820000003],[108.92628930000004,34.27731359999998],[108.92628729999996,34.277424299999986],[108.92653410000004,34.27742729999997],[108.92653610000004,34.27731410000002],[108.9277788,34.277329300000034],[108.92777680000002,34.277441599999996],[108.92801290000001,34.27744459999998],[108.9280149,34.27734039999997],[108.9282125,34.27734300000001],[108.92822980000001,34.27779210000004]]]},"properties":{"osm_id":"272524652","code":7202,"fclass":"park","name":"","RASTERVALU":5.18367,"Light_Rain":"2.42772884486127","Moderate":"12.9928759730824","Heavy":"32.4171377866554","Storm":"64.1419903570866"}},
{"type":"Feature","geometry":{"type":"Polygon","coordinates":[[[108.91958350000004,34.27785940000002],[108.91948189999998,34.27798610000002],[108.91915999999999,34.2779064],[108.918822,34.27759609999999],[108.91809780000004,34.276470200000006],[108.91807640000005,34.27572990000004],[108.91806569999996,34.272024200000025],[108.91872550000002,34.2715055],[108.91965349999997,34.27149219999997],[108.91970189999998,34.27167269999998],[108.91969190000005,34.27549179999996],[108.91966720000003,34.27726890000001],[108.91957480000003,34.27740130000004],[108.9191804,34.27744200000003],[108.9191558,34.27769149999998],[108.91926049999996,34.27773739999996],[108.91953549999998,34.277720199999955],[108.91958350000004,34.27785940000002]]]},"properties":{"osm_id":"763975766","code":7202,"fclass":"park","name":"","RASTERVALU":207.818,"Light_Rain":"0","Moderate":"0","Heavy":"0","Storm":"3.4227042604654"}},
{"type":"Feature","geometry":{"type":"Polygon","coordinates":[[[108.94177849999998,34.277677100000034],[108.94176339999997,34.27776989999998],[108.94173830000003,34.27786109999998],[108.94170539999998,34.27794569999996],[108.9416639,34.27802759999999],[108.94161409999997,34.27810640000003],[108.94155639999998,34.27818130000001],[108.94102660000003,34.27828590000004],[108.94099489999998,34.277959100000004],[108.93976960000003,34.27789419999996],[108.92864650000003,34.27776700000001],[108.92864699999998,34.27734860000003],[108.92925400000003,34.27735639999997],[108.92925210000004,34.27745529999998],[108.92948089999997,34.27745829999996],[108.92948289999995,34.277357499999965],[108.93072800000003,34.27737469999997],[108.93072580000003,34.277480600000025],[108.93096119999997,34.277483900000036],[108.93096359999998,34.27737120000003],[108.93218299999998,34.277388599999966],[108.93218069999998,34.2774996],[108.93240089999999,34.2775028],[108.9324032,34.2773933],[108.93367020000002,34.27741119999997],[108.93366780000001,34.277527600000006],[108.93390689999998,34.277530900000016],[108.9339094,34.27740489999998],[108.93517400000002,34.277421799999956],[108.93517190000001,34.277531000000025],[108.93540490000002,34.277534],[108.93540680000001,34.27742629999997],[108.93664280000004,34.27744100000004],[108.93664089999997,34.27754849999996],[108.93685879999997,34.27755099999999],[108.93686050000002,34.277444900000006],[108.93811650000004,34.27745780000001],[108.938115,34.277558199999966],[108.9383458,34.27756039999997],[108.93834710000002,34.277460899999994],[108.93957940000001,34.27747159999999],[108.93957789999997,34.27759709999999],[108.93982450000004,34.27759320000002],[108.93983700000001,34.27748099999997],[108.94109860000003,34.277491100000006],[108.94109730000001,34.277594699999966],[108.94132449999998,34.27759650000002],[108.9413258,34.27748649999998],[108.94177820000004,34.277490200000024],[108.94178340000003,34.27758370000003],[108.94177849999998,34.277677100000034]]]},"properties":{"osm_id":"283397525","code":7202,"fclass":"park","name":"","RASTERVALU":5.18367,"Light_Rain":"2.42772884486127","Moderate":"12.9928759730824","Heavy":"32.4171377866554","Storm":"64.1419903570866"}},
{"type":"Feature","geometry":{"type":"Polygon","coordinates":[[[108.94411739999997,34.27823149999998],[108.94391520000002,34.27832860000002],[108.94368770000003,34.2782392],[108.94362440000003,34.27819210000001],[108.9435671,34.27814009999997],[108.94351649999999,34.278083499999994],[108.94347290000002,34.27802309999997],[108.94343310000001,34.2779515],[108.94340320000002,34.27787670000003],[108.94338370000001,34.277799600000044],[108.94337469999998,34.27772110000003],[108.94337650000004,34.2776423],[108.9433889,34.277564200000015],[108.94382070000002,34.27756779999996],[108.94381929999999,34.277669400000015],[108.9441415,34.27767260000002],[108.94414310000005,34.277564100000006],[108.94536540000001,34.27757769999998],[108.94536340000003,34.277693699999986],[108.94565950000002,34.27769740000002],[108.94566170000002,34.27758319999999],[108.94689149999999,34.27759990000004],[108.94688939999999,34.27769889999997],[108.94717259999997,34.27770309999996],[108.94717520000002,34.277583400000005],[108.94731072294542,34.277585505443824],[108.94841750000005,34.2776027],[108.94841510000002,34.277707300000046],[108.94868360000004,34.277711600000046],[108.9486864,34.277597199999995],[108.94994810000003,34.277618000000025],[108.9499455,34.277725999999994],[108.9501902,34.27772999999997],[108.95019310000005,34.27760620000003],[108.95149219999998,34.2776273],[108.95148980000005,34.277730199999986],[108.95171129999999,34.277733700000006],[108.95171380000002,34.27762650000002],[108.95301580000002,34.27764639999998],[108.95302619999998,34.277764000000026],[108.9532346,34.27776950000004],[108.95323720000003,34.27764710000004],[108.9545356,34.27766540000004],[108.95453339999999,34.277778299999966],[108.95477740000001,34.277781599999976],[108.95477960000002,34.27766899999998],[108.95564319999998,34.277680000000004],[108.95564290000004,34.27789959999997],[108.9533173,34.27789959999997],[108.95287779999997,34.27790919999996],[108.95084220000003,34.2779536],[108.94968400000003,34.27793050000004],[108.94731182320174,34.277917130382804],[108.94420139999998,34.27789959999997],[108.94411739999997,34.27823149999998]]]},"properties":{"osm_id":"283397532","code":7202,"fclass":"park","name":"","RASTERVALU":5.18367,"Light_Rain":"2.42772884486127","Moderate":"12.9928759730824","Heavy":"32.4171377866554","Storm":"64.1419903570866"}},
{"type":"Feature","geometry":{"type":"Polygon","coordinates":[[[108.92566059999997,34.278849100000016],[108.9249717,34.27888660000001],[108.92496890000004,34.278835],[108.92569179999998,34.27879760000002],[108.92568609999995,34.27841570000004],[108.92604049999997,34.27841799999996],[108.92623159999997,34.27847839999998],[108.92635,34.278554300000046],[108.92646970000004,34.278665700000026],[108.92659070000002,34.2787244],[108.92667279999998,34.27873430000002],[108.92817659999996,34.278677200000004],[108.928192,34.278726700000014],[108.92566059999997,34.278849100000016]]]},"properties":{"osm_id":"269122218","code":7202,"fclass":"park","name":"","RASTERVALU":5.18367,"Light_Rain":"2.42772884486127","Moderate":"12.9928759730824","Heavy":"32.4171377866554","Storm":"64.1419903570866"}},
{"type":"Feature","geometry":{"type":"Polygon","coordinates":[[[108.93900410000002,34.2789638],[108.9389642,34.27909999999999],[108.9362805,34.27889389999999],[108.93558559999997,34.278852899999976],[108.9342399,34.2787663],[108.92862510000003,34.27873120000003],[108.9286258,34.27868349999999],[108.9302274,34.27869959999999],[108.93029540000003,34.27866690000004],[108.93056089999997,34.278553199999955],[108.93286630000003,34.2785569],[108.93822229999999,34.27861679999998],[108.93899079999998,34.27861180000001],[108.93900410000002,34.2789638]]]},"properties":{"osm_id":"269121979","code":7202,"fclass":"park","name":"陇海铁路主题公园","RASTERVALU":207.818,"Light_Rain":"0","Moderate":"0","Heavy":"0","Storm":"3.4227042604654"}},
{"type":"Feature","geometry":{"type":"Polygon","coordinates":[[[108.94484460000001,34.27877630000003],[108.9453018,34.278781500000015],[108.94519419999997,34.27915579999999],[108.94364050000003,34.27915019999997],[108.94367439999999,34.2791001],[108.94404319999995,34.27901560000002],[108.94434920000005,34.2789455],[108.94445129999997,34.27883769999996],[108.94446829999995,34.27869709999996],[108.94484460000001,34.27877630000003]]]},"properties":{"osm_id":"283397531","code":7202,"fclass":"park","name":"","RASTERVALU":207.818,"Light_Rain":"0","Moderate":"0","Heavy":"0","Storm":"3.4227042604654"}},
{"type":"Feature","geometry":{"type":"Polygon","coordinates":[[[109.08340940000004,34.27711760000001],[109.0842677,34.277286000000004],[109.08466459999997,34.27741019999998],[109.08438569999998,34.277689399999986],[109.08421399999999,34.2778002],[109.08389220000001,34.27792429999997],[109.0818912,34.278123800000046],[109.08127970000004,34.27720619999997],[109.0822614,34.277068799999974],[109.08340940000004,34.27711760000001]]]},"properties":{"osm_id":"879055409","code":7202,"fclass":"park","name":"","RASTERVALU":84.6667,"Light_Rain":"0","Moderate":"1.32709433381689E-02","Heavy":"4.19738989471845","Storm":"20.4458115174304"}},
{"type":"Feature","geometry":{"type":"Polygon","coordinates":[[[108.96538320000002,34.279008699999984],[108.96705699999995,34.279113],[108.96716710000001,34.279216200000015],[108.96719909999999,34.2794286],[108.96476649999998,34.27941639999997],[108.9647893,34.2789391],[108.96538320000002,34.279008699999984]]]},"properties":{"osm_id":"374649893","code":7202,"fclass":"park","name":"","RASTERVALU":84.6667,"Light_Rain":"0","Moderate":"1.32709433381689E-02","Heavy":"4.19738989471845","Storm":"20.4458115174304"}},
{"type":"Feature","geometry":{"type":"Polygon","coordinates":[[[108.96106390841376,34.28253147788823],[108.96106389999996,34.282548599999956],[108.95797120000005,34.282546699999976],[108.95797121075944,34.282535752333025],[108.95797139999996,34.282343200000014],[108.95782449999999,34.282343100000006],[108.95782549999997,34.282235100000044],[108.95782529999995,34.28150019999999],[108.95783069999996,34.28139540000002],[108.95883789999999,34.28140779999998],[108.9612395,34.28143740000003],[108.96123589999998,34.2815186],[108.96123579999997,34.282308499999985],[108.96123499999999,34.2823452],[108.96106399999996,34.28234509999999],[108.96106390841376,34.28253147788823]]]},"properties":{"osm_id":"1043635204","code":7202,"fclass":"park","name":"西安站北广场","RASTERVALU":5.18367,"Light_Rain":"2.42772884486127","Moderate":"12.9928759730824","Heavy":"32.4171377866554","Storm":"64.1419903570866"}},
{"type":"Feature","geometry":{"type":"Polygon","coordinates":[[[109.01092550000003,34.279092199999965],[109.01100820000003,34.279212900000005],[109.01109129999998,34.28908910000004],[109.01101120000001,34.28919549999996],[109.00964680000001,34.289160299999985],[109.00954349999999,34.289067200000005],[109.00950169999999,34.279146700000034],[109.00958619999997,34.279076299999986],[109.01092550000003,34.279092199999965]]]},"properties":{"osm_id":"821606606","code":7202,"fclass":"park","name":"幸福林带A区","RASTERVALU":5.18367,"Light_Rain":"2.42772884486127","Moderate":"12.9928759730824","Heavy":"32.4171377866554","Storm":"64.1419903570866"}},
{"type":"Feature","geometry":{"type":"Polygon","coordinates":[[[108.96848140000004,34.287026399999995],[108.96699890000004,34.287095700000044],[108.96693789999996,34.28593810000001],[108.96689890000002,34.28492989999999],[108.96745410000004,34.28492500000003],[108.96746480000004,34.28540380000003],[108.96868119999996,34.285221599999964],[108.96867599999997,34.284944899999985],[108.97010709999999,34.28501969999996],[108.97013679999996,34.284169100000014],[108.9708103,34.28416490000002],[108.97088240000002,34.285129399999974],[108.97093129999998,34.28519640000001],[108.97107709999996,34.28520850000004],[108.9712622,34.286716999999975],[108.97117420000001,34.2867645],[108.97000929999999,34.28695209999997],[108.96997719999999,34.286819400000006],[108.96848140000004,34.287026399999995]]]},"properties":{"osm_id":"1213239209","code":7202,"fclass":"park","name":"大华1935（大华纺织厂旧址）","RASTERVALU":5.18367,"Light_Rain":"2.42772884486127","Moderate":"12.9928759730824","Heavy":"32.4171377866554","Storm":"64.1419903570866"}},
{"type":"Feature","geometry":{"type":"Polygon","coordinates":[[[109.08901900000001,34.28785709999998],[109.08858770000003,34.28711849999998],[109.08871999999997,34.286984199999964],[109.08885280000003,34.28666219999997],[109.08905409999998,34.2864715],[109.0896349,34.28595110000002],[109.09043629999995,34.28529980000004],[109.092061,34.28432739999997],[109.09309019999998,34.28366859999999],[109.09503729999997,34.28592650000002],[109.09444770000003,34.286013300000015],[109.09277400000002,34.28561439999996],[109.09154019999998,34.28612850000004],[109.09048880000003,34.287165599999966],[109.08992019999997,34.28809639999997],[109.08901900000001,34.28785709999998]]]},"properties":{"osm_id":"289669836","code":7202,"fclass":"park","name":"","RASTERVALU":207.818,"Light_Rain":"0","Moderate":"0","Heavy":"0","Storm":"3.4227042604654"}},
{"type":"Feature","geometry":{"type":"Polygon","coordinates":[[[108.96106390841376,34.28253147788823],[108.96647439999998,34.28252399999997],[108.96644619999996,34.28443890000004],[108.9650244,34.2844427],[108.96500169999999,34.28416500000003],[108.96456110000004,34.284176199999976],[108.9645702,34.28457779999999],[108.96485869999997,34.28456840000001],[108.9648225,34.28577369999999],[108.9648064,34.28640550000004],[108.966378,34.28646929999999],[108.9664552,34.28955700000003],[108.96647940000004,34.2926599],[108.96542599377477,34.29269985039188],[108.9650028,34.29271590000001],[108.96500799999998,34.29415570000003],[108.96595240000005,34.29418580000004],[108.9660098,34.29339269999996],[108.96619240000001,34.29334960000004],[108.96626550000002,34.293246100000005],[108.96624459999998,34.29281070000004],[108.96647419999996,34.29280210000004],[108.9664971,34.301776399999966],[108.9654742,34.30180180000003],[108.96511060000003,34.303502000000016],[108.96503670000004,34.30566029999998],[108.95093020000002,34.30512850000003],[108.95111529999997,34.29960279999998],[108.95112660000002,34.297285900000034],[108.95128199999999,34.29445969999996],[108.9512894,34.294246199999975],[108.95202640000004,34.29422909999998],[108.95200580000002,34.29363019999999],[108.95301480000002,34.29361340000002],[108.95299799999997,34.292879000000006],[108.95363210000002,34.292867999999984],[108.95364969999997,34.293399900000026],[108.95439980000003,34.29338610000004],[108.95442227170702,34.292666241466904],[108.95443510000003,34.2922553],[108.95336728340932,34.29220650300227],[108.95202579999999,34.29214520000004],[108.95213599999995,34.291740999999995],[108.95223570991185,34.28953441307384],[108.95224210000003,34.28939299999996],[108.95239039999996,34.28702079999997],[108.95193339999999,34.286222199999976],[108.95177879999999,34.283543999999985],[108.95178670000001,34.282544299999955],[108.95797121075944,34.282535752333025],[108.96106390841376,34.28253147788823]]]},"properties":{"osm_id":"152429838","code":7202,"fclass":"park","name":"大明宫国家遗址公园","RASTERVALU":119.529,"Light_Rain":"0","Moderate":"0","Heavy":"1.48661668200985","Storm":"12.8283676013327"}},
{"type":"Feature","geometry":{"type":"Polygon","coordinates":[[[109.01182439999997,34.2947006],[109.0118893,34.2947672],[109.0118893,34.29484350000001],[109.01184799999997,34.29489549999996],[109.01050509999997,34.29491819999998],[109.01045589999998,34.29488570000004],[109.01044020000002,34.294736300000025],[109.01062700000001,34.294348099999965],[109.01066040000003,34.294335099999955],[109.01182439999997,34.2947006]]]},"properties":{"osm_id":"1039924614","code":7202,"fclass":"park","name":"","RASTERVALU":119.529,"Light_Rain":"0","Moderate":"0","Heavy":"1.48661668200985","Storm":"12.8283676013327"}},
{"type":"Feature","geometry":{"type":"Polygon","coordinates":[[[109.07323380000001,34.30303689999999],[109.07292930000004,34.3028749],[109.07270080000005,34.30309300000001],[109.0728023,34.30294019999998],[109.0728399,34.30278070000002],[109.07294139999998,34.30256639999996],[109.0729847,34.30247490000003],[109.0731135,34.30222680000002],[109.07377329999997,34.30156650000001],[109.07411069999999,34.30127219999999],[109.07463329999999,34.30076219999999],[109.07558649999999,34.2999756],[109.07613369999996,34.29954569999996],[109.07656280000002,34.29909370000004],[109.07767319999998,34.29775089999996],[109.07880019999996,34.29638029999998],[109.07888890000002,34.29629639999997],[109.07903380000002,34.29615499999999],[109.08029290000002,34.29492630000002],[109.08115669999998,34.29405529999999],[109.08309700000004,34.29220410000003],[109.08377200000001,34.29139780000002],[109.0843192,34.290680800000025],[109.08518360000002,34.289457699999986],[109.08546620000004,34.289121100000024],[109.08589950000001,34.28865950000002],[109.08650410000003,34.288128499999964],[109.08694820000001,34.28782709999999],[109.08710080000002,34.28770149999998],[109.08732420000003,34.287536199999984],[109.08746780000001,34.28745359999999],[109.08759880000001,34.28737160000004],[109.0877446,34.28730859999998],[109.08783510000002,34.287294100000025],[109.08798650000003,34.28730439999999],[109.08814640000003,34.28734040000004],[109.08832230000002,34.287342100000004],[109.08844720000005,34.28727969999999],[109.08857890000002,34.287121000000006],[109.08871589999998,34.287374700000036],[109.08901900000001,34.28785709999998],[109.08597820000004,34.290778400000015],[109.08614809999997,34.29123460000002],[109.0859766,34.29183590000003],[109.08529660000004,34.29222169999998],[109.08447440000005,34.292951200000026],[109.08387559999997,34.293018299999986],[109.08249519999998,34.29427619999997],[109.08212970000002,34.29420910000001],[109.08105379999999,34.295374699999996],[109.08061740000004,34.29695950000003],[109.07975110000004,34.297585000000005],[109.07900800000002,34.298223000000036],[109.07807019999996,34.29944000000001],[109.07717800000003,34.30029700000004],[109.07598450000005,34.301063599999964],[109.07453820000002,34.30201560000004],[109.07323380000001,34.30303689999999]]]},"properties":{"osm_id":"289669833","code":7202,"fclass":"park","name":"","RASTERVALU":207.818,"Light_Rain":"0","Moderate":"0","Heavy":"0","Storm":"3.4227042604654"}},
{"type":"Feature","geometry":{"type":"Polygon","coordinates":[[[108.98492799999997,34.295097100000035],[108.98451773439848,34.29617712494542],[108.98396990000002,34.2976193],[108.98384540000002,34.29760880000002],[108.98381969714639,34.296180528819136],[108.9838002,34.295097100000035],[108.98492799999997,34.295097100000035]]]},"properties":{"osm_id":"1272338204","code":7202,"fclass":"park","name":"东元公园","RASTERVALU":207.818,"Light_Rain":"0","Moderate":"0","Heavy":"0","Storm":"3.4227042604654"}},
{"type":"Feature","geometry":{"type":"Polygon","coordinates":[[[108.77100890000003,34.281452799999975],[108.77093949999997,34.28492979999998],[108.7706694,34.285188100000035],[108.76605989999999,34.285185600000005],[108.76579280000001,34.28497240000004],[108.76580189999996,34.28450359999998],[108.76590810000005,34.28425029999998],[108.76614789999999,34.283919400000045],[108.76617210000003,34.2837138],[108.76620520000003,34.280608400000006],[108.76647209999999,34.280282599999964],[108.77046489999995,34.28029349999998],[108.77047479999997,34.280196300000014],[108.77095860000004,34.28020009999997],[108.77100890000003,34.281452799999975]]]},"properties":{"osm_id":"1001795261","code":7202,"fclass":"park","name":"","RASTERVALU":5.18367,"Light_Rain":"2.42772884486127","Moderate":"12.9928759730824","Heavy":"32.4171377866554","Storm":"64.1419903570866"}},
{"type":"Feature","geometry":{"type":"Polygon","coordinates":[[[108.7814062,34.28122089999997],[108.78208370000003,34.281317900000005],[108.78193020000002,34.28220619999996],[108.78256260000003,34.282273400000015],[108.78181269999999,34.284662100000034],[108.78083699999999,34.28508759999998],[108.78042139999998,34.286461100000025],[108.77931029999996,34.286463500000046],[108.77698839999996,34.28646860000003],[108.77697930000001,34.28022799999997],[108.78176749999997,34.28021309999998],[108.7814062,34.28122089999997]]]},"properties":{"osm_id":"1047588443","code":7202,"fclass":"park","name":"","RASTERVALU":84.6667,"Light_Rain":"0","Moderate":"1.32709433381689E-02","Heavy":"4.19738989471845","Storm":"20.4458115174304"}},
{"type":"Feature","geometry":{"type":"Polygon","coordinates":[[[108.89644199999995,34.283164600000035],[108.89666959999995,34.28394940000004],[108.89368359999999,34.28395699999996],[108.89369869999999,34.28330510000002],[108.89410229999999,34.28329499999999],[108.89410839999996,34.28323230000004],[108.89374119999995,34.28322480000004],[108.89374119999995,34.28314960000004],[108.89644199999995,34.283164600000035]]]},"properties":{"osm_id":"1213384022","code":7202,"fclass":"park","name":"鑫苑体育运动公园","RASTERVALU":5.18367,"Light_Rain":"2.42772884486127","Moderate":"12.9928759730824","Heavy":"32.4171377866554","Storm":"64.1419903570866"}},
{"type":"Feature","geometry":{"type":"Polygon","coordinates":[[[108.83010990000002,34.29795909999996],[108.83001379999997,34.29772790000001],[108.8322491,34.29700250000003],[108.83227070000001,34.29709130000001],[108.83304639999999,34.29703809999996],[108.83296770000004,34.296605100000015],[108.83358570000001,34.29656210000001],[108.83672030000002,34.29559339999997],[108.83684920000003,34.29590210000003],[108.83010990000002,34.29795909999996]]]},"properties":{"osm_id":"288902517","code":7202,"fclass":"park","name":"","RASTERVALU":207.818,"Light_Rain":"0","Moderate":"0","Heavy":"0","Storm":"3.4227042604654"}},
{"type":"Feature","geometry":{"type":"Polygon","coordinates":[[[108.96012340000003,34.29746480000001],[108.96013410000003,34.29754450000003],[108.96020920000002,34.29764200000001],[108.96026290000003,34.297801599999985],[108.96016090000003,34.29795670000003],[108.95989810000005,34.29803200000004],[108.95970499999997,34.29808960000001],[108.95951719999996,34.2980143],[108.95923829999998,34.2979124],[108.95912019999999,34.297863599999964],[108.9590559,34.297801599999985],[108.95909339999999,34.29764650000003],[108.95915239999998,34.29751799999997],[108.9591256,34.297469200000016],[108.95920609999999,34.29741599999996],[108.95925429999998,34.29745589999998],[108.95937769999998,34.29739830000001],[108.95951179999997,34.29738059999997],[108.95966199999997,34.29738499999998],[108.95988199999995,34.297389399999986],[108.96005360000004,34.29741599999996],[108.96012340000003,34.29746480000001]]]},"properties":{"osm_id":"246278203","code":7202,"fclass":"park","name":"蓬莱岛遗址","RASTERVALU":207.818,"Light_Rain":"0","Moderate":"0","Heavy":"0","Storm":"3.4227042604654"}},
{"type":"Feature","geometry":{"type":"Polygon","coordinates":[[[109.09649299999998,34.28751290000001],[109.09501049999997,34.28874789999997],[109.094517,34.28909369999998],[109.09397039999998,34.28937020000003],[109.09362379999999,34.28953530000001],[109.0935091,34.2895899],[109.09332609999996,34.28966980000004],[109.0923176,34.29044990000001],[109.0914598,34.291311499999985],[109.09085849999998,34.29208080000004],[109.09039769999995,34.292437200000045],[109.08939930000004,34.29291399999997],[109.08867030000003,34.293509699999966],[109.08758669999999,34.29533559999996],[109.08613829999996,34.296895599999985],[109.08549410000003,34.297381300000026],[109.08451830000004,34.29844669999998],[109.08338099999999,34.30012180000002],[109.08030180000004,34.303090900000015],[109.07854230000002,34.304925400000016],[109.07807019999996,34.3052977],[109.07762980000003,34.305552899999974],[109.07686010000002,34.30584039999996],[109.07674180000001,34.305895000000035],[109.07655750000004,34.30598009999997],[109.0762136,34.306306200000044],[109.07606399999996,34.30651970000003],[109.07597760000002,34.30664300000002],[109.07594389999997,34.30668969999998],[109.07572059999997,34.30699920000001],[109.07449750000002,34.30782339999999],[109.07273800000002,34.30878939999998],[109.07191859999999,34.30919990000002],[109.07161129999996,34.30885310000001],[109.075518,34.306688399999956],[109.07588550000003,34.306081400000004],[109.07643029999998,34.30571499999998],[109.076979,34.30548329999999],[109.0790282,34.303568900000045],[109.08330540000004,34.29874130000002],[109.08551599999998,34.29652839999998],[109.08560179999998,34.296495500000006],[109.08570039999996,34.29650459999996],[109.08702839999998,34.29434450000002],[109.08990030000001,34.29153870000004],[109.092251,34.2892421],[109.09474820000003,34.286802200000004],[109.09552169999999,34.28645340000001],[109.0964472,34.28746299999997],[109.09649299999998,34.28751290000001]]]},"properties":{"osm_id":"289669835","code":7202,"fclass":"park","name":"","RASTERVALU":207.818,"Light_Rain":"0","Moderate":"0","Heavy":"0","Storm":"3.4227042604654"}},
{"type":"Feature","geometry":{"type":"Polygon","coordinates":[[[108.966335,34.30295389999996],[108.9664928,34.30306469999998],[108.9664842,34.30414600000001],[108.9663533,34.30424349999999],[108.9662288,34.30423989999996],[108.96624310000003,34.302952899999966],[108.966335,34.30295389999996]]]},"properties":{"osm_id":"1268564669","code":7202,"fclass":"park","name":"","RASTERVALU":84.6667,"Light_Rain":"0","Moderate":"1.32709433381689E-02","Heavy":"4.19738989471845","Storm":"20.4458115174304"}},
{"type":"Feature","geometry":{"type":"Polygon","coordinates":[[[109.0297965,34.29690660000001],[109.02842989999999,34.301060599999985],[109.028255,34.305517699999996],[109.0281853,34.30621370000003],[109.02798761717665,34.30709215428063],[109.02768479999999,34.30843780000002],[109.02719060000004,34.30940590000001],[109.0265064,34.310269400000045],[109.0256809,34.3116278],[109.0253749,34.31211079999999],[109.0250002,34.312202600000035],[109.02530870000002,34.31176829999998],[109.02540669999996,34.3114143],[109.02546369999997,34.31120840000002],[109.02534000000004,34.31059640000001],[109.0248446,34.310037400000034],[109.02425690000004,34.309395500000036],[109.02395630000004,34.30854579999998],[109.02391296133476,34.30666198332995],[109.02388740000002,34.305550899999986],[109.02405099999997,34.3049252],[109.02463040000004,34.304185199999964],[109.02571640000001,34.30356179999999],[109.02653709999997,34.303085999999965],[109.02708730000002,34.30257040000003],[109.02787090000001,34.30172980000002],[109.02802599999997,34.301413799999985],[109.02821320000001,34.30089219999999],[109.02865060000005,34.298896100000036],[109.02860860000004,34.298299799999995],[109.02857479999999,34.2973757],[109.02870039999999,34.296695500000034],[109.0297965,34.29690660000001]]]},"properties":{"osm_id":"289669839","code":7202,"fclass":"park","name":"","RASTERVALU":5.18367,"Light_Rain":"2.42772884486127","Moderate":"12.9928759730824","Heavy":"32.4171377866554","Storm":"64.1419903570866"}},
{"type":"Feature","geometry":{"type":"Polygon","coordinates":[[[109.07323380000001,34.30303689999999],[109.07368439999999,34.30358199999997],[109.07392579999997,34.304096000000044],[109.07375409999997,34.30453910000003],[109.07275100000003,34.305062000000035],[109.07119000000002,34.305629199999984],[109.06946869999996,34.3066052],[109.0685203,34.30559919999999],[109.06848080000003,34.30555729999998],[109.06875760000001,34.30532869999999],[109.06858800000002,34.30511870000002],[109.0696376,34.30440700000002],[109.06997190000003,34.3048758],[109.071075,34.304313899999954],[109.07124080000004,34.304195199999995],[109.072142,34.30354999999999],[109.07270080000005,34.30309300000001],[109.07292930000004,34.3028749],[109.07323380000001,34.30303689999999]]]},"properties":{"osm_id":"289668823","code":7202,"fclass":"park","name":"","RASTERVALU":84.6667,"Light_Rain":"0","Moderate":"1.32709433381689E-02","Heavy":"4.19738989471845","Storm":"20.4458115174304"}},
{"type":"Feature","geometry":{"type":"Polygon","coordinates":[[[108.9662953,34.304376399999974],[108.96645199999999,34.30450580000002],[108.96646919999999,34.30565970000002],[108.966349,34.305741200000014],[108.9662503,34.305742999999985],[108.96623530000001,34.30437290000004],[108.9662953,34.304376399999974]]]},"properties":{"osm_id":"1268564668","code":7202,"fclass":"park","name":"","RASTERVALU":84.6667,"Light_Rain":"0","Moderate":"1.32709433381689E-02","Heavy":"4.19738989471845","Storm":"20.4458115174304"}},
{"type":"Feature","geometry":{"type":"Polygon","coordinates":[[[109.12466029999997,34.305858500000035],[109.1248379,34.305921900000044],[109.12502519999997,34.306056800000015],[109.12518360000001,34.30628680000004],[109.12517400000002,34.30653670000002],[109.12505879999999,34.30675079999997],[109.12488110000002,34.30687380000002],[109.12470830000004,34.30694519999998],[109.1246123,34.306961000000044],[109.12301819999999,34.30696500000002],[109.12300859999999,34.305858500000035],[109.12466029999997,34.305858500000035]]]},"properties":{"osm_id":"245780582","code":7202,"fclass":"park","name":"向阳四区绿化带","RASTERVALU":207.818,"Light_Rain":"0","Moderate":"0","Heavy":"0","Storm":"3.4227042604654"}},
{"type":"Feature","geometry":{"type":"Polygon","coordinates":[[[108.96725200000002,34.307188100000005],[108.96715760000002,34.30717919999998],[108.96704600000002,34.307108299999975],[108.96703950000003,34.30569210000004],[108.96725410000002,34.30568860000001],[108.96725200000002,34.307188100000005]]]},"properties":{"osm_id":"1268564667","code":7202,"fclass":"park","name":"","RASTERVALU":5.18367,"Light_Rain":"2.42772884486127","Moderate":"12.9928759730824","Heavy":"32.4171377866554","Storm":"64.1419903570866"}},
{"type":"Feature","geometry":{"type":"Polygon","coordinates":[[[108.96646589999999,34.306122200000004],[108.96646899999998,34.30710099999999],[108.96645980000002,34.30712859999996],[108.96639609999998,34.30718630000003],[108.96624469999999,34.307176899999966],[108.966261,34.30601429999996],[108.96633999999996,34.30600689999997],[108.96646589999999,34.306122200000004]]]},"properties":{"osm_id":"1268564666","code":7202,"fclass":"park","name":"","RASTERVALU":84.6667,"Light_Rain":"0","Moderate":"1.32709433381689E-02","Heavy":"4.19738989471845","Storm":"20.4458115174304"}},
{"type":"Feature","geometry":{"type":"Polygon","coordinates":[[[109.12157190000005,34.30732350000002],[109.12077009999997,34.30733540000002],[109.12075089999998,34.3067286],[109.12156229999997,34.306704799999984],[109.12157190000005,34.30732350000002]]]},"properties":{"osm_id":"245780091","code":7202,"fclass":"park","name":"向阳二区公园","RASTERVALU":207.818,"Light_Rain":"0","Moderate":"0","Heavy":"0","Storm":"3.4227042604654"}},
{"type":"Feature","geometry":{"type":"Polygon","coordinates":[[[108.93201060000003,34.29996300000003],[108.9320404,34.29999049999999],[108.9320404,34.3001827],[108.93170360000002,34.3001827],[108.93170350000001,34.300000899999965],[108.93174819999999,34.299962100000045],[108.93201060000003,34.29996300000003]]]},"properties":{"osm_id":"810223791","code":7202,"fclass":"park","name":"","RASTERVALU":5.18367,"Light_Rain":"2.42772884486127","Moderate":"12.9928759730824","Heavy":"32.4171377866554","Storm":"64.1419903570866"}},
{"type":"Feature","geometry":{"type":"Polygon","coordinates":[[[108.87015579999999,34.315013199999974],[108.84737850000002,34.3151284],[108.84737850000002,34.314454999999974],[108.84455680000005,34.31450810000001],[108.84459349999997,34.31244129999998],[108.84362609999997,34.31247879999997],[108.84354569999996,34.311562099999975],[108.84383759999996,34.31041549999996],[108.843882,34.30986770000003],[108.84396739999995,34.30448369999997],[108.84416639999999,34.3030972],[108.84418209999995,34.3024541],[108.84414020000004,34.300529900000036],[108.84419519999997,34.29471250000001],[108.85616150000001,34.294853600000046],[108.85618090000003,34.294259700000026],[108.86111350000003,34.2942884],[108.86113639999998,34.29358179999998],[108.86117980000002,34.292250300000035],[108.86138200000005,34.2922542],[108.86138878540028,34.2917124867191],[108.86140990000004,34.2900268],[108.86203450000004,34.28982950000002],[108.86203040816889,34.291618071465706],[108.86202429999999,34.294287999999966],[108.86686769999999,34.29424279999996],[108.86685950000002,34.29499710000002],[108.87076949999997,34.29503690000003],[108.87058750000001,34.30073209999998],[108.87015579999999,34.315013199999974]]]},"properties":{"osm_id":"821525318","code":7202,"fclass":"park","name":"未央宫国家考古遗址公园","RASTERVALU":84.6667,"Light_Rain":"0","Moderate":"1.32709433381689E-02","Heavy":"4.19738989471845","Storm":"20.4458115174304"}},
{"type":"Feature","geometry":{"type":"Polygon","coordinates":[[[108.83005520000002,34.31408489999999],[108.8285875,34.31405659999996],[108.82828060000001,34.31406190000004],[108.82757900000004,34.31399459999998],[108.8264525,34.313851],[108.82513069999997,34.31367909999999],[108.82470579999999,34.31360640000001],[108.82456140000004,34.31355009999997],[108.82445820000002,34.31339979999997],[108.82434899999996,34.31271550000002],[108.82444310000001,34.31211389999998],[108.82449770000001,34.311833200000024],[108.82487089999998,34.311427099999996],[108.82488010000003,34.31101860000004],[108.82497719999998,34.31081809999997],[108.82501359999996,34.31076789999999],[108.82539899999998,34.31075789999996],[108.82550209999998,34.31060249999998],[108.82554770000002,34.31036939999997],[108.82559009999997,34.30984300000002],[108.82748369999997,34.30983049999997],[108.82747460000002,34.31075039999996],[108.82745029999997,34.312582600000034],[108.82757040000004,34.312622799999986],[108.82898019999999,34.31264399999996],[108.82968830000004,34.31265289999999],[108.83005090000002,34.31265819999999],[108.83004660000002,34.31296480000004],[108.83004660000002,34.313833299999956],[108.83005520000002,34.31408489999999]]]},"properties":{"osm_id":"1287974283","code":7202,"fclass":"park","name":"汉太液池遗址","RASTERVALU":84.6667,"Light_Rain":"0","Moderate":"1.32709433381689E-02","Heavy":"4.19738989471845","Storm":"20.4458115174304"}},
{"type":"Feature","geometry":{"type":"Polygon","coordinates":[[[109.12064579999999,34.30907960000001],[109.11992529999996,34.30909079999996],[109.1199172,34.30873359999998],[109.12002280000004,34.30873200000003],[109.1200212,34.3086608],[109.12063599999998,34.3086512],[109.12064579999999,34.30907960000001]]]},"properties":{"osm_id":"246767567","code":7202,"fclass":"park","name":"","RASTERVALU":84.6667,"Light_Rain":"0","Moderate":"1.32709433381689E-02","Heavy":"4.19738989471845","Storm":"20.4458115174304"}},
{"type":"Feature","geometry":{"type":"Polygon","coordinates":[[[109.1192805,34.309142299999955],[109.11857729999998,34.309151500000006],[109.11857609999998,34.30908779999998],[109.11927919999998,34.309078500000005],[109.1192805,34.309142299999955]]]},"properties":{"osm_id":"246764337","code":7202,"fclass":"park","name":"","RASTERVALU":5.18367,"Light_Rain":"2.42772884486127","Moderate":"12.9928759730824","Heavy":"32.4171377866554","Storm":"64.1419903570866"}},
{"type":"Feature","geometry":{"type":"Polygon","coordinates":[[[109.11847289999997,34.309169700000005],[109.11773759999997,34.309171300000045],[109.11773730000003,34.30909690000002],[109.11847260000003,34.309095299999974],[109.11847289999997,34.309169700000005]]]},"properties":{"osm_id":"246764338","code":7202,"fclass":"park","name":"","RASTERVALU":5.18367,"Light_Rain":"2.42772884486127","Moderate":"12.9928759730824","Heavy":"32.4171377866554","Storm":"64.1419903570866"}},
{"type":"Feature","geometry":{"type":"Polygon","coordinates":[[[109.03078379999998,34.30631360000003],[109.03074060000004,34.30670860000003],[109.03063939935521,34.307372109129716],[109.03057740000004,34.30777860000001],[109.03049709999998,34.30857440000004],[109.03041999999999,34.308826300000014],[109.03003859999995,34.309748700000036],[109.02960929999996,34.310231400000006],[109.02902019999999,34.31082139999997],[109.02871509999997,34.311045],[109.02826620000003,34.31184810000001],[109.02796990000003,34.31200239999999],[109.02611649999999,34.312129500000026],[109.02714000000003,34.311096099999965],[109.02801419999997,34.310991500000014],[109.02835000000005,34.31097579999996],[109.02925590000004,34.31014900000003],[109.02923059999999,34.30966759999999],[109.02867940000003,34.30911290000001],[109.028577,34.30843900000003],[109.02894250000004,34.307834800000045],[109.0296654148252,34.307269283303995],[109.030082,34.30694340000001],[109.03039499999996,34.30627969999998],[109.03078379999998,34.30631360000003]]]},"properties":{"osm_id":"289555469","code":7202,"fclass":"park","name":"","RASTERVALU":84.6667,"Light_Rain":"0","Moderate":"1.32709433381689E-02","Heavy":"4.19738989471845","Storm":"20.4458115174304"}},
{"type":"Feature","geometry":{"type":"Polygon","coordinates":[[[108.9657027,34.31047960000003],[108.9656191,34.31048849999996],[108.96548659999996,34.31052079999997],[108.96539480000001,34.310558499999985],[108.96529720000001,34.3106156],[108.96521299999998,34.3106843],[108.96491510000001,34.310977899999955],[108.964829,34.311045],[108.96475630000002,34.311087499999964],[108.96466879999998,34.3111255],[108.96459750000002,34.31115529999998],[108.96452039999996,34.3111791],[108.96447410000003,34.31119179999998],[108.96447180000003,34.31117449999997],[108.96448050000004,34.31115070000004],[108.96450860000004,34.3111319],[108.96450879999998,34.311113000000034],[108.96451199999997,34.31085559999996],[108.9647604,34.310848700000015],[108.96475779999997,34.31073810000001],[108.96512670000003,34.310466800000036],[108.96519430000002,34.31046470000004],[108.96570290000001,34.310139599999964],[108.96622680000002,34.309804699999965],[108.96624090000003,34.309730799999976],[108.96625190000005,34.30756420000004],[108.96634759999998,34.307567300000024],[108.96647580000001,34.307698],[108.96644119999999,34.30999340000003],[108.96634190000003,34.30999340000003],[108.96632160000004,34.31000539999996],[108.96632690000004,34.310219399999994],[108.96644439999999,34.31021809999997],[108.96644439999999,34.31034169999999],[108.96643310000003,34.310380199999976],[108.96641869999999,34.31040819999998],[108.96638749999998,34.310442699999996],[108.9663554,34.31046660000002],[108.96631730000004,34.31047899999998],[108.96626680000004,34.31048129999999],[108.9657768,34.310475999999994],[108.9657027,34.31047960000003]]]},"properties":{"osm_id":"1268564628","code":7202,"fclass":"park","name":"","RASTERVALU":84.6667,"Light_Rain":"0","Moderate":"1.32709433381689E-02","Heavy":"4.19738989471845","Storm":"20.4458115174304"}},
{"type":"Feature","geometry":{"type":"Polygon","coordinates":[[[109.12015069999997,34.30942599999998],[109.12015030000002,34.30966229999999],[109.11987179999998,34.30966199999997],[109.11987220000002,34.309425699999956],[109.12015069999997,34.30942599999998]]]},"properties":{"osm_id":"246765365","code":7202,"fclass":"park","name":"","RASTERVALU":5.18367,"Light_Rain":"2.42772884486127","Moderate":"12.9928759730824","Heavy":"32.4171377866554","Storm":"64.1419903570866"}},
{"type":"Feature","geometry":{"type":"Polygon","coordinates":[[[109.11945209999999,34.30969529999997],[109.11869309999997,34.30970169999997],[109.11868979999997,34.30943810000001],[109.11944889999998,34.30943170000001],[109.11945209999999,34.30969529999997]]]},"properties":{"osm_id":"246764796","code":7202,"fclass":"park","name":"","RASTERVALU":5.18367,"Light_Rain":"2.42772884486127","Moderate":"12.9928759730824","Heavy":"32.4171377866554","Storm":"64.1419903570866"}},
{"type":"Feature","geometry":{"type":"Polygon","coordinates":[[[109.11981430000002,34.30981300000003],[109.11951099999997,34.30981429999996],[109.11950979999996,34.30962410000003],[109.11981310000002,34.309622800000014],[109.11981430000002,34.30981300000003]]]},"properties":{"osm_id":"246765363","code":7202,"fclass":"park","name":"","RASTERVALU":5.18367,"Light_Rain":"2.42772884486127","Moderate":"12.9928759730824","Heavy":"32.4171377866554","Storm":"64.1419903570866"}},
{"type":"Feature","geometry":{"type":"Polygon","coordinates":[[[108.96957769999997,34.3111534],[108.96965379999997,34.31121280000003],[108.9692848,34.3112199],[108.9691496,34.311199499999994],[108.9690187,34.311160499999964],[108.96889949999999,34.31110110000002],[108.9687622,34.311011499999985],[108.9684025,34.31067319999997],[108.96830620000003,34.31060239999997],[108.96813550000002,34.31051849999996],[108.9680118,34.31049529999999],[108.96738750000004,34.310482099999966],[108.96731459999995,34.31046709999997],[108.96724030000003,34.31042199999997],[108.96720610000004,34.31036309999998],[108.9672109,34.30968410000002],[108.96957769999997,34.3111534]]]},"properties":{"osm_id":"1268564637","code":7202,"fclass":"park","name":"","RASTERVALU":5.18367,"Light_Rain":"2.42772884486127","Moderate":"12.9928759730824","Heavy":"32.4171377866554","Storm":"64.1419903570866"}},
{"type":"Feature","geometry":{"type":"Polygon","coordinates":[[[108.96634459999999,34.312512199999986],[108.96639430000002,34.3125381],[108.96642489999998,34.312566],[108.96644979999999,34.31260600000002],[108.96645680000003,34.3126455],[108.96645269999996,34.31333180000003],[108.96641940000005,34.31331580000004],[108.96638079999997,34.31328750000001],[108.96633789999997,34.31325069999998],[108.96630139999996,34.31321309999998],[108.96626599999998,34.313168700000034],[108.96624290000001,34.31312040000004],[108.96621339999997,34.3130846],[108.96616509999997,34.31304820000001],[108.96609539999997,34.31301459999999],[108.96594360000003,34.31297330000003],[108.96584270000002,34.31293350000003],[108.9657939,34.31290470000004],[108.9657038,34.31285019999997],[108.96492380000002,34.31236140000003],[108.96486260000003,34.312315799999986],[108.96482830000004,34.31227110000002],[108.96480389999996,34.312216899999974],[108.96478340000004,34.312183699999984],[108.96473859999998,34.31213920000003],[108.96460510000004,34.31205770000004],[108.96448599999995,34.312004499999986],[108.96436609999998,34.311980000000005],[108.96385780000003,34.31197629999996],[108.9638489,34.31182299999998],[108.96385909999995,34.31179719999998],[108.96388209999999,34.31177029999997],[108.9639102,34.31176140000004],[108.96430509999999,34.31176929999998],[108.9644199,34.31178089999996],[108.96449709999999,34.31179460000003],[108.96459149999998,34.31182040000003],[108.9646732,34.31185460000002],[108.96474140000004,34.31188470000002],[108.9648205,34.31193630000003],[108.96488620000002,34.31199689999998],[108.96493540000002,34.3120412],[108.9649953,34.312094900000005],[108.96514840000005,34.312257200000026],[108.96525049999997,34.31234410000002],[108.96540810000005,34.31242849999999],[108.9655203,34.31246850000001],[108.96561219999997,34.31249269999997],[108.96571109999998,34.31250640000004],[108.96626609999998,34.312502199999955],[108.96634459999999,34.312512199999986]]]},"properties":{"osm_id":"1268564629","code":7202,"fclass":"park","name":"","RASTERVALU":5.18367,"Light_Rain":"2.42772884486127","Moderate":"12.9928759730824","Heavy":"32.4171377866554","Storm":"64.1419903570866"}},
{"type":"Feature","geometry":{"type":"Polygon","coordinates":[[[109.20321669999997,34.466947200000035],[109.20182080000004,34.46699340000004],[109.20180600000005,34.465215199999996],[109.20310589999995,34.465150000000015],[109.20321669999997,34.466947200000035]]]},"properties":{"osm_id":"1091085099","code":7202,"fclass":"park","name":"","RASTERVALU":119.529,"Light_Rain":"0","Moderate":"0","Heavy":"1.48661668200985","Storm":"12.8283676013327"}},
{"type":"Feature","geometry":{"type":"Polygon","coordinates":[[[109.18394460000003,34.463429599999955],[109.183867,34.46899540000004],[109.18085539999996,34.46896710000001],[109.18093169999996,34.463401300000015],[109.18394460000003,34.463429599999955]]]},"properties":{"osm_id":"1091085093","code":7202,"fclass":"park","name":"马陵冢遗址公园","RASTERVALU":44.8235,"Light_Rain":"0","Moderate":"1.51575301399969","Heavy":"11.4143285995513","Storm":"35.191290310021"}},
{"type":"Feature","geometry":{"type":"Polygon","coordinates":[[[108.97924409999997,34.46956610000001],[108.97972260000004,34.47119539999999],[108.97878259999999,34.47132609999997],[108.97845419999999,34.47026869999997],[108.9780861,34.46933970000002],[108.97769260000004,34.468441],[108.97701300000003,34.46718279999999],[108.97640709999999,34.46622340000001],[108.976359,34.466134699999955],[108.97649770000002,34.46605060000002],[108.97654300000004,34.46592930000001],[108.97649770000002,34.46577519999997],[108.97583430000002,34.46484879999996],[108.9768646,34.464267500000005],[108.97732310000002,34.463966799999994],[108.97790720000003,34.46365380000003],[108.97888080000003,34.46323920000001],[108.98014039999997,34.462800300000026],[108.98062100000004,34.462678299999965],[108.98074669999995,34.46268240000004],[108.98080829999999,34.46273119999999],[108.9808256,34.46283079999997],[108.98063150000002,34.4674652],[108.9796405,34.46744889999998],[108.97924409999997,34.46956610000001]]]},"properties":{"osm_id":"1334821013","code":7202,"fclass":"park","name":"泾渭体育运动中心","RASTERVALU":207.818,"Light_Rain":"0","Moderate":"0","Heavy":"0","Storm":"3.4227042604654"}},
{"type":"Feature","geometry":{"type":"Polygon","coordinates":[[[108.99448619999998,34.512057700000014],[108.99411339999996,34.516466099999995],[108.9929513,34.51636220000001],[108.9920797,34.515020800000045],[108.99045170000004,34.51311009999996],[108.98948689999997,34.51238290000001],[108.98853860000003,34.512238400000044],[108.98870850000004,34.511222099999976],[108.99448619999998,34.512057700000014]]]},"properties":{"osm_id":"1137798070","code":7202,"fclass":"park","name":"西安兵器博物馆","RASTERVALU":5.18367,"Light_Rain":"2.42772884486127","Moderate":"12.9928759730824","Heavy":"32.4171377866554","Storm":"64.1419903570866"}},
{"type":"Feature","geometry":{"type":"Polygon","coordinates":[[[109.0982151,34.52716760000001],[109.09642629999996,34.527041499999974],[109.09523460000004,34.52310380000004],[109.09538949999998,34.522941799999955],[109.09527349999998,34.52254340000003],[109.0969215,34.522229000000046],[109.09706130000001,34.522207400000035],[109.0982151,34.52716760000001]]]},"properties":{"osm_id":"1055243810","code":7202,"fclass":"park","name":"昭惠广场","RASTERVALU":5.18367,"Light_Rain":"2.42772884486127","Moderate":"12.9928759730824","Heavy":"32.4171377866554","Storm":"64.1419903570866"}},
{"type":"Feature","geometry":{"type":"Polygon","coordinates":[[[109.10068589999997,34.53208640000003],[109.09837740000002,34.53278249999999],[109.09784080000003,34.531173399999986],[109.09757179999997,34.530537799999976],[109.09989809999999,34.530040300000024],[109.10068589999997,34.53208640000003]]]},"properties":{"osm_id":"378121705","code":7202,"fclass":"park","name":"水景公园","RASTERVALU":207.818,"Light_Rain":"0","Moderate":"0","Heavy":"0","Storm":"3.4227042604654"}},
{"type":"Feature","geometry":{"type":"Polygon","coordinates":[[[109.02593799999995,34.53366750000003],[109.02584889999996,34.53443109999997],[109.0258495,34.53504060000004],[109.025641,34.53713859999999],[109.02554839999996,34.53716890000001],[109.02525380000002,34.5371494],[109.02562640000002,34.533423099999965],[109.02593799999995,34.53366750000003]]]},"properties":{"osm_id":"1082246053","code":7202,"fclass":"park","name":"","RASTERVALU":5.18367,"Light_Rain":"2.42772884486127","Moderate":"12.9928759730824","Heavy":"32.4171377866554","Storm":"64.1419903570866"}},
{"type":"Feature","geometry":{"type":"Polygon","coordinates":[[[109.02558790000003,34.53732109999999],[109.02563080000003,34.537352900000045],[109.02564580000004,34.537404200000026],[109.02541539999997,34.53975029999999],[109.02499640000003,34.5397236],[109.02523880000001,34.5372997],[109.02558790000003,34.53732109999999]]]},"properties":{"osm_id":"1082246054","code":7202,"fclass":"park","name":"","RASTERVALU":5.18367,"Light_Rain":"2.42772884486127","Moderate":"12.9928759730824","Heavy":"32.4171377866554","Storm":"64.1419903570866"}},
{"type":"Feature","geometry":{"type":"Polygon","coordinates":[[[109.02521230000005,34.540026600000026],[109.02529590000003,34.54006369999998],[109.02533240000004,34.540102600000004],[109.02505550000004,34.542842300000025],[109.02502110000003,34.54287409999999],[109.0246825,34.54286250000001],[109.02496789999998,34.540008500000035],[109.02521230000005,34.540026600000026]]]},"properties":{"osm_id":"1082246055","code":7202,"fclass":"park","name":"","RASTERVALU":5.18367,"Light_Rain":"2.42772884486127","Moderate":"12.9928759730824","Heavy":"32.4171377866554","Storm":"64.1419903570866"}},
{"type":"Feature","geometry":{"type":"Polygon","coordinates":[[[109.02498870000002,34.543048400000025],[109.02503119999999,34.54308209999997],[109.0248404,34.545078500000045],[109.02446610000003,34.54505309999998],[109.02448159999999,34.54487169999999],[109.02466570000003,34.54303069999998],[109.02498870000002,34.543048400000025]]]},"properties":{"osm_id":"1082246056","code":7202,"fclass":"park","name":"","RASTERVALU":5.18367,"Light_Rain":"2.42772884486127","Moderate":"12.9928759730824","Heavy":"32.4171377866554","Storm":"64.1419903570866"}},
{"type":"Feature","geometry":{"type":"Polygon","coordinates":[[[109.20897950000001,34.65925119999998],[109.2089008,34.660612900000025],[109.20644879999998,34.660312200000014],[109.2064834,34.65939839999999],[109.20657280000002,34.65921779999997],[109.20897950000001,34.65925119999998]]]},"properties":{"osm_id":"479208657","code":7202,"fclass":"park","name":"","RASTERVALU":5.18367,"Light_Rain":"2.42772884486127","Moderate":"12.9928759730824","Heavy":"32.4171377866554","Storm":"64.1419903570866"}},
{"type":"Feature","geometry":{"type":"Polygon","coordinates":[[[109.2174584,34.675673200000006],[109.2172867,34.67862010000003],[109.21348869999998,34.67888479999999],[109.21353159999998,34.67703199999999],[109.21383199999997,34.67505559999998],[109.2174584,34.675673200000006]]]},"properties":{"osm_id":"363084555","code":7202,"fclass":"park","name":"阎良公园","RASTERVALU":207.818,"Light_Rain":"0","Moderate":"0","Heavy":"0","Storm":"3.4227042604654"}},
{"type":"Feature","geometry":{"type":"Polygon","coordinates":[[[108.91565909999997,34.30542719999997],[108.91615260000003,34.310230500000024],[108.91641010000002,34.3106736],[108.91555179999997,34.311116699999985],[108.91546599999998,34.31648680000004],[108.91737569999998,34.3165754],[108.91643160000002,34.32348699999997],[108.9156832,34.32877460000004],[108.91546599999998,34.33030940000002],[108.91538649999997,34.330934899999995],[108.91528870000005,34.331470099999954],[108.91520849999999,34.33289640000002],[108.9149725,34.3393637],[108.91486520000001,34.342977999999995],[108.91480940000001,34.34223880000003],[108.91439310000003,34.336723699999965],[108.91398540000004,34.331018200000045],[108.91402830000004,34.32752730000004],[108.91415710000004,34.323380699999966],[108.91377079999995,34.323327500000005],[108.91344899999997,34.32166170000002],[108.91336930000004,34.318317299999975],[108.91334169999998,34.31716029999999],[108.91323439999998,34.31065589999996],[108.91316999999998,34.306313400000015],[108.91329879999998,34.3017403],[108.91323439999998,34.30149209999998],[108.904823,34.30142119999998],[108.90055290000001,34.30154530000003],[108.89029610000001,34.30163389999999],[108.8863479,34.301474400000025],[108.88624060000001,34.29677690000002],[108.88572570000004,34.29356830000002],[108.88563980000004,34.293125100000026],[108.88308639999998,34.293266900000035],[108.8825499,34.29284150000001],[108.87964230000003,34.292926200000004],[108.87956810000001,34.291549],[108.882274,34.29143389999999],[108.8872935,34.29136050000004],[108.8873783,34.291604599999985],[108.88776180000002,34.29337950000003],[108.88808620000003,34.294803100000046],[108.88823930000001,34.29524090000003],[108.88839750000004,34.295540100000004],[108.88872409999998,34.29594119999997],[108.8895939,34.29687380000004],[108.89010720000002,34.297477299999976],[108.89151920000005,34.29782279999996],[108.89538159999996,34.297982300000015],[108.8977662,34.29781669999999],[108.90043889999998,34.297665199999976],[108.90038130000002,34.29801780000002],[108.90490879999999,34.29847869999996],[108.90604979999999,34.298498900000034],[108.91232099999999,34.29869049999999],[108.91297689999999,34.298726799999976],[108.91415710000004,34.29909909999996],[108.9150368,34.299914500000014],[108.91542309999998,34.30067670000002],[108.91565909999997,34.30542719999997]]]},"properties":{"osm_id":"283397230","code":7202,"fclass":"park","name":"汉城湖公园","RASTERVALU":5.18367,"Light_Rain":"2.42772884486127","Moderate":"12.9928759730824","Heavy":"32.4171377866554","Storm":"64.1419903570866"}},
{"type":"Feature","geometry":{"type":"Polygon","coordinates":[[[108.93112060000001,34.3219502],[108.93143039999998,34.32197320000004],[108.93184019999995,34.321997199999984],[108.93193670000004,34.32213029999998],[108.93199650000001,34.322236000000025],[108.93205350000002,34.32234939999999],[108.93202770000002,34.32265460000002],[108.93281770000002,34.322695699999954],[108.9328025,34.32387740000003],[108.92943469999996,34.32400270000001],[108.92939690000003,34.3239608],[108.92933839999999,34.322864299999964],[108.93060560000004,34.321942399999976],[108.93112060000001,34.3219502]]]},"properties":{"osm_id":"293953546","code":7202,"fclass":"park","name":"文景公园","RASTERVALU":207.818,"Light_Rain":"0","Moderate":"0","Heavy":"0","Storm":"3.4227042604654"}},
{"type":"Feature","geometry":{"type":"Polygon","coordinates":[[[108.94077410000001,34.32358909999998],[108.94023249999996,34.323612799999985],[108.94022590000003,34.32303639999999],[108.94079829999997,34.32303279999996],[108.94077410000001,34.32358909999998]]]},"properties":{"osm_id":"969958544","code":7202,"fclass":"park","name":"街心公园","RASTERVALU":5.18367,"Light_Rain":"2.42772884486127","Moderate":"12.9928759730824","Heavy":"32.4171377866554","Storm":"64.1419903570866"}},
{"type":"Feature","geometry":{"type":"Polygon","coordinates":[[[108.96796749999997,34.312856699999976],[108.96786979999997,34.312862500000016],[108.96765270000004,34.31303719999999],[108.96723749999997,34.31336820000002],[108.967211,34.31336969999997],[108.9672035,34.31262650000003],[108.96721860000001,34.31258700000004],[108.9672346,34.3125532],[108.96727480000004,34.31253559999997],[108.96731650000002,34.312520000000006],[108.9673688,34.31251619999996],[108.96757290000001,34.31251810000003],[108.96792039999998,34.31251060000003],[108.96801599999999,34.312501800000014],[108.9681267,34.312473000000026],[108.96822690000003,34.31243850000001],[108.9683156,34.312387100000024],[108.96839220000004,34.312332],[108.96878290000004,34.31195980000002],[108.96884669999999,34.31191529999998],[108.96891339999999,34.31187520000004],[108.96899159999998,34.31183379999999],[108.96908790000005,34.31180440000004],[108.96918430000002,34.31178060000003],[108.96928970000005,34.3117599],[108.96940350000004,34.311754199999974],[108.96954459999999,34.311756700000004],[108.97031240000001,34.31174110000004],[108.97031309999998,34.311800000000034],[108.97094079999997,34.31179709999997],[108.97099220000004,34.31180159999999],[108.97103190000004,34.311817200000036],[108.97105359999998,34.3118425],[108.97106080000003,34.3120422],[108.97091560000001,34.311940199999995],[108.96936980000001,34.31193799999999],[108.96796749999997,34.312856699999976]]]},"properties":{"osm_id":"1268564630","code":7202,"fclass":"park","name":"","RASTERVALU":119.529,"Light_Rain":"0","Moderate":"0","Heavy":"1.48661668200985","Storm":"12.8283676013327"}},
{"type":"Feature","geometry":{"type":"Polygon","coordinates":[[[109.04462049999997,34.31905420000002],[109.04317679999998,34.320105000000005],[109.04305160000001,34.3197421],[109.04336329999995,34.319494799999966],[109.04378520000004,34.319013899999966],[109.04434169999999,34.31836879999997],[109.04552539999997,34.31711010000001],[109.04624000000003,34.31648110000001],[109.04714629999997,34.31579129999996],[109.04797399999997,34.31516129999997],[109.04875820000002,34.314641600000044],[109.05032200000001,34.31360540000002],[109.05154510000004,34.312893199999976],[109.05164939999996,34.31283240000001],[109.0530914,34.312260200000004],[109.05459959999999,34.311735999999975],[109.05694430000001,34.31115500000004],[109.05815640000003,34.31085469999998],[109.05950809999996,34.31026409999996],[109.0614505,34.3090859],[109.06245980000003,34.30836830000004],[109.06408119999998,34.30757319999998],[109.06455249999998,34.30812320000001],[109.06401879999997,34.308459300000024],[109.06226809999997,34.30936269999999],[109.06072129999998,34.31086480000001],[109.05964510000001,34.311456400000026],[109.05642969999998,34.31217629999999],[109.0512473,34.314220199999994],[109.04756839999999,34.31657],[109.04771800000002,34.316811000000044],[109.04765820000004,34.31710759999998],[109.04723170000001,34.31726209999997],[109.04682019999998,34.31715699999998],[109.04462049999997,34.31905420000002]]]},"properties":{"osm_id":"289668662","code":7202,"fclass":"park","name":"","RASTERVALU":5.18367,"Light_Rain":"2.42772884486127","Moderate":"12.9928759730824","Heavy":"32.4171377866554","Storm":"64.1419903570866"}},
{"type":"Feature","geometry":{"type":"Polygon","coordinates":[[[109.0307434,34.3135504],[109.03147729999998,34.31362670000001],[109.03212310000004,34.31372240000002],[109.03266390000002,34.3138198],[109.0330286,34.31389960000003],[109.0330587,34.31395630000001],[109.03270460000002,34.31541489999999],[109.03254590000003,34.31603700000004],[109.03247500000002,34.31613089999999],[109.03199650000005,34.31599449999999],[109.03146439999998,34.315900500000026],[109.0308893,34.315813700000035],[109.03029920000003,34.315762300000046],[109.02973489999997,34.31574280000003],[109.02961039999997,34.31562230000001],[109.02975849999997,34.31356990000001],[109.02988079999996,34.313470699999975],[109.0307434,34.3135504]]]},"properties":{"osm_id":"1228204776","code":7202,"fclass":"park","name":"灞城市广场","RASTERVALU":84.6667,"Light_Rain":"0","Moderate":"1.32709433381689E-02","Heavy":"4.19738989471845","Storm":"20.4458115174304"}},
{"type":"Feature","geometry":{"type":"Polygon","coordinates":[[[109.08075,34.31498900000001],[109.08087749999997,34.31503660000004],[109.08699819999997,34.3171272],[109.08702120000001,34.3173064],[109.08702880000001,34.31757400000002],[109.08700330000003,34.31786700000002],[109.08698539999997,34.31794289999999],[109.08689309999997,34.31808700000001],[109.08281839999998,34.31623069999999],[109.08247899999996,34.31610210000001],[109.07887329999997,34.3143823],[109.0789091,34.314323400000006],[109.07832980000003,34.314034700000015],[109.07827370000001,34.31411479999998],[109.07664550000003,34.31337270000004],[109.07631940000005,34.31321670000001],[109.07603179999997,34.31305360000002],[109.07568639999998,34.3128516],[109.0751724,34.31248900000002],[109.0751596,34.312467700000035],[109.0753033,34.31195369999996],[109.0754235,34.31198030000003],[109.07547709999999,34.31198030000003],[109.07685040000001,34.31179240000002],[109.07715300000001,34.31341770000003],[109.08075,34.31498900000001]]]},"properties":{"osm_id":"1229235683","code":7202,"fclass":"park","name":"","RASTERVALU":5.18367,"Light_Rain":"2.42772884486127","Moderate":"12.9928759730824","Heavy":"32.4171377866554","Storm":"64.1419903570866"}},
{"type":"Feature","geometry":{"type":"Polygon","coordinates":[[[109.04391109999999,34.31486929999997],[109.04394759999998,34.31500579999998],[109.04247770000005,34.3161063],[109.04255710000004,34.31664870000002],[109.04264940000004,34.31709879999996],[109.04280170000003,34.31759330000002],[109.04311930000001,34.31841030000003],[109.0433811,34.31889049999997],[109.04342190000001,34.3191174],[109.04342620000001,34.31920250000003],[109.04318800000001,34.31941160000001],[109.04298630000002,34.31948600000004],[109.04240690000005,34.31810540000003],[109.04219879999997,34.31761629999997],[109.04210219999997,34.31724240000003],[109.04205069999998,34.316879099999994],[109.04204429999997,34.316570699999964],[109.04206569999997,34.31618610000003],[109.04386169999998,34.3148622],[109.04391109999999,34.31486929999997]]]},"properties":{"osm_id":"1268576026","code":7202,"fclass":"park","name":"","RASTERVALU":84.6667,"Light_Rain":"0","Moderate":"1.32709433381689E-02","Heavy":"4.19738989471845","Storm":"20.4458115174304"}},
{"type":"Feature","geometry":{"type":"Polygon","coordinates":[[[109.01853760000004,34.32778060000004],[109.02036780000005,34.326563799999995],[109.02106010000004,34.32587510000003],[109.02153589999998,34.325048700000046],[109.02172450000003,34.32460459999998],[109.0218443,34.32424479999997],[109.0219946,34.32337060000002],[109.02201469999997,34.3232598],[109.021984,34.322781200000016],[109.02186419999995,34.3216882],[109.02159499999998,34.3200298],[109.0215276,34.319050399999966],[109.02156030000003,34.31865449999999],[109.02157039999999,34.318532700000034],[109.02160320000003,34.318135300000016],[109.02176899999998,34.31671330000004],[109.02190600000004,34.316190200000015],[109.02372699999998,34.31401680000004],[109.02456790000002,34.31281130000004],[109.02583450000002,34.312724499999966],[109.02494280000003,34.31439799999996],[109.02465539999997,34.31478830000002],[109.02397139999995,34.31582779999996],[109.0236638,34.316068199999954],[109.02360219999996,34.31653439999998],[109.02326720000005,34.31731379999999],[109.02313309999997,34.31795439999997],[109.02300449999998,34.319000500000016],[109.02304949999997,34.31996120000001],[109.02317460000002,34.32154170000004],[109.02328860000004,34.3231192],[109.02319959999996,34.3243558],[109.02289640000001,34.325238500000026],[109.02260729999998,34.32586860000003],[109.02139040000002,34.32766750000001],[109.02008149999997,34.32856229999997],[109.01978250000002,34.328708800000015],[109.01853760000004,34.32778060000004]]]},"properties":{"osm_id":"289555470","code":7202,"fclass":"park","name":"","RASTERVALU":44.8235,"Light_Rain":"0","Moderate":"1.51575301399969","Heavy":"11.4143285995513","Storm":"35.191290310021"}},
{"type":"Feature","geometry":{"type":"Polygon","coordinates":[[[109.06712449999998,34.32068270000002],[109.06649769999999,34.32115539999997],[109.06572549999996,34.32190560000004],[109.0648897,34.32300099999999],[109.06407210000002,34.32446409999999],[109.06256400000004,34.32733749999997],[109.06189180000001,34.32838780000001],[109.06119230000004,34.32931059999998],[109.06043820000001,34.330203300000036],[109.05961149999999,34.33124609999999],[109.05913010000003,34.3318238],[109.05853049999999,34.33254389999998],[109.05793999999997,34.33322659999998],[109.0572405,34.3337667],[109.05650459999997,34.334224300000024],[109.05549620000002,34.334659399999964],[109.05487849999997,34.33488450000002],[109.0541971,34.3350195],[109.05356119999996,34.33513199999999],[109.05126160000003,34.33539110000002],[109.05093239999997,34.33513169999996],[109.05049840000004,34.33420490000002],[109.05007950000001,34.33363649999997],[109.04936119999999,34.332722099999984],[109.04853319999997,34.331410099999964],[109.04848159999996,34.331328399999954],[109.04840070000002,34.331196799999994],[109.04836770000004,34.33115039999997],[109.04753130000003,34.329842600000035],[109.04673299999996,34.32833579999997],[109.04556729999997,34.325437299999955],[109.04490839999998,34.32376299999998],[109.04767070000001,34.32222479999999],[109.04801279999998,34.32203640000003],[109.04845619999999,34.321199300000046],[109.04944459999997,34.320508600000004],[109.04981199999999,34.32044579999996],[109.0505216,34.32045630000003],[109.05233290000002,34.31924860000002],[109.05299469999999,34.3189252],[109.05386609999996,34.31844690000004],[109.05493050000001,34.31750860000003],[109.05634799999997,34.316861699999976],[109.05746200000004,34.31594159999996],[109.0579198,34.315681899999966],[109.0584437,34.315467800000015],[109.0595192,34.31481190000002],[109.05963049999997,34.31476079999996],[109.05991629999998,34.31462970000004],[109.06039609999998,34.314433799999996],[109.06092009999999,34.314165000000045],[109.06151569999999,34.313736799999965],[109.06234280000002,34.313123400000016],[109.0625014,34.313055700000014],[109.06297180000003,34.312802999999974],[109.06361099999998,34.31241889999999],[109.06379899999999,34.31249770000003],[109.06390380000005,34.31231549999996],[109.06443879999999,34.31196479999999],[109.06603440000002,34.31359959999998],[109.06621600000004,34.3134871],[109.06703370000002,34.31414740000001],[109.0670882,34.314665100000035],[109.06619789999996,34.314987800000004],[109.0665794,34.315640600000016],[109.06686110000004,34.3164659],[109.06766959999996,34.31627830000002],[109.06802389999997,34.317388799999975],[109.0673425,34.31752389999996],[109.06746059999999,34.317981599999996],[109.06824189999998,34.31779400000002],[109.06836910000003,34.31821419999997],[109.06798749999997,34.3187019],[109.06925939999996,34.318431800000035],[109.0692866,34.31853680000002],[109.06944109999999,34.318491800000025],[109.06943200000003,34.31840180000004],[109.06963189999996,34.318349200000036],[109.06979539999999,34.31904700000004],[109.0690141,34.31962479999998],[109.0679512,34.32021749999999],[109.06712449999998,34.32068270000002]]]},"properties":{"osm_id":"252885702","code":7202,"fclass":"park","name":"西安世博公园","RASTERVALU":5.18367,"Light_Rain":"2.42772884486127","Moderate":"12.9928759730824","Heavy":"32.4171377866554","Storm":"64.1419903570866"}},
{"type":"Feature","geometry":{"type":"Polygon","coordinates":[[[109.03176990000003,34.32779780000004],[109.03355800000001,34.32653640000004],[109.03659009999998,34.32408289999998],[109.0369681,34.32369429999998],[109.03734559999997,34.3232738],[109.03763630000003,34.32301340000004],[109.03819709999998,34.32263310000002],[109.03917269999997,34.32220529999997],[109.04041120000004,34.32157910000003],[109.04234860000003,34.32030659999999],[109.04242510000005,34.32052539999997],[109.04201260000002,34.32075609999997],[109.04124259999999,34.321314200000046],[109.04036060000003,34.32183949999999],[109.03955680000004,34.32223439999998],[109.0392096,34.322424700000006],[109.03894399999996,34.322597299999984],[109.0390476,34.32272530000001],[109.03826879999997,34.32313049999996],[109.03383549999997,34.32675989999996],[109.03299309999998,34.32743690000002],[109.03108290000003,34.32862650000004],[109.03176990000003,34.32779780000004]]]},"properties":{"osm_id":"289667818","code":7202,"fclass":"park","name":"","RASTERVALU":207.818,"Light_Rain":"0","Moderate":"0","Heavy":"0","Storm":"3.4227042604654"}},
{"type":"Feature","geometry":{"type":"Polygon","coordinates":[[[109.13470740000002,34.329356799999985],[109.13433935513592,34.3294067397699],[109.13401979999998,34.329450099999974],[109.13392759999998,34.3289867],[109.13426239351885,34.32894132737248],[109.13461529999995,34.32889350000002],[109.13470740000002,34.329356799999985]]]},"properties":{"osm_id":"1317922325","code":7202,"fclass":"park","name":"","RASTERVALU":207.818,"Light_Rain":"0","Moderate":"0","Heavy":"0","Storm":"3.4227042604654"}},
{"type":"Feature","geometry":{"type":"Polygon","coordinates":[[[109.01978250000002,34.328708800000015],[109.01915880000001,34.32901419999997],[109.01846140000005,34.3294483],[109.0176997,34.329953399999965],[109.01679850000004,34.330653299999966],[109.01624479999997,34.33126089999997],[109.01574489999999,34.33144229999996],[109.01489019999997,34.33260289999998],[109.01458510000005,34.3331581],[109.01432869999996,34.33304040000003],[109.01349000000003,34.33254850000001],[109.01342489999998,34.332532800000045],[109.014531,34.33108470000004],[109.01487529999999,34.330504499999996],[109.01563810000003,34.329653800000045],[109.01847889999999,34.3278262],[109.01853760000004,34.32778060000004],[109.01978250000002,34.328708800000015]]]},"properties":{"osm_id":"289555471","code":7202,"fclass":"park","name":"","RASTERVALU":44.8235,"Light_Rain":"0","Moderate":"1.51575301399969","Heavy":"11.4143285995513","Storm":"35.191290310021"}},
{"type":"Feature","geometry":{"type":"Polygon","coordinates":[[[108.94289469999997,34.34112279999997],[108.94337799999998,34.34137140000003],[108.94409709999998,34.34197660000001],[108.94420190000002,34.34210079999998],[108.94426569999997,34.3422009],[108.94431480000004,34.34233039999997],[108.94434519999999,34.34246699999999],[108.94434719999997,34.342640699999976],[108.9443239,34.342757899999995],[108.94429039999999,34.34285190000004],[108.94422379999997,34.34298089999997],[108.94417759999997,34.34305030000003],[108.9440963,34.343139699999966],[108.9433267,34.34377949999997],[108.94321259999998,34.34386209999996],[108.94309009999996,34.34392779999998],[108.94291590000003,34.343990099999985],[108.94277999999997,34.344023800000016],[108.94265060000002,34.34403079999998],[108.94252689999999,34.344037700000015],[108.94239789999997,34.34402739999996],[108.9422523,34.34399620000004],[108.94210919999999,34.34395320000004],[108.94194550000003,34.34387519999998],[108.94102440000002,34.34312670000004],[108.9409028,34.342971199999965],[108.94083420000001,34.34282959999997],[108.94079140000002,34.34267330000001],[108.94078849999995,34.342500899999955],[108.94080840000001,34.342390900000005],[108.94086550000002,34.3422245],[108.94098959999998,34.34202659999997],[108.9419516,34.3412315],[108.942163,34.34113979999996],[108.94242230000005,34.34107960000004],[108.94289469999997,34.34112279999997]]]},"properties":{"osm_id":"265598084","code":7202,"fclass":"park","name":"","RASTERVALU":119.529,"Light_Rain":"0","Moderate":"0","Heavy":"1.48661668200985","Storm":"12.8283676013327"}},
{"type":"Feature","geometry":{"type":"Polygon","coordinates":[[[109.02665690000002,34.33236869999997],[109.02655420000005,34.332260299999966],[109.02653240000002,34.33214009999997],[109.02698359999997,34.33195380000001],[109.02774540000003,34.331416400000045],[109.02799469999995,34.33124609999999],[109.02836570000001,34.33116979999998],[109.02891069999998,34.330942800000024],[109.02936400000002,34.33074950000002],[109.02986990000004,34.33067250000004],[109.03004419604359,34.33069550594164],[109.03005399999999,34.33069680000001],[109.03022960000004,34.33077599999999],[109.030286,34.330883500000006],[109.03026009999999,34.331030700000014],[109.03010680000001,34.33125359999998],[109.02985509999996,34.331391400000015],[109.0295497,34.331486399999974],[109.02873869999996,34.331689700000005],[109.0283162,34.331823599999986],[109.02796039999996,34.33199009999999],[109.02740549999997,34.33229999999997],[109.02704960000001,34.332360199999975],[109.02685345039917,34.332340786736175],[109.02681619999997,34.33233710000002],[109.02665690000002,34.33236869999997]]]},"properties":{"osm_id":"289667817","code":7202,"fclass":"park","name":"","RASTERVALU":207.818,"Light_Rain":"0","Moderate":"0","Heavy":"0","Storm":"3.4227042604654"}},
{"type":"Feature","geometry":{"type":"Polygon","coordinates":[[[109.03108290000003,34.32862650000004],[109.02758919999998,34.330279300000015],[109.02712060000002,34.330521299999965],[109.0249949,34.33161930000004],[109.02151100000005,34.3335725],[109.0180852,34.33572290000003],[109.01786259999997,34.33554380000004],[109.02035900000003,34.333832800000046],[109.02317550000001,34.33220259999999],[109.02401750000004,34.33171529999999],[109.0270431,34.3300408],[109.0308947,34.32819790000002],[109.03176990000003,34.32779780000004],[109.03108290000003,34.32862650000004]]]},"properties":{"osm_id":"289667816","code":7202,"fclass":"park","name":"","RASTERVALU":207.818,"Light_Rain":"0","Moderate":"0","Heavy":"0","Storm":"3.4227042604654"}},
{"type":"Feature","geometry":{"type":"Polygon","coordinates":[[[109.13646880000002,34.33412980000002],[109.13607160000001,34.33420529999996],[109.13560590000003,34.33256519999997],[109.13598480000002,34.3325237],[109.13646880000002,34.33412980000002]]]},"properties":{"osm_id":"1317922345","code":7202,"fclass":"park","name":"","RASTERVALU":207.818,"Light_Rain":"0","Moderate":"0","Heavy":"0","Storm":"3.4227042604654"}},
{"type":"Feature","geometry":{"type":"Polygon","coordinates":[[[109.05001840000001,34.33608570000003],[109.05037329999999,34.337084399999966],[109.05046200000004,34.33747390000004],[109.05019580000004,34.33750089999997],[109.04800560000001,34.3364289],[109.04794489999996,34.33619369999999],[109.04992970000005,34.33597390000001],[109.05001840000001,34.33608570000003]]]},"properties":{"osm_id":"879228522","code":7202,"fclass":"park","name":"","RASTERVALU":84.6667,"Light_Rain":"0","Moderate":"1.32709433381689E-02","Heavy":"4.19738989471845","Storm":"20.4458115174304"}},
{"type":"Feature","geometry":{"type":"Polygon","coordinates":[[[109.0538011,34.33576560000001],[109.05319400000005,34.33584269999999],[109.05192370000002,34.33720010000004],[109.05203120000003,34.33789809999997],[109.05181169999999,34.33791739999997],[109.05171360000004,34.337840199999974],[109.0513213,34.33594300000003],[109.0513633,34.33589289999997],[109.05137740000002,34.33581190000002],[109.05373570000002,34.335572800000044],[109.0538011,34.33576560000001]]]},"properties":{"osm_id":"879228523","code":7202,"fclass":"park","name":"","RASTERVALU":84.6667,"Light_Rain":"0","Moderate":"1.32709433381689E-02","Heavy":"4.19738989471845","Storm":"20.4458115174304"}},
{"type":"Feature","geometry":{"type":"Polygon","coordinates":[[[109.00436560000003,34.337053800000014],[109.00441620000004,34.33713750000001],[109.00439780000002,34.33720970000003],[109.00436790000003,34.33728570000002],[109.00428039999998,34.337327600000016],[109.00422280000002,34.337371299999994],[109.00418830000001,34.337449200000044],[109.0042021,34.337502500000014],[109.00430799999997,34.33756329999998],[109.00443919999998,34.3376108],[109.00451749999998,34.33764880000004],[109.00458199999998,34.33770589999997],[109.00460959999997,34.3377857],[109.0045703,34.33787830000002],[109.00451619999996,34.337948599999976],[109.00445409999998,34.337991399999964],[109.00437230000004,34.3380123],[109.00429869999999,34.33808259999996],[109.00430670000003,34.33814719999997],[109.00434579999998,34.338233700000025],[109.00436540000001,34.33832209999997],[109.0045542,34.338374400000035],[109.00466009999997,34.33843330000002],[109.0047315,34.338512199999975],[109.00474409999998,34.338589200000044],[109.00472000000003,34.3387014],[109.00464829999997,34.338794300000046],[109.00460180000003,34.338845199999994],[109.00448409999997,34.33890619999998],[109.00445399999997,34.33897740000001],[109.0044458,34.339063300000014],[109.00420619999998,34.33955840000003],[109.00408420000001,34.33952439999997],[109.00408420000001,34.33941550000002],[109.00405489999999,34.33924209999997],[109.00398330000002,34.33907010000004],[109.00385800000004,34.33889940000004],[109.00286959999997,34.33796479999998],[109.00282889999997,34.33790569999998],[109.00282400000002,34.33785590000003],[109.00446689999997,34.33609190000001],[109.00454979999999,34.33596640000001],[109.00464409999998,34.3358106],[109.00472469999998,34.335291599999955],[109.00475000000003,34.33512620000004],[109.00480990000001,34.3348144],[109.00485129999997,34.33474029999999],[109.00491119999995,34.3347232],[109.00669769999998,34.33525360000001],[109.00657109999999,34.33534859999997],[109.00641910000002,34.33539039999996],[109.0063017,34.3353866],[109.00612910000001,34.33534859999997],[109.005908,34.33534480000001],[109.0056824,34.33536379999998],[109.00550059999996,34.33544370000002],[109.0053325,34.335607199999956],[109.00526569999998,34.33573829999997],[109.005222,34.3358847],[109.00520359999999,34.33596450000003],[109.00537160000003,34.336088099999955],[109.00532789999997,34.336126099999994],[109.00534629999999,34.336215500000016],[109.00535320000003,34.336302899999964],[109.00534169999996,34.33639229999999],[109.00524959999998,34.33651009999997],[109.00515519999999,34.33655580000002],[109.00501940000002,34.33658429999998],[109.00491119999995,34.33658429999998],[109.0048398,34.336571000000035],[109.00436560000003,34.337053800000014]]]},"properties":{"osm_id":"1229939787","code":7202,"fclass":"park","name":"西安灞滋水公园","RASTERVALU":5.18367,"Light_Rain":"2.42772884486127","Moderate":"12.9928759730824","Heavy":"32.4171377866554","Storm":"64.1419903570866"}},
{"type":"Feature","geometry":{"type":"Polygon","coordinates":[[[109.01156950000002,34.35340030000001],[109.01140740000002,34.35373809999998],[109.01138639999996,34.35418039999998],[109.01177849999999,34.3546776],[109.01165970000002,34.35547130000003],[109.0117432,34.35583449999998],[109.01183179999997,34.35600800000003],[109.0112418,34.35598039999997],[109.01060214091669,34.35592021074292],[109.00946169999997,34.35581289999997],[109.0092817,34.35530829999996],[109.00933130000001,34.35488060000001],[109.00931359999997,34.35462669999996],[109.00999390000004,34.3542976],[109.01037189999997,34.353108500000026],[109.0102692,34.352806299999976],[109.00999649999999,34.352764499999985],[109.00936580000003,34.35283309999998],[109.00886220000001,34.35259670000004],[109.00881070000001,34.35223810000004],[109.0095072,34.351221999999986],[109.00958839999997,34.35086419999996],[109.01005070000004,34.350778300000044],[109.01020979999996,34.350406299999996],[109.01043869999998,34.35004500000004],[109.01052979999997,34.34950260000001],[109.01077500000001,34.34900780000002],[109.01131210599631,34.3486103588053],[109.01139800000004,34.34854679999997],[109.01195339999998,34.34752210000001],[109.01206699999997,34.34707560000002],[109.01242329999997,34.346819599999975],[109.01347950000005,34.3449263],[109.01398920000003,34.344108900000045],[109.0176654,34.340850299999985],[109.01968050000002,34.33988250000002],[109.02025109999998,34.33937480000003],[109.02103269999999,34.338679399999954],[109.02200800000004,34.3383751],[109.02267790000005,34.33773809999997],[109.02310849999996,34.33754340000002],[109.02365709999998,34.337427999999974],[109.02407870000005,34.33726880000004],[109.02450499999996,34.33674910000003],[109.02528810000001,34.33634560000004],[109.02678230000001,34.335500800000034],[109.02772370000001,34.3343893],[109.02846350000002,34.334167600000036],[109.02901159999999,34.334000000000024],[109.02962060000002,34.33376529999997],[109.03067620000004,34.332793099999996],[109.03191450000001,34.332139299999994],[109.03301070000002,34.33089880000003],[109.03752670000003,34.32782599999998],[109.03885509999998,34.32709919999997],[109.04070449999996,34.32623829999997],[109.04153400000003,34.32571649999996],[109.04406190000003,34.324297900000005],[109.0448227,34.326076700000016],[109.04541379999998,34.32868650000003],[109.0412191,34.331118499999995],[109.03432350000003,34.335029799999965],[109.0301582,34.33743759999997],[109.0280928,34.33860190000003],[109.02665939999996,34.3394206],[109.02444790000004,34.34102490000004],[109.0239922,34.34138760000003],[109.02315220000003,34.34207269999997],[109.0220504,34.34111720000004],[109.01956560000002,34.34326690000001],[109.02042499999997,34.34406209999999],[109.01824259999998,34.34571699999996],[109.01680739999998,34.346742800000015],[109.01616740000004,34.34783939999998],[109.01353490000001,34.3468843],[109.01323560000003,34.347559600000004],[109.01317210000002,34.348055199999976],[109.01298430000001,34.34837570000003],[109.01227060000004,34.34911650000004],[109.01209900000005,34.34955840000001],[109.01207210000004,34.350256899999984],[109.01188479999999,34.35093890000001],[109.01166820000002,34.35154159999996],[109.01167610000005,34.35260779999999],[109.01156950000002,34.35340030000001]]]},"properties":{"osm_id":"753549101","code":7202,"fclass":"park","name":"","RASTERVALU":84.6667,"Light_Rain":"0","Moderate":"1.32709433381689E-02","Heavy":"4.19738989471845","Storm":"20.4458115174304"}},
{"type":"Feature","geometry":{"type":"Polygon","coordinates":[[[109.0059229,34.34842969999997],[109.00536280000001,34.34826940000003],[109.00519699999998,34.34792639999998],[109.00549869999999,34.346896700000045],[109.00603910000002,34.34718679999998],[109.00633809999998,34.34622169999997],[109.00637639999995,34.34550159999999],[109.00819199999998,34.34152969999998],[109.01017070000002,34.33724940000003],[109.01046019999998,34.33663159999998],[109.01119820000002,34.33522710000004],[109.01214339999999,34.33405700000004],[109.01311689999997,34.33279970000001],[109.01326240000003,34.332827900000034],[109.01203379999998,34.33480720000002],[109.01068200000005,34.337021999999955],[109.00909410000001,34.33996320000004],[109.006773,34.34587479999996],[109.00629399999997,34.3485052],[109.0059229,34.34842969999997]]]},"properties":{"osm_id":"289555472","code":7202,"fclass":"park","name":"","RASTERVALU":119.529,"Light_Rain":"0","Moderate":"0","Heavy":"1.48661668200985","Storm":"12.8283676013327"}},
{"type":"Feature","geometry":{"type":"Polygon","coordinates":[[[108.97600109999996,34.34533330000001],[108.97596709999999,34.346953],[108.97440230000002,34.34676570000004],[108.9746404,34.3451367],[108.97600109999996,34.34533330000001]]]},"properties":{"osm_id":"1091093331","code":7202,"fclass":"park","name":"","RASTERVALU":84.6667,"Light_Rain":"0","Moderate":"1.32709433381689E-02","Heavy":"4.19738989471845","Storm":"20.4458115174304"}},
{"type":"Feature","geometry":{"type":"Polygon","coordinates":[[[109.00629399999997,34.3485052],[109.00645489999997,34.348981100000024],[109.00624039999998,34.34933540000003],[109.00645489999997,34.35015919999998],[109.00636870000002,34.35061119999999],[109.00635800000003,34.351390599999995],[109.00704999999999,34.35162649999997],[109.0070812,34.352131299999996],[109.00669060000001,34.35240929999999],[109.00634940000003,34.35295620000004],[109.00666910000001,34.353392399999976],[109.006947,34.353723500000015],[109.00712430000002,34.35448949999998],[109.00745969999997,34.35450329999997],[109.00779059999999,34.35555490000002],[109.00796839999995,34.35655899999997],[109.00754049999999,34.35750970000003],[109.00745229999998,34.35888829999996],[109.00722699999999,34.35934440000004],[109.00706059999999,34.3601994],[109.00693250000005,34.360469300000034],[109.0067549,34.36068180000003],[109.00660949999997,34.36080329999996],[109.00662200000002,34.36105510000001],[109.00604570000003,34.36125180000003],[109.00597930000005,34.36142839999999],[109.00622329999999,34.36151380000004],[109.00615290000002,34.36184469999997],[109.00586650000004,34.36257679999997],[109.0059133,34.36362100000004],[109.00530690000001,34.36379910000003],[109.00532840000001,34.363356299999985],[109.00512460000003,34.35976050000001],[109.0050608,34.35628109999998],[109.00488320000004,34.35580910000001],[109.00481450000004,34.35551569999998],[109.00494410000002,34.35519860000003],[109.0051222,34.35515220000001],[109.00526400000001,34.35346309999996],[109.0059229,34.34842969999997],[109.00629399999997,34.3485052]]]},"properties":{"osm_id":"763958709","code":7202,"fclass":"park","name":"广运潭公园","RASTERVALU":84.6667,"Light_Rain":"0","Moderate":"1.32709433381689E-02","Heavy":"4.19738989471845","Storm":"20.4458115174304"}},
{"type":"Feature","geometry":{"type":"Polygon","coordinates":[[[108.92855220000004,34.3427183],[108.92851460000004,34.34329959999996],[108.92719500000001,34.34329959999996],[108.92713600000002,34.343241],[108.92716280000002,34.34272720000003],[108.9273934,34.342709399999976],[108.92855220000004,34.3427183]]]},"properties":{"osm_id":"879047959","code":7202,"fclass":"park","name":"","RASTERVALU":207.818,"Light_Rain":"0","Moderate":"0","Heavy":"0","Storm":"3.4227042604654"}},
{"type":"Feature","geometry":{"type":"Polygon","coordinates":[[[108.92700720000002,34.34329959999996],[108.92592899999998,34.34329959999996],[108.92592899999998,34.34304160000002],[108.9253711,34.343050499999954],[108.9253872,34.342873300000036],[108.9254301,34.34276260000003],[108.9255642,34.3427183],[108.92701260000003,34.34272720000003],[108.92700720000002,34.34329959999996]]]},"properties":{"osm_id":"879047958","code":7202,"fclass":"park","name":"","RASTERVALU":207.818,"Light_Rain":"0","Moderate":"0","Heavy":"0","Storm":"3.4227042604654"}},
{"type":"Feature","geometry":{"type":"Polygon","coordinates":[[[108.95231820000002,34.34429689999997],[108.95230489999999,34.34515369999998],[108.94925839999999,34.34513720000004],[108.94924170000003,34.34426660000003],[108.95231820000002,34.34429689999997]]]},"properties":{"osm_id":"969670619","code":7202,"fclass":"park","name":"文化中心广场","RASTERVALU":5.18367,"Light_Rain":"2.42772884486127","Moderate":"12.9928759730824","Heavy":"32.4171377866554","Storm":"64.1419903570866"}},
{"type":"Feature","geometry":{"type":"Polygon","coordinates":[[[108.93894569999998,34.34877449999998],[108.93531529999998,34.34871380000003],[108.93531529999998,34.34752460000004],[108.93554570000003,34.34752460000004],[108.93552649999997,34.347080599999984],[108.9353607,34.347079200000046],[108.93364440000002,34.347064700000004],[108.9336441,34.34679650000002],[108.9364448,34.34676330000002],[108.93662120000003,34.34670000000003],[108.93654439999999,34.342704099999985],[108.94009739999997,34.342672400000026],[108.94165299999999,34.34386170000002],[108.94166019999996,34.34701169999997],[108.93919919999999,34.347015700000036],[108.939181,34.34687989999999],[108.9391187,34.346809600000036],[108.9390392,34.34678419999997],[108.93895969999998,34.34678519999997],[108.93888490000002,34.346818799999994],[108.9388374,34.34687109999997],[108.93884699999998,34.34695689999997],[108.9388815,34.34701890000003],[108.93897339999997,34.34706490000002],[108.93894569999998,34.34877449999998]]]},"properties":{"osm_id":"245154326","code":7202,"fclass":"park","name":"西安城市运动公园","RASTERVALU":119.529,"Light_Rain":"0","Moderate":"0","Heavy":"1.48661668200985","Storm":"12.8283676013327"}},
{"type":"Feature","geometry":{"type":"Polygon","coordinates":[[[108.94321569999997,34.349012200000026],[108.94318620000001,34.34916279999996],[108.94308789999997,34.349300399999976],[108.94297639999998,34.349403699999996],[108.94285519999998,34.34945780000003],[108.94272610000004,34.34949589999999],[108.9425613,34.34951719999997],[108.94241289999998,34.349496600000045],[108.94222289999998,34.34942450000003],[108.94210420000002,34.349352400000015],[108.94201779999997,34.34926560000003],[108.94193590000003,34.34914840000001],[108.94190570000002,34.349007399999984],[108.94192620000003,34.34408749999996],[108.94225399999998,34.344189899999996],[108.94285839999998,34.34418969999998],[108.94314440000002,34.34410789999996],[108.94321489999999,34.3440633],[108.94321569999997,34.349012200000026]]]},"properties":{"osm_id":"265598085","code":7202,"fclass":"park","name":"","RASTERVALU":119.529,"Light_Rain":"0","Moderate":"0","Heavy":"1.48661668200985","Storm":"12.8283676013327"}},
{"type":"Feature","geometry":{"type":"Polygon","coordinates":[[[108.86127560000003,34.34943979999996],[108.86129710000003,34.34960099999998],[108.86127140000004,34.34965410000002],[108.86121559999995,34.34968420000003],[108.86082289999997,34.349694900000024],[108.86094089999996,34.34934940000004],[108.86127560000003,34.34943979999996]]]},"properties":{"osm_id":"1222956797","code":7202,"fclass":"park","name":"","RASTERVALU":5.18367,"Light_Rain":"2.42772884486127","Moderate":"12.9928759730824","Heavy":"32.4171377866554","Storm":"64.1419903570866"}},
{"type":"Feature","geometry":{"type":"Polygon","coordinates":[[[108.95378479999995,34.35245209999998],[108.94924949999996,34.35244869999997],[108.94925770000002,34.349538699999975],[108.95111859999997,34.34955909999998],[108.95108580000002,34.35036969999999],[108.95131990000003,34.35048840000004],[108.95376830000001,34.3504782],[108.95378479999995,34.35245209999998]]]},"properties":{"osm_id":"969565112","code":7202,"fclass":"park","name":"渭滨公园","RASTERVALU":84.6667,"Light_Rain":"0","Moderate":"1.32709433381689E-02","Heavy":"4.19738989471845","Storm":"20.4458115174304"}},
{"type":"Feature","geometry":{"type":"Polygon","coordinates":[[[108.86838219999997,34.35712100000002],[108.86803889999999,34.35801019999996],[108.86655829999997,34.357632900000006],[108.86688440000003,34.3567419],[108.86838219999997,34.35712100000002]]]},"properties":{"osm_id":"1208206698","code":7202,"fclass":"park","name":"","RASTERVALU":44.8235,"Light_Rain":"0","Moderate":"1.51575301399969","Heavy":"11.4143285995513","Storm":"35.191290310021"}},
{"type":"Feature","geometry":{"type":"Polygon","coordinates":[[[108.80949970000003,34.35986610000004],[108.81293050000004,34.36118689999999],[108.81473989999999,34.361873799999984],[108.81503819999999,34.36198700000002],[108.81348000000003,34.36330510000001],[108.8119179,34.36278489999996],[108.80943110000004,34.36208130000001],[108.80879809999998,34.36191300000003],[108.80677029999997,34.36081480000002],[108.80499450000003,34.3597507],[108.80553039999997,34.35846910000001],[108.8071304,34.35824050000001],[108.80949970000003,34.35986610000004]]]},"properties":{"osm_id":"293553505","code":7202,"fclass":"park","name":"","RASTERVALU":207.818,"Light_Rain":"0","Moderate":"0","Heavy":"0","Storm":"3.4227042604654"}},
{"type":"Feature","geometry":{"type":"Polygon","coordinates":[[[108.88994400000001,34.36193030000004],[108.89031690000004,34.361990000000006],[108.890632,34.36206750000002],[108.89098459999995,34.36215699999997],[108.89079240000004,34.36265929999996],[108.89077359999999,34.362680799999964],[108.89074319999996,34.36269389999998],[108.89069699999996,34.36269389999998],[108.88803479999996,34.362012700000015],[108.88831089999998,34.362003100000024],[108.88855950000003,34.36198639999997],[108.88889039999997,34.361943499999974],[108.88910580000002,34.36191600000001],[108.88926619999997,34.36191239999998],[108.88961160000004,34.361906500000025],[108.88994400000001,34.36193030000004]]]},"properties":{"osm_id":"1232613091","code":7202,"fclass":"park","name":"","RASTERVALU":119.529,"Light_Rain":"0","Moderate":"0","Heavy":"1.48661668200985","Storm":"12.8283676013327"}},
{"type":"Feature","geometry":{"type":"Polygon","coordinates":[[[108.89108989999997,34.362207699999985],[108.89126489999997,34.36228799999997],[108.89149459999996,34.36239940000004],[108.8917109,34.362522800000036],[108.89196000000001,34.362697299999994],[108.89239510000004,34.363020399999996],[108.89258470000001,34.36312470000001],[108.89291040000005,34.36330530000003],[108.89298449999995,34.36338450000001],[108.89277549999998,34.363308300000014],[108.89237079999998,34.363178899999966],[108.89226989999999,34.36316980000001],[108.89093429999997,34.36282369999997],[108.89078480000003,34.36279259999998],[108.89082369999997,34.362787600000004],[108.89084800000002,34.36276850000002],[108.8910473,34.36221580000004],[108.89106429999998,34.36219970000003],[108.89108989999997,34.362207699999985]]]},"properties":{"osm_id":"1232613092","code":7202,"fclass":"park","name":"","RASTERVALU":119.529,"Light_Rain":"0","Moderate":"0","Heavy":"1.48661668200985","Storm":"12.8283676013327"}},
{"type":"Feature","geometry":{"type":"Polygon","coordinates":[[[108.83950040000002,34.36622349999999],[108.83273487034795,34.367352772976986],[108.82807,34.365909999999985],[108.82388097082587,34.366920027404454],[108.81483360000001,34.364079799999985],[108.81363609999997,34.36353910000001],[108.81541819999998,34.36206579999997],[108.81593539999997,34.3621617],[108.81666339999998,34.36229659999997],[108.81883069999998,34.36183609999997],[108.8241166,34.362035300000024],[108.82735269999998,34.36220979999998],[108.83592280000003,34.362625999999956],[108.8388336,34.362344099999994],[108.83873610000002,34.36525700000004],[108.83950040000002,34.36622349999999]]]},"properties":{"osm_id":"293553504","code":7202,"fclass":"park","name":"","RASTERVALU":207.818,"Light_Rain":"0","Moderate":"0","Heavy":"0","Storm":"3.4227042604654"}},
{"type":"Feature","geometry":{"type":"Polygon","coordinates":[[[108.93845040000004,34.367051899999964],[108.93849020000005,34.36715030000002],[108.93825190000004,34.369313599999955],[108.93808310000001,34.36941190000001],[108.93512480000003,34.36939549999998],[108.9350354,34.369329999999984],[108.93492620000004,34.36717480000001],[108.93500560000003,34.367043699999996],[108.93845040000004,34.367051899999964]]]},"properties":{"osm_id":"1029494319","code":7202,"fclass":"park","name":"","RASTERVALU":207.818,"Light_Rain":"0","Moderate":"0","Heavy":"0","Storm":"3.4227042604654"}},
{"type":"Feature","geometry":{"type":"Polygon","coordinates":[[[108.89763560000003,34.368935099999995],[108.89692080000005,34.37061379999998],[108.89684469999996,34.37064059999997],[108.89561200000003,34.37028229999999],[108.89552559999998,34.370209099999975],[108.89623729999998,34.36853180000002],[108.89763560000003,34.368935099999995]]]},"properties":{"osm_id":"393342387","code":7202,"fclass":"park","name":"","RASTERVALU":44.8235,"Light_Rain":"0","Moderate":"1.51575301399969","Heavy":"11.4143285995513","Storm":"35.191290310021"}},
{"type":"Feature","geometry":{"type":"Polygon","coordinates":[[[108.92565890000002,34.369030199999955],[108.92578360000003,34.369051400000025],[108.9256554,34.36915680000004],[108.92562639999998,34.36938459999997],[108.92561920000001,34.36960210000002],[108.92701439999999,34.370484799999964],[108.9275824,34.370844200000036],[108.92556870000001,34.37053739999996],[108.92545679999999,34.37052550000004],[108.92538459999997,34.37049569999998],[108.92533050000002,34.370430099999965],[108.92540990000002,34.36914040000001],[108.92546759999999,34.36905990000002],[108.9255867,34.369015299999965],[108.92565890000002,34.369030199999955]]]},"properties":{"osm_id":"1210331739","code":7202,"fclass":"park","name":"","RASTERVALU":207.818,"Light_Rain":"0","Moderate":"0","Heavy":"0","Storm":"3.4227042604654"}},
{"type":"Feature","geometry":{"type":"Polygon","coordinates":[[[108.9024443,34.37179710000001],[108.90238780000004,34.37182689999999],[108.90234109999999,34.371867399999964],[108.9018023,34.3717122],[108.90177199999998,34.37146829999998],[108.90171170000005,34.37127980000002],[108.90167510000005,34.37119999999999],[108.90168599999997,34.371182000000005],[108.90181230000003,34.3711336],[108.90206629999999,34.370533000000044],[108.90217290000002,34.37050170000003],[108.90301809999997,34.37074450000004],[108.90257100000001,34.371793000000025],[108.90250279999997,34.3717874],[108.9024443,34.37179710000001]]]},"properties":{"osm_id":"393343170","code":7202,"fclass":"park","name":"","RASTERVALU":207.818,"Light_Rain":"0","Moderate":"0","Heavy":"0","Storm":"3.4227042604654"}},
{"type":"Feature","geometry":{"type":"MultiPolygon","coordinates":[[[[109.17044260000002,34.35628949999997],[109.17023880000004,34.35649769999996],[109.17002420000004,34.35691840000004],[109.16998130000005,34.35713979999998],[109.16995980000004,34.35724169999997],[109.16989010000005,34.357254899999994],[109.1688977,34.355859900000034],[109.16926249999999,34.355585399999974],[109.16960039999996,34.355368400000046],[109.16980959999997,34.35578020000001],[109.17023880000004,34.35575809999996],[109.17044260000002,34.35628949999997]]],[[[109.1714503,34.35935270000002],[109.17117380000003,34.35875529999997],[109.17110879999998,34.35882910000004],[109.17053150000001,34.3577015],[109.1704339,34.35739270000003],[109.17042579999996,34.357117499999994],[109.17059649999996,34.356802],[109.17086489999997,34.35654020000001],[109.17128769999995,34.356379100000005],[109.17176740000004,34.3563254],[109.17222270000005,34.356419399999965],[109.17266179999996,34.356640899999995],[109.17315779999997,34.35723160000002],[109.17366999999999,34.357553800000034],[109.17391400000001,34.35766120000004],[109.17406030000004,34.35770820000002],[109.1714503,34.35935270000002]]]]},"properties":{"osm_id":"17638831","code":7202,"fclass":"park","name":"鹦鹉寺公园","RASTERVALU":207.818,"Light_Rain":"0","Moderate":"0","Heavy":"0","Storm":"3.4227042604654"}},
{"type":"Feature","geometry":{"type":"Polygon","coordinates":[[[109.04261109999997,34.36154089999997],[109.03811569999999,34.361948300000016],[109.03779390000001,34.35988469999998],[109.0423,34.359105299999975],[109.04261109999997,34.36154089999997]]]},"properties":{"osm_id":"808104167","code":7202,"fclass":"park","name":"","RASTERVALU":84.6667,"Light_Rain":"0","Moderate":"1.32709433381689E-02","Heavy":"4.19738989471845","Storm":"20.4458115174304"}},
{"type":"Feature","geometry":{"type":"Polygon","coordinates":[[[109.20884909999998,34.364022999999996],[109.20863920000002,34.36425039999998],[109.20828429999996,34.364318700000034],[109.20819869999998,34.364012999999964],[109.20807399999997,34.3640285],[109.20799750000003,34.363696399999974],[109.20822950000004,34.36364330000002],[109.20848299999997,34.36364110000002],[109.20884909999998,34.364022999999996]]]},"properties":{"osm_id":"1341773097","code":7202,"fclass":"park","name":"环园","RASTERVALU":207.818,"Light_Rain":"0","Moderate":"0","Heavy":"0","Storm":"3.4227042604654"}},
{"type":"Feature","geometry":{"type":"Polygon","coordinates":[[[109.2088526,34.36363920000004],[109.20930910000003,34.364203099999976],[109.20965719999995,34.36545450000004],[109.2084522,34.36564850000002],[109.20720249999998,34.365875399999965],[109.20521859999997,34.36648759999999],[109.2051965,34.36530380000001],[109.2054616,34.3651845],[109.20563780000002,34.36470700000001],[109.20642929999995,34.36433409999998],[109.20670400000003,34.363934],[109.20688799999998,34.36376590000004],[109.20718790000002,34.36372380000002],[109.2080873,34.363574299999996],[109.2088526,34.36363920000004]]]},"properties":{"osm_id":"88216827","code":7202,"fclass":"park","name":"华清宫","RASTERVALU":44.8235,"Light_Rain":"0","Moderate":"1.51575301399969","Heavy":"11.4143285995513","Storm":"35.191290310021"}},
{"type":"Feature","geometry":{"type":"Polygon","coordinates":[[[109.05995169999998,34.368733299999995],[109.05744020000002,34.36904239999999],[109.05712299999998,34.36734670000002],[109.05886170000004,34.36713620000001],[109.05897450000005,34.367697700000015],[109.05974759999997,34.36760259999996],[109.05995169999998,34.368733299999995]]]},"properties":{"osm_id":"1091085156","code":7202,"fclass":"park","name":"","RASTERVALU":84.6667,"Light_Rain":"0","Moderate":"1.32709433381689E-02","Heavy":"4.19738989471845","Storm":"20.4458115174304"}},
{"type":"Feature","geometry":{"type":"Polygon","coordinates":[[[109.1756883,34.36861189999998],[109.17646780000001,34.369261199999976],[109.177453,34.37050930000004],[109.17743490000001,34.370589700000025],[109.1773736,34.37064039999996],[109.17589399999997,34.370598699999974],[109.1757172,34.370556999999984],[109.17556200000003,34.37047060000003],[109.17260279999996,34.36849569999996],[109.17302139999997,34.36681870000003],[109.1756883,34.36861189999998]]]},"properties":{"osm_id":"1229273480","code":7202,"fclass":"park","name":"芷阳广场","RASTERVALU":207.818,"Light_Rain":"0","Moderate":"0","Heavy":"0","Storm":"3.4227042604654"}},
{"type":"Feature","geometry":{"type":"Polygon","coordinates":[[[109.06631350000002,34.371269899999994],[109.06429220000003,34.37154720000002],[109.06409079999997,34.37057399999997],[109.06290860000003,34.370732300000014],[109.06263140000001,34.36933079999996],[109.06273279999996,34.36920529999997],[109.06320820000005,34.369159000000046],[109.06331379999999,34.36968150000002],[109.06416120000003,34.37017300000001],[109.06422550000002,34.37020130000004],[109.06434150000003,34.369997699999985],[109.06446510000004,34.369875199999974],[109.0646064,34.36980529999996],[109.06477070000001,34.36975089999999],[109.06488230000001,34.36973569999998],[109.06512769999996,34.36973579999999],[109.06533250000004,34.36970740000003],[109.0654588,34.3699346],[109.0655757,34.37009490000003],[109.06604630000004,34.3699904],[109.06631350000002,34.371269899999994]]]},"properties":{"osm_id":"1091085155","code":7202,"fclass":"park","name":"启航公园","RASTERVALU":44.8235,"Light_Rain":"0","Moderate":"1.51575301399969","Heavy":"11.4143285995513","Storm":"35.191290310021"}},
{"type":"Feature","geometry":{"type":"Polygon","coordinates":[[[109.01467620000003,34.37094590000001],[109.01435679999999,34.37473540000003],[109.01432239999998,34.37478680000002],[109.01427089999999,34.37482049999996],[109.01417439999999,34.37485230000002],[109.01279469999996,34.375056],[109.01225609999999,34.37519590000003],[109.01206509999999,34.37525610000004],[109.01196189999997,34.37530100000002],[109.01191769999997,34.37530840000001],[109.0118807,34.37530919999999],[109.01182749999997,34.375298000000036],[109.01177060000005,34.37527039999998],[109.01171560000003,34.37522649999998],[109.01144036573763,34.37496294508627],[109.01141160000002,34.37493539999997],[109.01133489999997,34.37485240000003],[109.01109669999998,34.374527799999996],[109.01092709999998,34.3741629],[109.01082069999997,34.3738129],[109.01076650000002,34.37350909999999],[109.01080610000001,34.37129969999997],[109.01086679999996,34.371257699999965],[109.01131445035098,34.3712145975563],[109.01459320000001,34.37089890000003],[109.01467620000003,34.37094590000001]]]},"properties":{"osm_id":"1236847455","code":7202,"fclass":"park","name":"","RASTERVALU":44.8235,"Light_Rain":"0","Moderate":"1.51575301399969","Heavy":"11.4143285995513","Storm":"35.191290310021"}},
{"type":"Feature","geometry":{"type":"Polygon","coordinates":[[[108.95337550000002,34.374148400000045],[108.95392259999998,34.37498880000003],[108.95420689999997,34.375438200000005],[108.95467360000005,34.37606029999996],[108.95459050000001,34.376188700000014],[108.95334860000001,34.37615990000003],[108.95328440000003,34.376153600000045],[108.95352859999998,34.37561909999996],[108.95369850000002,34.37511669999996],[108.95304370000001,34.37401539999996],[108.9531229,34.37398050000001],[108.95337550000002,34.374148400000045]]]},"properties":{"osm_id":"1099695308","code":7202,"fclass":"park","name":"","RASTERVALU":84.6667,"Light_Rain":"0","Moderate":"1.32709433381689E-02","Heavy":"4.19738989471845","Storm":"20.4458115174304"}},
{"type":"Feature","geometry":{"type":"MultiPolygon","coordinates":[[[[109.0457802,34.375506900000005],[109.0456782,34.37544949999996],[109.04548540000003,34.37412650000001],[109.04554650000003,34.374031599999974],[109.04634400000002,34.373946100000005],[109.04680360000003,34.373845200000005],[109.04792569999998,34.373708799999996],[109.04811730000002,34.37371110000001],[109.04848560000002,34.373673099999976],[109.04863690000002,34.37362599999999],[109.0520737,34.37322490000002],[109.05228220000001,34.37323089999998],[109.05263699999996,34.37318789999998],[109.05281009999999,34.37313189999996],[109.0551224,34.372862899999994],[109.05526780000004,34.37285340000001],[109.05540740000004,34.37285250000002],[109.05551220000001,34.372856700000014],[109.05561340000003,34.37286410000001],[109.05571310000002,34.372880099999996],[109.05581029999998,34.372904499999976],[109.0559039,34.37293710000001],[109.05599289999999,34.37297739999997],[109.05607649999997,34.37302510000001],[109.05615369999997,34.37307959999998],[109.05622359999998,34.37314040000004],[109.05628559999997,34.37320680000003],[109.0563388,34.37327789999996],[109.05638290000002,34.37335309999997],[109.05641740000003,34.37343169999998],[109.05644200000002,34.37351270000003],[109.05645629999997,34.37359540000003],[109.05646030000003,34.37367890000001],[109.05645390000004,34.37376229999998],[109.05643719999998,34.373844699999964],[109.05641029999998,34.37392519999996],[109.05637350000003,34.374003],[109.05632730000004,34.37407740000003],[109.05627199999999,34.37414739999996],[109.05620839999997,34.3742123],[109.056137,34.37427160000002],[109.05605860000001,34.37432440000004],[109.05597410000003,34.374370400000025],[109.05588429999997,34.37440890000001],[109.0557902,34.37443969999999],[109.0556753,34.374472],[109.05552110000004,34.37450089999999],[109.05534879999999,34.37452290000003],[109.0552039,34.37453819999997],[109.0549915,34.37453360000003],[109.05465470000003,34.374565900000036],[109.05450159999997,34.37462150000002],[109.05096679999997,34.37499850000004],[109.05070450000004,34.37499620000003],[109.05036200000002,34.375032199999985],[109.05020620000002,34.37508129999996],[109.04703340000005,34.37542540000001],[109.04655589999997,34.37542450000002],[109.0457802,34.375506900000005]]],[[[109.0448473,34.37548729999998],[109.04467060000003,34.37563830000004],[109.04409459999998,34.37570460000002],[109.04395509999998,34.37572070000002],[109.0435185,34.37580929999998],[109.04231679999997,34.37595109999999],[109.04202890000003,34.37596680000004],[109.04172199999995,34.37600249999998],[109.0415228,34.37606139999996],[109.04122480000002,34.3761187],[109.04082850000002,34.37620830000004],[109.04054249999997,34.376313999999994],[109.03970690000003,34.376574899999994],[109.03912669999998,34.37674280000003],[109.0387299,34.37683840000004],[109.03863260000004,34.376861099999964],[109.03758360000002,34.37705339999997],[109.03712679999998,34.377105199999995],[109.03672009999998,34.374571200000034],[109.03719910000001,34.374527900000004],[109.03755819999996,34.374516799999974],[109.03787299999999,34.374483699999985],[109.03803389999997,34.374471300000025],[109.0384012,34.37448679999998],[109.03928319999996,34.37451750000003],[109.03949650000003,34.374548899999965],[109.03981379999999,34.37455349999999],[109.03998380000002,34.37452820000003],[109.040502,34.37451369999998],[109.04343170000001,34.37423969999996],[109.0436279,34.374232499999984],[109.04368510000002,34.37425149999996],[109.04371640000004,34.37426180000001],[109.04458079999998,34.374154600000026],[109.04465039999995,34.37425020000003],[109.0448473,34.37548729999998]]],[[[109.0278976,34.37746999999998],[109.02778789999999,34.377403599999994],[109.02765010000005,34.37657620000002],[109.02758279999998,34.376146800000015],[109.0276486,34.376075599999986],[109.02847589999998,34.37597449999997],[109.02884350000002,34.375904],[109.02896319999998,34.37588639999996],[109.02959429999997,34.37582810000002],[109.03027350000004,34.37576260000002],[109.03058389999995,34.37572610000002],[109.03071,34.37570690000003],[109.0309901,34.37566419999996],[109.03124030000001,34.37562310000003],[109.0314261,34.37558540000001],[109.03146600000002,34.37557649999999],[109.03167909999998,34.37552919999998],[109.03172170000005,34.37551890000002],[109.03205420000002,34.375438200000005],[109.03240989999996,34.37533169999998],[109.0331565,34.375108099999956],[109.0340249,34.37488370000004],[109.03450400000004,34.374780700000045],[109.03498290000005,34.37474200000004],[109.03525960000003,34.37469939999998],[109.0357123,34.374629799999994],[109.03611840000003,34.377227800000014],[109.0353559,34.37727510000002],[109.03496809999997,34.37732350000003],[109.03487000000003,34.37732909999996],[109.03426450000002,34.3773242],[109.03376540000004,34.377301599999996],[109.0331681,34.377257100000044],[109.03277660000002,34.377224900000044],[109.0321752,34.37717809999999],[109.03197890000001,34.377172100000024],[109.03190549999998,34.37716990000002],[109.03155630000003,34.3771697],[109.03090970000001,34.37716939999998],[109.0278976,34.37746999999998]]]]},"properties":{"osm_id":"17738441","code":7202,"fclass":"park","name":"西安奥体中央公园","RASTERVALU":84.6667,"Light_Rain":"0","Moderate":"1.32709433381689E-02","Heavy":"4.19738989471845","Storm":"20.4458115174304"}},
{"type":"Feature","geometry":{"type":"Polygon","coordinates":[[[108.93802359999998,34.369960900000045],[108.93670319999998,34.37254210000001],[108.93651460000001,34.37262400000004],[108.93488650000003,34.372328999999965],[108.93480710000003,34.37216509999999],[108.93502549999998,34.36998550000004],[108.93514459999999,34.369903600000015],[108.93788460000003,34.369895399999955],[108.93802359999998,34.369960900000045]]]},"properties":{"osm_id":"1029494318","code":7202,"fclass":"park","name":"","RASTERVALU":207.818,"Light_Rain":"0","Moderate":"0","Heavy":"0","Storm":"3.4227042604654"}},
{"type":"Feature","geometry":{"type":"Polygon","coordinates":[[[108.95022830000003,34.37081759999997],[108.95044520000003,34.37081889999998],[108.95059049999998,34.370834099999996],[108.95073570000001,34.37084930000001],[108.95087069999998,34.37087330000004],[108.95094530000003,34.37088720000004],[108.95161100000004,34.371823799999994],[108.94999750000004,34.37167820000003],[108.94998699999996,34.370797599999996],[108.95022830000003,34.37081759999997]]]},"properties":{"osm_id":"686265497","code":7202,"fclass":"park","name":"","RASTERVALU":5.18367,"Light_Rain":"2.42772884486127","Moderate":"12.9928759730824","Heavy":"32.4171377866554","Storm":"64.1419903570866"}},
{"type":"Feature","geometry":{"type":"Polygon","coordinates":[[[108.94493529999995,34.37294629999997],[108.94507389999997,34.37298900000004],[108.9452653,34.37459350000001],[108.9439342,34.37427400000004],[108.94376769999998,34.37418460000002],[108.94372650000004,34.37375989999996],[108.9437399,34.37298040000004],[108.94379940000003,34.37283440000004],[108.94393279999997,34.37281319999997],[108.94493529999995,34.37294629999997]]]},"properties":{"osm_id":"964170882","code":7202,"fclass":"park","name":"","RASTERVALU":207.818,"Light_Rain":"0","Moderate":"0","Heavy":"0","Storm":"3.4227042604654"}},
{"type":"Feature","geometry":{"type":"Polygon","coordinates":[[[108.9456014,34.375310500000005],[108.94434560000002,34.376103200000045],[108.94380179999996,34.37611849999998],[108.94379260000001,34.37497050000003],[108.94401219999996,34.374846299999966],[108.9456014,34.375310500000005]]]},"properties":{"osm_id":"686265955","code":7202,"fclass":"park","name":"","RASTERVALU":119.529,"Light_Rain":"0","Moderate":"0","Heavy":"1.48661668200985","Storm":"12.8283676013327"}},
{"type":"Feature","geometry":{"type":"Polygon","coordinates":[[[108.9318709,34.38204870000002],[108.93049239999999,34.38169150000004],[108.92613709999996,34.380410900000044],[108.92427240000005,34.37988360000002],[108.92424579999998,34.37980669999997],[108.92463200000005,34.37871839999998],[108.92523800000001,34.37950990000001],[108.925591,34.37986159999998],[108.92632350000002,34.38010350000001],[108.93025929999997,34.38125220000002],[108.93033950000004,34.3810759],[108.93051149999998,34.381150200000015],[108.93061820000001,34.38120820000002],[108.93082199999999,34.38133749999997],[108.93133579999997,34.380914300000036],[108.9322421,34.38122379999998],[108.9318709,34.38204870000002]]]},"properties":{"osm_id":"1029494321","code":7202,"fclass":"park","name":"","RASTERVALU":84.6667,"Light_Rain":"0","Moderate":"1.32709433381689E-02","Heavy":"4.19738989471845","Storm":"20.4458115174304"}},
{"type":"Feature","geometry":{"type":"Polygon","coordinates":[[[108.93548220000002,34.3817769],[108.93558439999995,34.38178839999998],[108.93552029999998,34.38194089999998],[108.93439040000001,34.381657100000034],[108.93440340000002,34.3816331],[108.93248549999997,34.38116459999996],[108.93245449999998,34.381143399999985],[108.93243570000003,34.381113600000006],[108.93243040000003,34.381077],[108.93244240000004,34.38102099999998],[108.93265020000001,34.380490499999965],[108.93270110000005,34.38043210000002],[108.93273730000001,34.38041969999997],[108.93279999999997,34.38041869999998],[108.93281209999999,34.38036589999996],[108.93287749999999,34.38022590000001],[108.93368019999997,34.380429100000036],[108.9337235,34.380315499999966],[108.93495000000004,34.38060029999999],[108.93491670000004,34.38069689999999],[108.93506660000001,34.380728699999956],[108.93511019999998,34.38078919999999],[108.9352747,34.38083370000003],[108.93528749999999,34.38079260000001],[108.93546830000003,34.38083280000004],[108.93550130000001,34.38074460000003],[108.93583120000004,34.38082930000002],[108.93548220000002,34.3817769]]]},"properties":{"osm_id":"879042496","code":7202,"fclass":"park","name":"西安北站北广场","RASTERVALU":119.529,"Light_Rain":"0","Moderate":"0","Heavy":"1.48661668200985","Storm":"12.8283676013327"}},
{"type":"Feature","geometry":{"type":"Polygon","coordinates":[[[108.93139809999997,34.382532800000014],[108.93149130000005,34.38268660000004],[108.9309852,34.3837199],[108.93025540000001,34.38294539999996],[108.92953469999998,34.382416499999984],[108.92864799999998,34.3819604],[108.92704280000004,34.381406099999964],[108.92709599999999,34.381285099999985],[108.93139809999997,34.382532800000014]]]},"properties":{"osm_id":"1029494320","code":7202,"fclass":"park","name":"","RASTERVALU":84.6667,"Light_Rain":"0","Moderate":"1.32709433381689E-02","Heavy":"4.19738989471845","Storm":"20.4458115174304"}},
{"type":"Feature","geometry":{"type":"Polygon","coordinates":[[[109.01409960000002,34.37762129999998],[109.0136732,34.37752080000001],[109.01292210000003,34.3772276],[109.01207970000004,34.37551859999999],[109.01310479999995,34.37530919999999],[109.01419090000002,34.37519189999996],[109.01409960000002,34.37762129999998]]]},"properties":{"osm_id":"1091085202","code":7202,"fclass":"park","name":"","RASTERVALU":84.6667,"Light_Rain":"0","Moderate":"1.32709433381689E-02","Heavy":"4.19738989471845","Storm":"20.4458115174304"}},
{"type":"Feature","geometry":{"type":"Polygon","coordinates":[[[109.21860039999999,34.378520899999984],[109.21872220000002,34.37870300000004],[109.21868160000004,34.37902510000004],[109.21859550000002,34.37931499999996],[109.21844610000001,34.37962910000002],[109.21831039999996,34.37987459999999],[109.21810759999997,34.380189300000005],[109.21785600000003,34.38049320000001],[109.21778759999997,34.38053180000001],[109.21773130000001,34.380539600000034],[109.21769119999998,34.38051260000002],[109.21765090000002,34.3804533],[109.2158719,34.37714159999999],[109.21587550000002,34.37708659999997],[109.21590640000001,34.3770688],[109.2159589,34.37706380000004],[109.21860039999999,34.378520899999984]]]},"properties":{"osm_id":"289884562","code":7202,"fclass":"park","name":"唐韵园中心广场","RASTERVALU":5.18367,"Light_Rain":"2.42772884486127","Moderate":"12.9928759730824","Heavy":"32.4171377866554","Storm":"64.1419903570866"}},
{"type":"Feature","geometry":{"type":"Polygon","coordinates":[[[109.00274529999999,34.377026900000004],[109.00289969999997,34.37704430000002],[109.00299729999996,34.377071100000016],[109.00312089999997,34.377142300000045],[109.00317290000001,34.37723760000003],[109.00317290000001,34.377338200000004],[109.0030998,34.37757179999997],[109.00294279999999,34.378008],[109.00283879999999,34.37840789999996],[109.0028323,34.37882669999997],[109.00290060000005,34.379239999999974],[109.00303389999998,34.379602400000024],[109.00319980000002,34.37991649999999],[109.00337539999998,34.38017680000004],[109.00344699999995,34.380313699999995],[109.00347619999998,34.38062240000004],[109.00345999999996,34.38096870000001],[109.00113450000002,34.38097669999996],[109.0008873,34.380815699999964],[109.00026239999998,34.37733789999998],[109.00259729999999,34.37701340000004],[109.00274529999999,34.377026900000004]]]},"properties":{"osm_id":"1295586265","code":7202,"fclass":"park","name":"","RASTERVALU":44.8235,"Light_Rain":"0","Moderate":"1.51575301399969","Heavy":"11.4143285995513","Storm":"35.191290310021"}},
{"type":"Feature","geometry":{"type":"Polygon","coordinates":[[[109.00031340000002,34.38092199999996],[108.9927913,34.382044700000044],[108.99211770000004,34.37843929999998],[108.99952799999997,34.377445199999976],[109.00031340000002,34.38092199999996]]]},"properties":{"osm_id":"1209021930","code":7202,"fclass":"park","name":"","RASTERVALU":84.6667,"Light_Rain":"0","Moderate":"1.32709433381689E-02","Heavy":"4.19738989471845","Storm":"20.4458115174304"}},
{"type":"Feature","geometry":{"type":"Polygon","coordinates":[[[109.01386609999997,34.381248599999985],[109.01370370000004,34.38137419999999],[109.01254659999995,34.38137419999999],[109.01207970000004,34.381248599999985],[109.01293229999997,34.37958989999997],[109.01401830000005,34.3788109],[109.01386609999997,34.381248599999985]]]},"properties":{"osm_id":"1091085201","code":7202,"fclass":"park","name":"","RASTERVALU":84.6667,"Light_Rain":"0","Moderate":"1.32709433381689E-02","Heavy":"4.19738989471845","Storm":"20.4458115174304"}},
{"type":"Feature","geometry":{"type":"Polygon","coordinates":[[[109.25963260000003,34.38639110000004],[109.25963580000003,34.386449800000015],[109.25963939999997,34.386517099999985],[109.25966199999998,34.38845799999999],[109.25982380000004,34.39382220000001],[109.24889629999997,34.3940733],[109.24860390000002,34.38407039999996],[109.24829700000004,34.374004],[109.25929550000002,34.37379659999998],[109.25963260000003,34.38639110000004]]]},"properties":{"osm_id":"378143131","code":7202,"fclass":"park","name":"秦始皇帝陵博物院丽山园","RASTERVALU":5.18367,"Light_Rain":"2.42772884486127","Moderate":"12.9928759730824","Heavy":"32.4171377866554","Storm":"64.1419903570866"}},
{"type":"Feature","geometry":{"type":"Polygon","coordinates":[[[109.27938559999997,34.38988139999999],[109.27938940000001,34.39136540000003],[109.27616319999998,34.39053550000003],[109.27599750000003,34.38650690000003],[109.27065600000003,34.386603899999976],[109.27070320000003,34.38316610000001],[109.27140009999997,34.38316190000002],[109.27138580000002,34.38331350000004],[109.27586909999998,34.38316119999996],[109.2787129,34.38306630000002],[109.27902059999997,34.38321829999998],[109.27914570000002,34.38335510000002],[109.279182,34.384022399999985],[109.27919530000004,34.38470360000004],[109.2792046,34.38495700000004],[109.27938559999997,34.38988139999999]]]},"properties":{"osm_id":"71235670","code":7202,"fclass":"park","name":"秦始皇兵马俑博物馆","RASTERVALU":5.18367,"Light_Rain":"2.42772884486127","Moderate":"12.9928759730824","Heavy":"32.4171377866554","Storm":"64.1419903570866"}},
{"type":"Feature","geometry":{"type":"Polygon","coordinates":[[[109.20740690000002,34.38926970000001],[109.20727309999997,34.389347499999964],[109.20506859999999,34.386670699999996],[109.20394280000001,34.38541569999998],[109.20414319999999,34.38523040000002],[109.20419039999999,34.385237800000006],[109.20530369999999,34.3864164],[109.20640980000003,34.38776830000004],[109.20647649999995,34.38777570000003],[109.20706320000001,34.38738009999998],[109.20827020000004,34.38879489999998],[109.20740690000002,34.38926970000001]]]},"properties":{"osm_id":"1229272370","code":7202,"fclass":"park","name":"","RASTERVALU":207.818,"Light_Rain":"0","Moderate":"0","Heavy":"0","Storm":"3.4227042604654"}},
{"type":"Feature","geometry":{"type":"Polygon","coordinates":[[[109.20809270000001,34.386990199999964],[109.20850410000003,34.38743840000001],[109.20851490000004,34.38747859999996],[109.20848959999998,34.38753369999999],[109.20789779999996,34.387967000000046],[109.2078617,34.38797139999997],[109.20781659999999,34.387932699999965],[109.20740409999996,34.387447200000025],[109.20738900000005,34.38742050000004],[109.20740050000002,34.38739800000004],[109.20800610000003,34.38698269999996],[109.208053,34.38697680000001],[109.20809270000001,34.386990199999964]]]},"properties":{"osm_id":"1229272369","code":7202,"fclass":"park","name":"","RASTERVALU":5.18367,"Light_Rain":"2.42772884486127","Moderate":"12.9928759730824","Heavy":"32.4171377866554","Storm":"64.1419903570866"}},
{"type":"Feature","geometry":{"type":"Polygon","coordinates":[[[109.06247780000001,34.388717799999995],[109.06098209999998,34.388919100000045],[109.06070570000001,34.38752140000004],[109.06220169999999,34.38731999999998],[109.06247780000001,34.388717799999995]]]},"properties":{"osm_id":"1091085149","code":7202,"fclass":"park","name":"","RASTERVALU":119.529,"Light_Rain":"0","Moderate":"0","Heavy":"1.48661668200985","Storm":"12.8283676013327"}},
{"type":"Feature","geometry":{"type":"Polygon","coordinates":[[[108.94327220000002,34.38539170000004],[108.94138969999996,34.38944380000002],[108.94088610000004,34.390527900000016],[108.93982179999999,34.3896024],[108.93647449999997,34.386220200000025],[108.93471490000005,34.384290000000014],[108.93336660000004,34.38406629999998],[108.9319008,34.382988200000035],[108.9319803,34.382800799999984],[108.93211309999998,34.382723399999975],[108.93336359999996,34.38298529999997],[108.93370790000003,34.38309320000002],[108.93696680000002,34.3838626],[108.94013919999996,34.38467599999998],[108.94069260000002,34.3849296],[108.94120480000002,34.38504959999998],[108.94145160000002,34.38502860000002],[108.94327220000002,34.38539170000004]]]},"properties":{"osm_id":"365313395","code":7202,"fclass":"park","name":"文景山公园","RASTERVALU":84.6667,"Light_Rain":"0","Moderate":"1.32709433381689E-02","Heavy":"4.19738989471845","Storm":"20.4458115174304"}},
{"type":"Feature","geometry":{"type":"Polygon","coordinates":[[[108.9481625,34.389130500000036],[108.94764130000003,34.38998160000003],[108.94727710000001,34.389874499999955],[108.94918910000003,34.386967599999956],[108.94937790000002,34.38687700000001],[108.95222830000004,34.387654100000006],[108.95210829999998,34.38787100000001],[108.9494239,34.387072899999964],[108.9481625,34.389130500000036]]]},"properties":{"osm_id":"1206214136","code":7202,"fclass":"park","name":"","RASTERVALU":44.8235,"Light_Rain":"0","Moderate":"1.51575301399969","Heavy":"11.4143285995513","Storm":"35.191290310021"}},
{"type":"Feature","geometry":{"type":"Polygon","coordinates":[[[108.9474864,34.3902346],[108.94682489999998,34.39131470000002],[108.9464784,34.391150500000016],[108.94715470000001,34.390106100000025],[108.9474864,34.3902346]]]},"properties":{"osm_id":"1206214135","code":7202,"fclass":"park","name":"","RASTERVALU":5.18367,"Light_Rain":"2.42772884486127","Moderate":"12.9928759730824","Heavy":"32.4171377866554","Storm":"64.1419903570866"}},
{"type":"Feature","geometry":{"type":"Polygon","coordinates":[[[109.28237829999996,34.3888241],[109.28168770000002,34.38883390000001],[109.28167949999997,34.38843990000001],[109.28236999999999,34.388430099999994],[109.28237829999996,34.3888241]]]},"properties":{"osm_id":"361239028","code":7202,"fclass":"park","name":"","RASTERVALU":5.18367,"Light_Rain":"2.42772884486127","Moderate":"12.9928759730824","Heavy":"32.4171377866554","Storm":"64.1419903570866"}},
{"type":"Feature","geometry":{"type":"Polygon","coordinates":[[[109.03970340000001,34.392617499999986],[109.03940750000004,34.39267109999998],[109.03856649999999,34.385449099999995],[109.0388973,34.385431500000045],[109.03970340000001,34.392617499999986]]]},"properties":{"osm_id":"1213510524","code":7202,"fclass":"park","name":"","RASTERVALU":119.529,"Light_Rain":"0","Moderate":"0","Heavy":"1.48661668200985","Storm":"12.8283676013327"}},
{"type":"Feature","geometry":{"type":"Polygon","coordinates":[[[109.20862379999998,34.38960939999996],[109.2080368,34.389962899999986],[109.20799410000002,34.38995529999998],[109.20796620000002,34.38992160000004],[109.20801489999997,34.38989409999998],[109.20782550000001,34.389665599999994],[109.20778260000002,34.38968980000004],[109.20776250000004,34.389665499999985],[109.20773469999996,34.38967220000001],[109.20741809999997,34.38928940000004],[109.20740690000002,34.38926970000001],[109.20827020000004,34.38879489999998],[109.20832429999999,34.38915820000002],[109.20833880000004,34.3892535],[109.20837310000003,34.38931300000004],[109.20862379999998,34.38960939999996]]]},"properties":{"osm_id":"1208797975","code":7202,"fclass":"park","name":"临潼站站前广场","RASTERVALU":5.18367,"Light_Rain":"2.42772884486127","Moderate":"12.9928759730824","Heavy":"32.4171377866554","Storm":"64.1419903570866"}},
{"type":"Feature","geometry":{"type":"Polygon","coordinates":[[[109.20862379999998,34.38960939999996],[109.20905250000001,34.38982949999996],[109.20918240000002,34.38997100000004],[109.2092004,34.390070700000024],[109.20951979999995,34.39069609999999],[109.20878830000001,34.39110939999999],[109.20849149999997,34.39074690000002],[109.20868460000004,34.39063149999998],[109.20838869999999,34.39029649999997],[109.2083481,34.39030319999999],[109.20829490000004,34.390265200000044],[109.20827499999999,34.39027560000002],[109.20803500000002,34.390007599999954],[109.2080368,34.389962899999986],[109.20862379999998,34.38960939999996]]]},"properties":{"osm_id":"1229272374","code":7202,"fclass":"park","name":"","RASTERVALU":207.818,"Light_Rain":"0","Moderate":"0","Heavy":"0","Storm":"3.4227042604654"}},
{"type":"Feature","geometry":{"type":"Polygon","coordinates":[[[109.03809230000002,34.392464400000016],[109.0384518,34.3964081],[109.03836759999997,34.3964692],[109.03814439999998,34.396425199999996],[109.03773190000004,34.3923118],[109.03698350000002,34.38593880000001],[109.0372828,34.38591870000003],[109.03809230000002,34.392464400000016]]]},"properties":{"osm_id":"1213510522","code":7202,"fclass":"park","name":"","RASTERVALU":84.6667,"Light_Rain":"0","Moderate":"1.32709433381689E-02","Heavy":"4.19738989471845","Storm":"20.4458115174304"}},
{"type":"Feature","geometry":{"type":"Polygon","coordinates":[[[109.1453837,34.39600380000004],[109.14325840000001,34.39619060000004],[109.1432207,34.395940100000004],[109.14296679999995,34.39596700000001],[109.14298910000002,34.396182099999955],[109.14185189999999,34.39611000000003],[109.141634,34.39398470000004],[109.14147530000001,34.39400309999996],[109.14138699999998,34.39349290000003],[109.14218810000001,34.3933004],[109.14208340000005,34.39286720000004],[109.14195310000001,34.392880000000034],[109.14177979999998,34.391056799999994],[109.14399600000003,34.391085200000035],[109.14401320000003,34.39180420000002],[109.14528760000005,34.39180560000004],[109.14570270000002,34.39452049999996],[109.14524819999998,34.39455729999999],[109.1453837,34.39600380000004]]]},"properties":{"osm_id":"1047648416","code":7202,"fclass":"park","name":"鸣犊泉公园","RASTERVALU":207.818,"Light_Rain":"0","Moderate":"0","Heavy":"0","Storm":"3.4227042604654"}},
{"type":"Feature","geometry":{"type":"Polygon","coordinates":[[[109.27911140000002,34.39822700000004],[109.27833059999999,34.39822389999996],[109.27828199999996,34.39683049999996],[109.27808769999996,34.396824399999986],[109.278013,34.39355039999999],[109.27448260000001,34.3936944],[109.27439380000004,34.39038510000002],[109.27871450000005,34.39147590000003],[109.27885519999997,34.39167829999999],[109.27892729999998,34.39188060000003],[109.27911140000002,34.39822700000004]]]},"properties":{"osm_id":"1289729775","code":7202,"fclass":"park","name":"","RASTERVALU":84.6667,"Light_Rain":"0","Moderate":"1.32709433381689E-02","Heavy":"4.19738989471845","Storm":"20.4458115174304"}},
{"type":"Feature","geometry":{"type":"Polygon","coordinates":[[[109.04005170000005,34.39649650000003],[109.04004869999997,34.396726799999996],[109.03975740000003,34.39667169999996],[109.0397088,34.3965766],[109.0394812,34.39342149999998],[109.03961169999997,34.393283799999956],[109.03979979999998,34.39327129999999],[109.04005170000005,34.39649650000003]]]},"properties":{"osm_id":"1213510523","code":7202,"fclass":"park","name":"","RASTERVALU":119.529,"Light_Rain":"0","Moderate":"0","Heavy":"1.48661668200985","Storm":"12.8283676013327"}},
{"type":"Feature","geometry":{"type":"Polygon","coordinates":[[[109.03579500000001,34.396697599999975],[109.0356533,34.397333199999984],[109.03076500000002,34.39676429999999],[109.03074089999998,34.39618119999997],[109.03108109999998,34.39602640000004],[109.03579500000001,34.396697599999975]]]},"properties":{"osm_id":"879228528","code":7202,"fclass":"park","name":"","RASTERVALU":84.6667,"Light_Rain":"0","Moderate":"1.32709433381689E-02","Heavy":"4.19738989471845","Storm":"20.4458115174304"}},
{"type":"Feature","geometry":{"type":"Polygon","coordinates":[[[109.03820559999997,34.39709349999996],[109.03813689999997,34.39751490000001],[109.03800279999999,34.3974976],[109.03803970000001,34.397318800000036],[109.03642809999998,34.397061699999995],[109.03648039999996,34.396824399999986],[109.03820559999997,34.39709349999996]]]},"properties":{"osm_id":"1213510527","code":7202,"fclass":"park","name":"","RASTERVALU":5.18367,"Light_Rain":"2.42772884486127","Moderate":"12.9928759730824","Heavy":"32.4171377866554","Storm":"64.1419903570866"}},
{"type":"Feature","geometry":{"type":"Polygon","coordinates":[[[108.94641239999996,34.39171080000001],[108.94548309999999,34.393238300000014],[108.94517960000002,34.39312570000002],[108.94616200000003,34.391639100000035],[108.94641239999996,34.39171080000001]]]},"properties":{"osm_id":"1206214134","code":7202,"fclass":"park","name":"","RASTERVALU":119.529,"Light_Rain":"0","Moderate":"0","Heavy":"1.48661668200985","Storm":"12.8283676013327"}},
{"type":"Feature","geometry":{"type":"Polygon","coordinates":[[[108.94511960000003,34.39337890000001],[108.94534730000004,34.3934614],[108.94435230000003,34.39509670000003],[108.94412189999998,34.39487159999997],[108.94503810000003,34.393400199999995],[108.94507030000003,34.39337890000001],[108.94511960000003,34.39337890000001]]]},"properties":{"osm_id":"1206214133","code":7202,"fclass":"park","name":"","RASTERVALU":207.818,"Light_Rain":"0","Moderate":"0","Heavy":"0","Storm":"3.4227042604654"}},
{"type":"Feature","geometry":{"type":"Polygon","coordinates":[[[109.04005170000005,34.39649650000003],[109.0437642,34.39703449999996],[109.04826230000002,34.39770810000001],[109.04833320000003,34.39772010000002],[109.04836210000002,34.39786459999999],[109.04830440000005,34.39794049999996],[109.04004869999997,34.396726799999996],[109.04005170000005,34.39649650000003]]]},"properties":{"osm_id":"1213510525","code":7202,"fclass":"park","name":"","RASTERVALU":119.529,"Light_Rain":"0","Moderate":"0","Heavy":"1.48661668200985","Storm":"12.8283676013327"}},
{"type":"Feature","geometry":{"type":"Polygon","coordinates":[[[109.05418299999998,34.398599500000046],[109.05422200000001,34.39874100000003],[109.05411270000003,34.398816100000026],[109.05138160000001,34.398440500000035],[109.04911169999995,34.39809490000004],[109.0489479,34.398004800000045],[109.04887679999997,34.39780070000003],[109.05418299999998,34.398599500000046]]]},"properties":{"osm_id":"1213510526","code":7202,"fclass":"park","name":"","RASTERVALU":119.529,"Light_Rain":"0","Moderate":"0","Heavy":"1.48661668200985","Storm":"12.8283676013327"}},
{"type":"Feature","geometry":{"type":"Polygon","coordinates":[[[109.06729509999998,34.40113289999996],[109.06716749999998,34.40181510000001],[109.0676625,34.401882499999985],[109.06759620000003,34.40259409999998],[109.0674168,34.403132600000035],[109.06297420000004,34.404098999999974],[109.06296479999997,34.40304509999999],[109.05958139999998,34.40253839999999],[109.0596536,34.40228540000002],[109.05638769999997,34.401713699999966],[109.05659340000003,34.400909699999964],[109.05327110000003,34.40035110000002],[109.05316810000004,34.40155369999996],[109.03929990000002,34.39939340000001],[109.03916719999995,34.39925449999997],[109.03956520000003,34.39742690000001],[109.03968259999996,34.39731740000001],[109.06729509999998,34.40113289999996]]]},"properties":{"osm_id":"1213510521","code":7202,"fclass":"park","name":"","RASTERVALU":5.18367,"Light_Rain":"2.42772884486127","Moderate":"12.9928759730824","Heavy":"32.4171377866554","Storm":"64.1419903570866"}},
{"type":"Feature","geometry":{"type":"Polygon","coordinates":[[[108.96722220000004,34.40903349999996],[108.96772860000002,34.407396000000006],[108.96737880000003,34.40707200000002],[108.9660119,34.40651080000004],[108.965924,34.40644710000001],[108.96571409999996,34.40597769999999],[108.96290470000004,34.40388749999997],[108.9628001,34.40367760000001],[108.96358320000004,34.40062710000003],[108.96366619999998,34.40028020000002],[108.96377979999997,34.39944200000003],[108.9640325,34.39806629999998],[108.96435539999999,34.39684100000003],[108.96473979999999,34.39569010000002],[108.96524260000002,34.39443909999998],[108.96594089999998,34.3945746],[108.96536310000005,34.396971399999984],[108.96483980000001,34.39684930000001],[108.96447779999998,34.398222799999964],[108.96448609999996,34.398350100000016],[108.96461059999996,34.398478100000034],[108.96498050000001,34.39866130000001],[108.96495339999998,34.399657299999994],[108.96496970000001,34.40006220000001],[108.96502920000005,34.40054609999999],[108.96521870000001,34.40154810000003],[108.96534680000003,34.401984299999974],[108.96545500000002,34.402243299999995],[108.9660119,34.40349379999999],[108.96647109999998,34.404170099999995],[108.96668139999997,34.4042303],[108.96659139999998,34.40578779999999],[108.96677179999999,34.40587559999997],[108.96704610000003,34.40595450000002],[108.96715069999999,34.4054841],[108.96717959999998,34.405103],[108.96807960000001,34.40610480000002],[108.96932849999996,34.40717239999998],[108.96926490000003,34.40755530000004],[108.96905680000005,34.408520100000025],[108.96880999999996,34.408339500000004],[108.96722220000004,34.40903349999996]]]},"properties":{"osm_id":"1276080321","code":7202,"fclass":"park","name":"幸福河生态公园","RASTERVALU":207.818,"Light_Rain":"0","Moderate":"0","Heavy":"0","Storm":"3.4227042604654"}},
{"type":"Feature","geometry":{"type":"Polygon","coordinates":[[[108.9847051,34.401813799999985],[108.9837786,34.40791140000002],[108.97626680000002,34.406755599999954],[108.97615650000003,34.406591799999994],[108.97682940000003,34.4000664],[108.9770169,34.399957100000016],[108.9847051,34.401813799999985]]]},"properties":{"osm_id":"250711043","code":7202,"fclass":"park","name":"未央湖游乐园","RASTERVALU":5.18367,"Light_Rain":"2.42772884486127","Moderate":"12.9928759730824","Heavy":"32.4171377866554","Storm":"64.1419903570866"}},
{"type":"Feature","geometry":{"type":"Polygon","coordinates":[[[109.07781870000002,34.40408800000004],[109.07751940000004,34.40472350000004],[109.07677789999997,34.40618599999999],[109.07373000000003,34.40608719999999],[109.07312570000003,34.406072999999964],[109.07243970000003,34.405972600000005],[109.07189179999999,34.40584749999996],[109.0713133,34.4055539],[109.0706027,34.40497350000003],[109.07012359999997,34.40439549999999],[109.07001289999997,34.40384799999999],[109.07015960000003,34.40278360000003],[109.07781870000002,34.40408800000004]]]},"properties":{"osm_id":"405317158","code":7202,"fclass":"park","name":"","RASTERVALU":84.6667,"Light_Rain":"0","Moderate":"1.32709433381689E-02","Heavy":"4.19738989471845","Storm":"20.4458115174304"}},
{"type":"Feature","geometry":{"type":"Polygon","coordinates":[[[109.01069040000003,34.409604799999975],[109.01068420000004,34.41136419999998],[109.00997609999999,34.41131819999999],[109.01004029999997,34.40956059999996],[109.01069040000003,34.409604799999975]]]},"properties":{"osm_id":"1272674521","code":7202,"fclass":"park","name":"","RASTERVALU":119.529,"Light_Rain":"0","Moderate":"0","Heavy":"1.48661668200985","Storm":"12.8283676013327"}},
{"type":"Feature","geometry":{"type":"Polygon","coordinates":[[[109.01696199999998,34.40949470000002],[109.01650589999998,34.41066099999997],[109.0158244,34.411928899999985],[109.01419129999996,34.41190240000001],[109.01415350000003,34.410953400000004],[109.01384869894791,34.41012473410064],[109.01367570000002,34.409654399999994],[109.01392576995526,34.40961109792376],[109.01502070000002,34.4094215],[109.01552899999999,34.4093335],[109.01696199999998,34.40949470000002]]]},"properties":{"osm_id":"293712352","code":7202,"fclass":"park","name":"","RASTERVALU":207.818,"Light_Rain":"0","Moderate":"0","Heavy":"0","Storm":"3.4227042604654"}},
{"type":"Feature","geometry":{"type":"Polygon","coordinates":[[[109.01084730000004,34.41486750000003],[109.01031519999998,34.414849799999985],[109.01026149999997,34.41482499999998],[109.01023149999997,34.41479320000001],[109.01001899999999,34.41226880000004],[109.01008559999998,34.412136099999984],[109.01013709999998,34.412061700000045],[109.01023579999998,34.41201039999998],[109.01066489999995,34.41199979999999],[109.01084730000004,34.41486750000003]]]},"properties":{"osm_id":"1272674522","code":7202,"fclass":"park","name":"","RASTERVALU":5.18367,"Light_Rain":"2.42772884486127","Moderate":"12.9928759730824","Heavy":"32.4171377866554","Storm":"64.1419903570866"}},
{"type":"Feature","geometry":{"type":"Polygon","coordinates":[[[109.01089760000002,34.415040999999995],[109.01158509999998,34.41811690000004],[109.01106730000004,34.418136200000035],[109.0110186,34.418105000000025],[109.01028949999998,34.41510199999998],[109.0103391,34.41503500000003],[109.01089760000002,34.415040999999995]]]},"properties":{"osm_id":"1272674520","code":7202,"fclass":"park","name":"","RASTERVALU":5.18367,"Light_Rain":"2.42772884486127","Moderate":"12.9928759730824","Heavy":"32.4171377866554","Storm":"64.1419903570866"}},
{"type":"Feature","geometry":{"type":"Polygon","coordinates":[[[108.96647419999996,34.417461599999996],[108.96741869999995,34.41829400000003],[108.96698270000003,34.420009300000025],[108.96421559999996,34.41857740000003],[108.9610515,34.41573500000004],[108.96012049999997,34.414903099999954],[108.96158190000001,34.413354800000015],[108.96647419999996,34.417461599999996]]]},"properties":{"osm_id":"293553221","code":7202,"fclass":"park","name":"","RASTERVALU":5.18367,"Light_Rain":"2.42772884486127","Moderate":"12.9928759730824","Heavy":"32.4171377866554","Storm":"64.1419903570866"}},
{"type":"Feature","geometry":{"type":"Polygon","coordinates":[[[108.96817999999998,34.41862089999999],[108.9686579,34.418722699999975],[108.9689597,34.41885000000003],[108.9705785,34.41936469999998],[108.97158,34.41966969999999],[108.97196040000004,34.419778600000036],[108.97196040000004,34.420107699999996],[108.97189050000003,34.421904900000015],[108.9705076,34.421266899999985],[108.97014370000001,34.42112360000003],[108.96849490000001,34.42049030000003],[108.96778739999999,34.42027899999996],[108.96812800000002,34.41860979999996],[108.96817999999998,34.41862089999999]]]},"properties":{"osm_id":"13438079","code":7202,"fclass":"park","name":"","RASTERVALU":207.818,"Light_Rain":"0","Moderate":"0","Heavy":"0","Storm":"3.4227042604654"}},
{"type":"Feature","geometry":{"type":"Polygon","coordinates":[[[109.00487609999999,34.41172350000004],[109.00585599999997,34.42076600000002],[109.0064071,34.425851699999996],[109.0084499,34.430062899999996],[109.00923280000004,34.431316199999955],[109.00927,34.431797099999955],[109.00906410000002,34.432106000000026],[109.00874510000001,34.432159800000036],[109.00736749999997,34.43200210000004],[109.00465609999999,34.431583500000045],[109.00387000000005,34.43148939999999],[108.99883229999996,34.42616709999998],[108.99538669999998,34.425669199999994],[108.99420990000004,34.425237800000005],[108.99340660000001,34.42474469999997],[108.99017309999999,34.422364999999985],[108.99287609999999,34.41787940000001],[108.99347130000004,34.41729240000003],[108.99527910000005,34.41592949999997],[108.9974577,34.413956699999986],[108.9983132,34.41296139999997],[108.9990194,34.41196500000004],[108.99941270000002,34.41113710000002],[108.99959249999998,34.411018499999976],[109.00487609999999,34.41172350000004]]]},"properties":{"osm_id":"13957684","code":7202,"fclass":"park","name":"灞湿地公园","RASTERVALU":84.6667,"Light_Rain":"0","Moderate":"1.32709433381689E-02","Heavy":"4.19738989471845","Storm":"20.4458115174304"}},
{"type":"Feature","geometry":{"type":"Polygon","coordinates":[[[109.02708549999996,34.4324482],[109.02788659999999,34.432515800000004],[109.02841149999998,34.43254630000004],[109.03240919999999,34.43274409999997],[109.03245609999996,34.4334078],[109.03036670000002,34.43325309999999],[109.02846849999999,34.43320840000002],[109.026794,34.433154800000025],[109.02613720000001,34.433122099999984],[109.0250871,34.4329108],[109.02492469999996,34.43285720000001],[109.02489710248582,34.43284353192755],[109.02474520000003,34.43276830000002],[109.02342070000005,34.432389899999976],[109.02329060000002,34.43241090000003],[109.02239999999996,34.432187800000044],[109.02177739999996,34.43196259999997],[109.02121860000001,34.43174369999998],[109.02058320000002,34.43143219999996],[109.01926390000001,34.43066399999999],[109.01844740000004,34.430116800000015],[109.01809520000003,34.429834800000044],[109.01747770000001,34.42930230000004],[109.01702089999996,34.42879919999998],[109.01575229999999,34.4272258],[109.01440049999995,34.42540100000001],[109.01417949999997,34.42510009999998],[109.01380389999997,34.42462750000004],[109.01296070000002,34.42376019999996],[109.01284050000002,34.42360620000001],[109.01268600000003,34.42336019999999],[109.01209220000001,34.422215200000025],[109.01193130000003,34.42184480000002],[109.01180690000004,34.421466800000005],[109.01108240000003,34.418483499999994],[109.01105709999999,34.41838820000001],[109.01107519999998,34.41832270000001],[109.01115999999998,34.41830790000003],[109.01198290000004,34.41827440000001],[109.01283740000004,34.42134700000004],[109.01347260000001,34.42285500000003],[109.01352410000001,34.42317720000004],[109.0137859,34.423527699999994],[109.01457120000005,34.4244799],[109.01485880000004,34.42493300000001],[109.01488020000004,34.42511360000003],[109.01500900000003,34.42527990000002],[109.01517630000002,34.42539319999998],[109.01589729999999,34.426203900000004],[109.01636079999997,34.42679499999997],[109.01697640000002,34.427660000000046],[109.01889820000004,34.426861599999974],[109.01894980000004,34.42714939999998],[109.0191349,34.427575000000026],[109.0196083,34.42826830000001],[109.02002400000002,34.42875890000002],[109.0205369,34.429302000000014],[109.02114380000003,34.42985270000001],[109.0216779,34.43026569999999],[109.0222393,34.430681199999995],[109.0229221,34.4310666],[109.02359570000004,34.43143960000004],[109.02431800000004,34.431757400000045],[109.02457247819322,34.431843004119216],[109.02525559999998,34.43207280000003],[109.02622669999995,34.432270500000044],[109.02708549999996,34.4324482]]]},"properties":{"osm_id":"1272674519","code":7202,"fclass":"park","name":"","RASTERVALU":84.6667,"Light_Rain":"0","Moderate":"1.32709433381689E-02","Heavy":"4.19738989471845","Storm":"20.4458115174304"}},
{"type":"Feature","geometry":{"type":"Polygon","coordinates":[[[108.99770810000003,34.427652699999975],[108.99884539999998,34.428271899999956],[108.99974120000003,34.42896009999997],[109.0002991,34.42965029999996],[109.0006425,34.43080070000003],[109.00082110000002,34.43110589999996],[108.98977159999998,34.42902410000002],[108.98971879999998,34.42881030000001],[108.99635839999999,34.42725830000003],[108.99770810000003,34.427652699999975]]]},"properties":{"osm_id":"293553219","code":7202,"fclass":"park","name":"","RASTERVALU":84.6667,"Light_Rain":"0","Moderate":"1.32709433381689E-02","Heavy":"4.19738989471845","Storm":"20.4458115174304"}},
{"type":"Feature","geometry":{"type":"Polygon","coordinates":[[[109.07066730000001,34.450365699999956],[109.06779873825658,34.45352737395736],[109.06655889999999,34.45489389999999],[109.06605880000001,34.45522629999996],[109.06453280000004,34.455032800000026],[109.06236889999997,34.45329900000001],[109.06117979999999,34.452835999999984],[109.06068990000004,34.452714000000014],[109.06009280000002,34.45228820000004],[109.05896409999998,34.451966200000044],[109.05752649999997,34.45156279999998],[109.0544752,34.45080900000004],[109.04699929999997,34.44749300000004],[109.04436,34.44627909999996],[109.04117999999997,34.445040499999976],[109.03554090000003,34.44184809999998],[109.03359690000003,34.44096330000004],[109.02935259999995,34.43946970000001],[109.02782050000002,34.43916889999999],[109.024207,34.437675300000045],[109.02369306760016,34.43751091331702],[109.02357610000003,34.437473500000046],[109.02298389999996,34.43732840000003],[109.02217279999999,34.43705590000004],[109.02145180000002,34.43669840000004],[109.02121150000004,34.43634439999997],[109.02108279999996,34.43597990000001],[109.02101839999996,34.435594099999975],[109.02109559999995,34.43538880000004],[109.02130590000003,34.435233000000025],[109.02167500000002,34.43522599999998],[109.02228439999999,34.435229500000005],[109.02270929999997,34.435027700000006],[109.02279440000001,34.434715899999965],[109.02266170000004,34.43432439999999],[109.02248819999998,34.43346569999999],[109.02482340000002,34.4336719],[109.02518041458379,34.4337167310038],[109.02683420000004,34.43392440000002],[109.03026380000003,34.43397070000003],[109.03565309999999,34.43438319999997],[109.03841919999998,34.43477050000004],[109.04028220000002,34.43528460000003],[109.04507960000004,34.43800370000004],[109.07066730000001,34.450365699999956]]]},"properties":{"osm_id":"1210534377","code":7202,"fclass":"park","name":"渭灞生态滩","RASTERVALU":84.6667,"Light_Rain":"0","Moderate":"1.32709433381689E-02","Heavy":"4.19738989471845","Storm":"20.4458115174304"}},
{"type":"Feature","geometry":{"type":"Polygon","coordinates":[[[108.98460460000004,34.44937360000003],[108.98290940000003,34.449444400000026],[108.98285580000002,34.44802440000004],[108.98456700000004,34.44792709999998],[108.98460460000004,34.44937360000003]]]},"properties":{"osm_id":"766757256","code":7202,"fclass":"park","name":"","RASTERVALU":5.18367,"Light_Rain":"2.42772884486127","Moderate":"12.9928759730824","Heavy":"32.4171377866554","Storm":"64.1419903570866"}},
{"type":"Feature","geometry":{"type":"Polygon","coordinates":[[[109.07066730000001,34.450365699999956],[109.07285404424223,34.45149523406562],[109.07824429999998,34.454279499999956],[109.08423529999997,34.4571741],[109.08348860000001,34.464215599999974],[109.08290490000003,34.46427930000001],[109.0776177,34.46659329999998],[109.07028779999997,34.468362299999974],[109.0695067,34.46827739999996],[109.06805619999997,34.46737870000003],[109.06622799999997,34.465291199999974],[109.06452430000004,34.459819100000004],[109.06433540000005,34.45817729999997],[109.06340850000001,34.45697419999998],[109.06313380000002,34.45594090000002],[109.06068990000004,34.452714000000014],[109.06117979999999,34.452835999999984],[109.06236889999997,34.45329900000001],[109.06453280000004,34.455032800000026],[109.06605880000001,34.45522629999996],[109.06655889999999,34.45489389999999],[109.06779873825658,34.45352737395736],[109.07066730000001,34.450365699999956]]]},"properties":{"osm_id":"1210534378","code":7202,"fclass":"park","name":"高陵泾渭湿地","RASTERVALU":84.6667,"Light_Rain":"0","Moderate":"1.32709433381689E-02","Heavy":"4.19738989471845","Storm":"20.4458115174304"}},
{"type":"Feature","geometry":{"type":"Polygon","coordinates":[[[109.20231149999995,34.45904200000001],[109.20337869999997,34.45911899999999],[109.2032352,34.464525500000036],[109.20178430000003,34.4645294],[109.20177800000005,34.462588600000004],[109.20188449999998,34.45856640000001],[109.20229300000003,34.45852409999997],[109.20231149999995,34.45904200000001]]]},"properties":{"osm_id":"1091085098","code":7202,"fclass":"park","name":"","RASTERVALU":84.6667,"Light_Rain":"0","Moderate":"1.32709433381689E-02","Heavy":"4.19738989471845","Storm":"20.4458115174304"}},
{"type":"Feature","geometry":{"type":"Polygon","coordinates":[[[109.0193506,34.462445800000005],[109.019063,34.4644166],[109.0174475,34.464319699999976],[109.0175548,34.462741599999966],[109.01755669999997,34.46219099999997],[109.0193506,34.462445800000005]]]},"properties":{"osm_id":"1334821017","code":7202,"fclass":"park","name":"长庆油田泾河体育中心","RASTERVALU":5.18367,"Light_Rain":"2.42772884486127","Moderate":"12.9928759730824","Heavy":"32.4171377866554","Storm":"64.1419903570866"}}
]}