{"type":"FeatureCollection", "features": [
{"type":"Feature","geometry":{"type":"Polygon","coordinates":[[[110.064736,33.2422338],[110.064305,33.2415289],[110.0654775,33.2410274],[110.0659085,33.2417321],[110.064736,33.2422338]]]},"properties":{"osm_id":"1093988829","code":7202,"fclass":"park","name":""}},
{"type":"Feature","geometry":{"type":"Polygon","coordinates":[[[110.0655337,33.2505923],[110.0652969,33.2487477],[110.065571,33.2478306],[110.0665181,33.2470594],[110.0687737,33.2519575],[110.0680634,33.2521972],[110.0657953,33.2513739],[110.0655337,33.2505923]]]},"properties":{"osm_id":"1093988830","code":7202,"fclass":"park","name":""}},
{"type":"Feature","geometry":{"type":"Polygon","coordinates":[[[109.0041858,32.6915658],[109.003467,32.6899722],[109.0042558,32.6897202],[109.0049746,32.6913138],[109.0041858,32.6915658]]]},"properties":{"osm_id":"1006106186","code":7202,"fclass":"park","name":""}},
{"type":"Feature","geometry":{"type":"Polygon","coordinates":[[[109.0080149,32.697867],[109.0072769,32.6961212],[109.0079975,32.6958131],[109.0081403,32.6959454],[109.0081203,32.6960229],[109.0081483,32.6961711],[109.0082564,32.6964305],[109.0085086,32.6966865],[109.0087968,32.696801],[109.0101136,32.6983168],[109.010634,32.6990106],[109.0112144,32.6998224],[109.0110342,32.7000818],[109.01067,32.6998056],[109.0101256,32.6996001],[109.0097117,32.699471],[109.0090841,32.699339],[109.0087471,32.6991189],[109.0083868,32.6986446],[109.0080149,32.697867]]]},"properties":{"osm_id":"699195314","code":7202,"fclass":"park","name":"安澜公园"}},
{"type":"Feature","geometry":{"type":"Polygon","coordinates":[[[109.0111275,32.6927804],[109.0110168,32.6925045],[109.0113003,32.6923293],[109.0121281,32.6936821],[109.0126721,32.694354],[109.0133695,32.6951206],[109.0136177,32.6953797],[109.0138062,32.6955357],[109.0142648,32.6959507],[109.0144847,32.6962627],[109.0145601,32.6963684],[109.014736,32.6966381],[109.0149842,32.6967914],[109.0152292,32.6969659],[109.0155968,32.6971615],[109.0157318,32.6973122],[109.0157947,32.697418],[109.015801,32.6977167],[109.0158387,32.6978224],[109.0160303,32.6980313],[109.0164921,32.6984543],[109.0170474,32.6989519],[109.0170251,32.6989764],[109.017739,32.6996091],[109.0184592,32.7001779],[109.0190215,32.7006033],[109.0202661,32.7015496],[109.0213907,32.7023524],[109.0215992,32.7024906],[109.0221931,32.7028149],[109.0234046,32.7035304],[109.0237338,32.7036657],[109.0240181,32.7038106],[109.0242912,32.7039617],[109.0246877,32.7040876],[109.0249908,32.7041442],[109.0252751,32.7041726],[109.0260719,32.704415],[109.0268164,32.7046259],[109.0274,32.7047581],[109.0298915,32.7050823],[109.0299102,32.7049879],[109.0302431,32.7050257],[109.0302319,32.705139],[109.030606,32.7051705],[109.0306397,32.7050194],[109.033118,32.7053545],[109.033725,32.7056359],[109.0344494,32.705731],[109.0344737,32.7058223],[109.034802,32.7058708],[109.0347085,32.7061699],[109.0340355,32.7061957],[109.03369,32.7062802],[109.0330648,32.7063886],[109.0319401,32.706367],[109.0310625,32.7061571],[109.0305814,32.7060746],[109.0301359,32.7059134],[109.0296102,32.705801],[109.0291736,32.7057148],[109.0287504,32.705741],[109.0276767,32.7055011],[109.0268214,32.7050587],[109.025966,32.7049013],[109.0254893,32.7048263],[109.02532,32.7047663],[109.0245662,32.7044691],[109.0234677,32.7040133],[109.02179,32.7031333],[109.0211053,32.7026078],[109.0207367,32.7023166],[109.0200237,32.702008],[109.0196161,32.7018327],[109.0188097,32.7013108],[109.0184952,32.7010722],[109.0183003,32.7010051],[109.0179857,32.7008411],[109.0176933,32.7005875],[109.0175515,32.7004347],[109.017423,32.700293],[109.0173211,32.7002706],[109.0171218,32.7000842],[109.0163775,32.6992864],[109.0153807,32.6982947],[109.0149155,32.6978212],[109.0144769,32.697303],[109.01453,32.6972657],[109.0141712,32.6968183],[109.0141402,32.6968407],[109.0130281,32.6955096],[109.0128864,32.6954276],[109.0127756,32.695271],[109.0127579,32.6951741],[109.0116813,32.69394],[109.0116724,32.6938691],[109.0111098,32.6929631],[109.0110876,32.692855],[109.0112028,32.6928289],[109.0111275,32.6927804]]]},"properties":{"osm_id":"1283229567","code":7202,"fclass":"park","name":""}},
{"type":"Feature","geometry":{"type":"Polygon","coordinates":[[[108.9594424,32.7034173],[108.9591205,32.7028214],[108.9592911,32.7026039],[108.9596773,32.7024323],[108.960364,32.7022157],[108.9611912,32.702036],[108.961866,32.7018906],[108.9625629,32.7017733],[108.9626074,32.7019728],[108.9626272,32.7021615],[108.9626165,32.7025768],[108.9626181,32.7029388],[108.9623928,32.703309],[108.9621342,32.7036872],[108.9619637,32.7041215],[108.96163,32.7043553],[108.9617062,32.7047534],[108.9619519,32.7053123],[108.9621997,32.7056833],[108.9625001,32.7059632],[108.962822,32.7063694],[108.9630027,32.706522],[108.962263,32.7065942],[108.9614701,32.7068389],[108.9609015,32.706884],[108.9607717,32.7067206],[108.9606751,32.7062963],[108.9607502,32.7059533],[108.960761,32.7055651],[108.9605367,32.7051507],[108.9602889,32.7048067],[108.9600421,32.7043102],[108.9597321,32.7038868],[108.9594424,32.7034173]]]},"properties":{"osm_id":"445449926","code":7202,"fclass":"park","name":"高新文化公园"}},
{"type":"Feature","geometry":{"type":"Polygon","coordinates":[[[108.9715721,32.7035476],[108.9713293,32.7030603],[108.9736219,32.7028937],[108.9738901,32.70306],[108.9736269,32.7051981],[108.9734775,32.7064555],[108.9730852,32.7072729],[108.9716282,32.7071943],[108.972282,32.7065498],[108.9721325,32.7056067],[108.9721512,32.7042235],[108.9715721,32.7035476]]]},"properties":{"osm_id":"371362741","code":7202,"fclass":"park","name":""}},
{"type":"Feature","geometry":{"type":"Polygon","coordinates":[[[108.9726108,32.7122834],[108.9725587,32.7109983],[108.9759263,32.7103275],[108.97612,32.7116126],[108.9726108,32.7122834]]]},"properties":{"osm_id":"699195323","code":7202,"fclass":"park","name":"安康运动公园"}},
{"type":"Feature","geometry":{"type":"Polygon","coordinates":[[[109.3645191,32.8363456],[109.3635964,32.8361022],[109.3641972,32.834768],[109.3654042,32.835061],[109.3650287,32.8357101],[109.3645191,32.8363456]]]},"properties":{"osm_id":"1054470577","code":7202,"fclass":"park","name":""}},
{"type":"Feature","geometry":{"type":"Polygon","coordinates":[[[110.8952994,33.5276446],[110.8949839,33.527326],[110.8950148,33.527261],[110.8950685,33.5272203],[110.8951612,33.5271268],[110.8952214,33.5270712],[110.8953498,33.5269804],[110.8954441,33.5269275],[110.8955612,33.5268746],[110.8956913,33.5268434],[110.8957905,33.5268746],[110.8960507,33.5271851],[110.8952994,33.5276446]]]},"properties":{"osm_id":"1302787710","code":7202,"fclass":"park","name":"站前广场"}},
{"type":"Feature","geometry":{"type":"Polygon","coordinates":[[[110.6012979,33.4521963],[110.5997784,33.4506213],[110.5999845,33.4505928],[110.6019646,33.4526157],[110.6025839,33.4532021],[110.6021011,33.4538159],[110.6012867,33.4535879],[110.6003942,33.4531085],[110.6007345,33.453062],[110.6010078,33.452927],[110.6012588,33.453155],[110.6018446,33.4527455],[110.601733,33.4525873],[110.6015601,33.4526245],[110.6013091,33.4523732],[110.6012979,33.4521963]]]},"properties":{"osm_id":"551187751","code":7202,"fclass":"park","name":""}},
{"type":"Feature","geometry":{"type":"Polygon","coordinates":[[[110.0619808,33.4863838],[110.0600315,33.486318],[110.060868,33.4856928],[110.0610811,33.485673],[110.0613257,33.4858112],[110.0619808,33.4863838]]]},"properties":{"osm_id":"550845679","code":7202,"fclass":"park","name":""}},
{"type":"Feature","geometry":{"type":"Polygon","coordinates":[[[110.3494904,33.6827023],[110.3486364,33.6821649],[110.3496771,33.6811524],[110.3503273,33.6815703],[110.3494904,33.6827023]]]},"properties":{"osm_id":"1302787311","code":7202,"fclass":"park","name":"站前广场"}},
{"type":"Feature","geometry":{"type":"Polygon","coordinates":[[[110.3239834,33.683995],[110.3236508,33.6839325],[110.3247112,33.6799408],[110.3256282,33.6803211],[110.324847,33.6820889],[110.3241175,33.6839012],[110.3240638,33.6839593],[110.3239834,33.683995]]]},"properties":{"osm_id":"551355833","code":7202,"fclass":"park","name":"江滨公园"}},
{"type":"Feature","geometry":{"type":"Polygon","coordinates":[[[110.1746898,33.7299943],[110.1745869,33.7295731],[110.1746265,33.7291453],[110.1748639,33.7287899],[110.1753308,33.7284674],[110.1788207,33.72698],[110.1800315,33.726539],[110.1801344,33.7265916],[110.1806409,33.7280725],[110.1800078,33.7284345],[110.1792718,33.7291453],[110.178979,33.730047],[110.1786387,33.7337655],[110.1781876,33.7339103],[110.1750063,33.7304419],[110.1746898,33.7299943]]]},"properties":{"osm_id":"551288264","code":7202,"fclass":"park","name":""}},
{"type":"Feature","geometry":{"type":"Polygon","coordinates":[[[109.9602428,33.8549588],[109.9602106,33.8547183],[109.9609815,33.8537404],[109.9615394,33.8527336],[109.9620866,33.8512545],[109.9624406,33.8491695],[109.9627104,33.8491495],[109.962741,33.8509961],[109.9622689,33.8528583],[109.9616145,33.8539542],[109.960393,33.8552885],[109.9602428,33.8549588]]]},"properties":{"osm_id":"464206158","code":7202,"fclass":"park","name":""}},
{"type":"Feature","geometry":{"type":"Polygon","coordinates":[[[109.9546638,33.8575783],[109.9545029,33.8573377],[109.9546729,33.8571528],[109.9577966,33.8561082],[109.9594365,33.8551482],[109.9596511,33.8550234],[109.9600068,33.8556003],[109.9575912,33.8568766],[109.9546638,33.8575783]]]},"properties":{"osm_id":"464206164","code":7202,"fclass":"park","name":""}},
{"type":"Feature","geometry":{"type":"Polygon","coordinates":[[[109.9147552,33.8670302],[109.9140531,33.8666419],[109.9148255,33.865515],[109.9158877,33.8644103],[109.9164349,33.8641074],[109.9177545,33.8636352],[109.9182907,33.8635087],[109.9206245,33.8629582],[109.922336,33.8626004],[109.9244385,33.8621608],[109.9260211,33.8619737],[109.9271529,33.8620005],[109.9291727,33.8618423],[109.9296192,33.8617871],[109.9333516,33.8613256],[109.9372944,33.860546],[109.9406686,33.8598378],[109.9427661,33.8592453],[109.9444666,33.8589513],[109.9452842,33.8588038],[109.9478823,33.8583352],[109.9497023,33.8580069],[109.9523202,33.8575837],[109.9539402,33.8572897],[109.9541789,33.8576976],[109.9498633,33.858586],[109.9469128,33.8591696],[109.9440482,33.8596239],[109.9399713,33.8603723],[109.9371335,33.8608935],[109.9334857,33.8616686],[109.9304387,33.8623234],[109.927228,33.8629983],[109.9266484,33.8630765],[109.9264685,33.8631424],[109.9258284,33.8632083],[109.9245851,33.8632171],[109.9221937,33.8632874],[109.9202362,33.8635509],[109.9188871,33.8639287],[109.9179454,33.8643285],[109.9166969,33.865049],[109.9159297,33.8655893],[109.9154007,33.8661165],[109.9147552,33.8670302]]]},"properties":{"osm_id":"402333415","code":7202,"fclass":"park","name":"丹江公园"}},
{"type":"Feature","geometry":{"type":"Polygon","coordinates":[[[109.8579529,33.8624585],[109.8579195,33.862301],[109.8581983,33.8622547],[109.8592133,33.8624121],[109.8634516,33.8624029],[109.8638643,33.8625418],[109.8638308,33.8627178],[109.8620016,33.8630419],[109.860429,33.8629493],[109.8579529,33.8624585]]]},"properties":{"osm_id":"1094314234","code":7202,"fclass":"park","name":""}},
{"type":"Feature","geometry":{"type":"Polygon","coordinates":[[[109.8727647,33.863681],[109.8642323,33.8626066],[109.8642881,33.8623844],[109.8696083,33.8628197],[109.8729432,33.8632642],[109.8727647,33.863681]]]},"properties":{"osm_id":"1094314233","code":7202,"fclass":"park","name":""}},
{"type":"Feature","geometry":{"type":"Polygon","coordinates":[[[107.8881272,32.5440094],[107.8880253,32.5437267],[107.8881164,32.5437041],[107.8883444,32.5436996],[107.8885054,32.5437561],[107.8883283,32.5440207],[107.8882747,32.5440433],[107.8881889,32.5440478],[107.8881272,32.5440094]]]},"properties":{"osm_id":"1260533662","code":7202,"fclass":"park","name":""}},
{"type":"Feature","geometry":{"type":"Polygon","coordinates":[[[108.1518724,32.7991195],[108.15169,32.79901],[108.1527808,32.7987045],[108.1536487,32.7983628],[108.1546008,32.7977934],[108.1555521,32.7973218],[108.1560888,32.7974585],[108.1565429,32.7983676],[108.1555847,32.7985863],[108.1535763,32.7989963],[108.1518724,32.7991195]]]},"properties":{"osm_id":"482840439","code":7202,"fclass":"park","name":""}},
{"type":"Feature","geometry":{"type":"Polygon","coordinates":[[[106.9376153,32.9818918],[106.9374427,32.9816436],[106.9380158,32.9807856],[106.9389216,32.9803152],[106.9391496,32.9800102],[106.9389586,32.9793899],[106.9393838,32.9788265],[106.9401479,32.9779684],[106.9411462,32.9771258],[106.9414727,32.9767432],[106.9421999,32.9778391],[106.9428654,32.9782889],[106.9442888,32.9788316],[106.9457581,32.9792896],[106.9463561,32.9796139],[106.9467149,32.9799453],[106.9471542,32.9808373],[106.9461436,32.9813438],[106.9460573,32.9816643],[106.9453857,32.9819641],[106.9448989,32.9830341],[106.9444798,32.9836389],[106.94342,32.983644],[106.9429203,32.9837522],[106.9425858,32.9835972],[106.9423847,32.983582],[106.9423601,32.9833959],[106.9428654,32.9831892],[106.9424957,32.9827808],[106.9421506,32.9829617],[106.9412694,32.9830031],[106.9411954,32.9832357],[106.9413002,32.9836492],[106.9405299,32.9838456],[106.9401356,32.9833391],[106.939279,32.9827291],[106.938213,32.9823156],[106.9376153,32.9818918]]]},"properties":{"osm_id":"1304233095","code":7202,"fclass":"park","name":"汉山植物园"}},
{"type":"Feature","geometry":{"type":"Polygon","coordinates":[[[107.7477962,32.985772],[107.7464604,32.9851465],[107.7464712,32.9847685],[107.7467126,32.9843771],[107.7470398,32.9842016],[107.747485,32.9833961],[107.7489763,32.9837921],[107.7477962,32.985772]]]},"properties":{"osm_id":"985806359","code":7202,"fclass":"park","name":""}},
{"type":"Feature","geometry":{"type":"Polygon","coordinates":[[[107.7508056,32.9871984],[107.7480912,32.985916],[107.7487081,32.9849755],[107.7514762,32.9861229],[107.7508056,32.9871984]]]},"properties":{"osm_id":"985806360","code":7202,"fclass":"park","name":""}},
{"type":"Feature","geometry":{"type":"Polygon","coordinates":[[[106.9460118,32.9866685],[106.9457642,32.9862455],[106.9459996,32.9859244],[106.9462241,32.9857207],[106.9465684,32.985486],[106.9467084,32.9854693],[106.9472908,32.9857094],[106.9477452,32.9859204],[106.9482685,32.9862886],[106.9485117,32.9866986],[106.948575,32.9870715],[106.9485514,32.9873524],[106.948394,32.9880466],[106.9482502,32.9884862],[106.9475174,32.9887387],[106.947252,32.9882443],[106.9466234,32.9884634],[106.9463937,32.9879996],[106.9460958,32.9873893],[106.9460818,32.9871582],[106.9458997,32.9866999],[106.9460118,32.9866685]]]},"properties":{"osm_id":"1304095782","code":7202,"fclass":"park","name":"汉山广场"}},
{"type":"Feature","geometry":{"type":"Polygon","coordinates":[[[107.7417892,33.0004934],[107.7415453,33.0002752],[107.7430414,32.9999206],[107.7436756,32.9993478],[107.7436105,32.998434],[107.7434201,32.9978057],[107.7436593,32.997152],[107.7439846,32.9967428],[107.7448464,32.9967292],[107.7451879,32.9976566],[107.745627,32.998134],[107.7459197,32.9986932],[107.7456758,32.9991841],[107.7451392,32.9993887],[107.7445863,33.0000979],[107.7440334,33.0002479],[107.7431715,33.0004798],[107.7417892,33.0004934]]]},"properties":{"osm_id":"504707081","code":7202,"fclass":"park","name":"樱桃沟"}},
{"type":"Feature","geometry":{"type":"Polygon","coordinates":[[[106.9306751,32.9987781],[106.9306331,32.9986254],[106.9307039,32.9984974],[106.9313017,32.9984997],[106.9314317,32.9981593],[106.9315811,32.9980222],[106.9317633,32.9981162],[106.9320154,32.9980261],[106.9322349,32.9981319],[106.9325852,32.9974778],[106.9327299,32.9970195],[106.9334977,32.997458],[106.9327365,32.9982195],[106.931452,33.0009907],[106.9309512,33.0008151],[106.9309234,33.0002191],[106.9312083,32.9996277],[106.9307366,32.9993849],[106.9306751,32.9987781]]]},"properties":{"osm_id":"17882045","code":7202,"fclass":"park","name":"民乐园"}},
{"type":"Feature","geometry":{"type":"Polygon","coordinates":[[[108.2576251,33.0335144],[108.2568312,33.0323901],[108.2576036,33.0320798],[108.2582313,33.0328173],[108.2592344,33.0338382],[108.2584995,33.0343464],[108.2576251,33.0335144]]]},"properties":{"osm_id":"1119814387","code":7202,"fclass":"park","name":""}},
{"type":"Feature","geometry":{"type":"Polygon","coordinates":[[[108.2479529,33.036065],[108.2479423,33.0360069],[108.2479549,33.0359491],[108.2479893,33.0358978],[108.2480417,33.0358587],[108.2481064,33.035836],[108.2481758,33.0358322],[108.248243,33.0358473],[108.2483007,33.0358798],[108.2483428,33.0359262],[108.248332,33.0359498],[108.2482403,33.0359497],[108.2481272,33.0359812],[108.2480539,33.036019],[108.247998,33.0360751],[108.2479825,33.0360908],[108.2479529,33.036065]]]},"properties":{"osm_id":"1192706333","code":7202,"fclass":"park","name":""}},
{"type":"Feature","geometry":{"type":"Polygon","coordinates":[[[108.2476632,33.0362729],[108.247626,33.0362237],[108.2476392,33.0362009],[108.2477305,33.0362076],[108.2478464,33.0361844],[108.2479233,33.036152],[108.2479847,33.0361001],[108.2480018,33.0360856],[108.2480287,33.0361134],[108.2480332,33.0361721],[108.2480148,33.0362288],[108.2479753,33.0362774],[108.2479191,33.0363126],[108.2478523,33.0363305],[108.2477828,33.0363294],[108.2477174,33.0363095],[108.2476632,33.0362729]]]},"properties":{"osm_id":"1192706332","code":7202,"fclass":"park","name":""}},
{"type":"Feature","geometry":{"type":"Polygon","coordinates":[[[108.2327245,33.0437155],[108.2322366,33.0434019],[108.2324034,33.042838],[108.2328446,33.0426317],[108.2338204,33.0426815],[108.2344228,33.0428949],[108.2349319,33.0426531],[108.2353052,33.0426246],[108.2364677,33.0423757],[108.2373586,33.0420485],[108.2383023,33.0411663],[108.2419612,33.0385626],[108.2473792,33.035903],[108.2486062,33.0348505],[108.2489489,33.0344662],[108.2521392,33.0331431],[108.2537596,33.0326395],[108.257264,33.0315212],[108.2576959,33.0316358],[108.2548354,33.0335597],[108.252177,33.0351429],[108.2492112,33.0360703],[108.2479863,33.0364533],[108.2475023,33.0366248],[108.2461202,33.0371018],[108.2437529,33.0379534],[108.2413191,33.0394129],[108.2406144,33.0399528],[108.2400356,33.0403963],[108.2372851,33.0425927],[108.2363616,33.0430443],[108.2362716,33.0430883],[108.2345281,33.0442275],[108.2343227,33.044516],[108.2341568,33.0447492],[108.2327245,33.0437155]]]},"properties":{"osm_id":"477624459","code":7202,"fclass":"park","name":"滨江公园"}},
{"type":"Feature","geometry":{"type":"Polygon","coordinates":[[[108.2424942,33.0416008],[108.242143,33.0411717],[108.2424609,33.0410641],[108.242562,33.0410377],[108.2427405,33.0413129],[108.2426417,33.0413558],[108.2426591,33.0413878],[108.2427283,33.0415033],[108.2424942,33.0416008]]]},"properties":{"osm_id":"1192706347","code":7202,"fclass":"park","name":"樱花广场"}},
{"type":"Feature","geometry":{"type":"Polygon","coordinates":[[[108.2417949,33.0416606],[108.2416732,33.0413914],[108.2420602,33.0412208],[108.2424133,33.0416489],[108.2420042,33.0418028],[108.2419445,33.0416923],[108.2417949,33.0416606]]]},"properties":{"osm_id":"1192706346","code":7202,"fclass":"park","name":"樱花广场"}},
{"type":"Feature","geometry":{"type":"Polygon","coordinates":[[[107.0265146,33.0512853],[107.0257118,33.0510057],[107.0265488,33.0511683],[107.0276196,33.0513697],[107.0324952,33.0518891],[107.0332361,33.0519228],[107.0340548,33.0518754],[107.0347457,33.0517248],[107.0352394,33.0515632],[107.037487,33.0504021],[107.0388966,33.0496834],[107.0393611,33.0493926],[107.0397854,33.0490748],[107.0401449,33.0487492],[107.0404514,33.0484447],[107.0409176,33.0478395],[107.0411997,33.0473957],[107.0427871,33.0448321],[107.0440892,33.0427529],[107.0450057,33.0412465],[107.0452799,33.0408138],[107.0456765,33.0402898],[107.0466127,33.0391188],[107.0472026,33.0394502],[107.0460289,33.0411377],[107.0460633,33.0413375],[107.0460651,33.0414826],[107.0460405,33.0416783],[107.0459641,33.0419295],[107.0440045,33.0451844],[107.0433726,33.0461639],[107.0423678,33.0478584],[107.0415507,33.0489856],[107.0412107,33.0493945],[107.0409846,33.0496229],[107.0407422,33.049836],[107.0367429,33.0520495],[107.0363957,33.0521451],[107.0358449,33.0522138],[107.0358431,33.0526403],[107.0357715,33.0527062],[107.0347718,33.0527422],[107.0316845,33.0525822],[107.0312878,33.0525374],[107.0293378,33.0522567],[107.0278401,33.0519535],[107.0268381,33.0516768],[107.0264416,33.0515352],[107.0265146,33.0512853]]]},"properties":{"osm_id":"406784871","code":7202,"fclass":"park","name":"滨江文化公园"}},
{"type":"Feature","geometry":{"type":"Polygon","coordinates":[[[107.0196825,33.0542958],[107.0196097,33.0541992],[107.01961,33.0541144],[107.0196977,33.0529649],[107.0201233,33.0530187],[107.0205517,33.053344],[107.0205821,33.0534601],[107.0207106,33.0534638],[107.0209266,33.0535257],[107.0211506,33.0536454],[107.0212396,33.0537386],[107.0226458,33.0543587],[107.0228942,33.0543691],[107.0231655,33.0544678],[107.0233272,33.0545641],[107.0234612,33.0547033],[107.0245971,33.0551886],[107.0250288,33.0554028],[107.0253582,33.0555205],[107.0262415,33.0557725],[107.0271592,33.0560145],[107.0306127,33.0566953],[107.0313151,33.0568243],[107.0326161,33.0570574],[107.0344741,33.0572985],[107.0352831,33.0573701],[107.0354927,33.0573326],[107.0357716,33.057315],[107.0360483,33.0573417],[107.0362217,33.0573968],[107.0370191,33.0573573],[107.0381151,33.0572365],[107.0408694,33.0566775],[107.0414332,33.0566138],[107.0418444,33.0565872],[107.0422137,33.0565978],[107.04256,33.0566166],[107.0429114,33.0567493],[107.04329,33.0569383],[107.0438409,33.0570641],[107.0444748,33.0572006],[107.0445324,33.0572645],[107.044551,33.0573752],[107.0444974,33.0575315],[107.0364627,33.0586391],[107.0358985,33.0586676],[107.0354557,33.0586627],[107.0351571,33.058629],[107.0346061,33.0585279],[107.0335079,33.0583001],[107.0328264,33.0581715],[107.031194,33.0578543],[107.028136,33.0572386],[107.0244365,33.0563406],[107.0222838,33.0557933],[107.0221454,33.0557353],[107.0220034,33.0556641],[107.0218567,33.0555444],[107.0216127,33.0549076],[107.021496,33.0547332],[107.020166,33.054416],[107.0198926,33.0543784],[107.0196825,33.0542958]]]},"properties":{"osm_id":"554526193","code":7202,"fclass":"park","name":""}},
{"type":"Feature","geometry":{"type":"Polygon","coordinates":[[[107.0063857,33.0598217],[107.0033375,33.0570066],[107.0039382,33.0567322],[107.0044298,33.0565469],[107.0050901,33.0563763],[107.0056806,33.0562641],[107.0062333,33.0561959],[107.006783,33.0561544],[107.0073822,33.0561398],[107.0076993,33.0561178],[107.0076993,33.0576123],[107.0066434,33.0581901],[107.0063787,33.0578951],[107.0055766,33.0583042],[107.0062443,33.0590668],[107.0067288,33.0587904],[107.0070816,33.0591934],[107.0083131,33.0585208],[107.0084425,33.058727],[107.0063857,33.0598217]]]},"properties":{"osm_id":"1272842672","code":7202,"fclass":"park","name":""}},
{"type":"Feature","geometry":{"type":"Polygon","coordinates":[[[107.0129584,33.0594572],[107.010833,33.0566291],[107.0170335,33.0564948],[107.0174249,33.0568066],[107.0179348,33.0589976],[107.0173884,33.0592481],[107.0133149,33.0596217],[107.0129584,33.0594572]]]},"properties":{"osm_id":"1272842675","code":7202,"fclass":"park","name":""}},
{"type":"Feature","geometry":{"type":"Polygon","coordinates":[[[107.0459888,33.0584742],[107.0449342,33.057605],[107.0452918,33.057477],[107.0462415,33.0583106],[107.0463884,33.0584764],[107.047872,33.060991],[107.0485286,33.0620946],[107.0482642,33.062092],[107.0461576,33.0586643],[107.0459888,33.0584742]]]},"properties":{"osm_id":"1272431068","code":7202,"fclass":"park","name":""}},
{"type":"Feature","geometry":{"type":"Polygon","coordinates":[[[107.0072315,33.0628572],[107.0050595,33.0609955],[107.0064828,33.0599819],[107.0108432,33.0576582],[107.0122419,33.0593407],[107.0072315,33.0628572]]]},"properties":{"osm_id":"1272842673","code":7202,"fclass":"park","name":""}},
{"type":"Feature","geometry":{"type":"Polygon","coordinates":[[[106.9890729,33.0731427],[106.9859707,33.0715822],[106.9917562,33.0583127],[106.9950644,33.0542325],[106.9986434,33.0517311],[107.0060198,33.0489542],[107.0088869,33.0484088],[107.0110393,33.0482056],[107.0123026,33.0484539],[107.0194908,33.0512387],[107.0194912,33.054095],[107.019518,33.0551797],[107.0195285,33.0553526],[107.0193987,33.0555112],[107.019215,33.055582],[107.0119755,33.0557333],[107.0104613,33.055765],[107.0100022,33.0557754],[107.0097125,33.0557819],[107.0071255,33.0558759],[107.0064483,33.0559019],[107.0059149,33.0559548],[107.0054909,33.05601],[107.0049819,33.0561119],[107.0045849,33.0562121],[107.0041276,33.0563546],[107.0037777,33.056481],[107.0034252,33.0566263],[107.00302,33.0568157],[107.0027427,33.0569633],[106.9986361,33.0596114],[106.9980363,33.060063],[106.9974233,33.0605733],[106.9969084,33.0610374],[106.9966351,33.061309],[106.9961065,33.0618666],[106.9952362,33.0629335],[106.9948237,33.0635064],[106.994184,33.0645453],[106.9931135,33.0666008],[106.9924221,33.0678969],[106.989772,33.0729165],[106.9896563,33.0730538],[106.9895289,33.073131],[106.9894569,33.0731423],[106.9893894,33.0731659],[106.9892155,33.0731669],[106.9890729,33.0731427]]]},"properties":{"osm_id":"1261365713","code":7202,"fclass":"park","name":"汉中市天汉湿地公园"}},
{"type":"Feature","geometry":{"type":"Polygon","coordinates":[[[107.0273136,33.0673567],[107.025592,33.0665806],[107.0264593,33.0649468],[107.0267418,33.0644237],[107.0268996,33.0645035],[107.0285838,33.0653617],[107.0273136,33.0673567]]]},"properties":{"osm_id":"1272984187","code":7202,"fclass":"park","name":"拜将坛遗址景区"}},
{"type":"Feature","geometry":{"type":"Polygon","coordinates":[[[106.6745156,33.153604],[106.6740382,33.1514482],[106.67436,33.1511967],[106.6773587,33.1509092],[106.6782653,33.1506982],[106.6781098,33.1514168],[106.6781098,33.1516997],[106.6784316,33.151803],[106.6786355,33.1518255],[106.6785979,33.1533076],[106.6784155,33.1534288],[106.6745156,33.153604]]]},"properties":{"osm_id":"1285173610","code":7202,"fclass":"park","name":"沔水湾广场"}},
{"type":"Feature","geometry":{"type":"Polygon","coordinates":[[[106.668545,33.16246],[106.668545,33.161737],[106.6695937,33.161856],[106.6696528,33.162002],[106.6697118,33.1629271],[106.6696393,33.1629383],[106.6690224,33.1628821],[106.6687784,33.1627654],[106.6685986,33.1626217],[106.668545,33.16246]]]},"properties":{"osm_id":"1284880501","code":7202,"fclass":"park","name":""}},
{"type":"Feature","geometry":{"type":"Polygon","coordinates":[[[106.519736,33.9155524],[106.5196502,33.9146375],[106.520184,33.9145952],[106.5202671,33.9155301],[106.519736,33.9155524]]]},"properties":{"osm_id":"699246501","code":7202,"fclass":"park","name":""}},
{"type":"Feature","geometry":{"type":"Polygon","coordinates":[[[106.5034711,33.9156125],[106.50316,33.9152207],[106.5032136,33.9147666],[106.5032995,33.9145975],[106.5040719,33.9141256],[106.5043187,33.9140633],[106.5046084,33.9138941],[106.5048659,33.9138585],[106.5055203,33.9139119],[106.5083206,33.9147844],[106.509254,33.9156036],[106.5091896,33.9162713],[106.508975,33.9168055],[106.5086317,33.9170103],[106.5079665,33.9171795],[106.5067005,33.917037],[106.5059924,33.9168144],[106.5050483,33.9161289],[106.504544,33.9158974],[106.5036642,33.9157282],[106.5034711,33.9156125]]]},"properties":{"osm_id":"958192298","code":7202,"fclass":"park","name":"月亮湾公园"}},
{"type":"Feature","geometry":{"type":"Polygon","coordinates":[[[106.616596,33.9565095],[106.6164404,33.9562514],[106.6164511,33.956158],[106.6167247,33.9555706],[106.6178532,33.9539996],[106.6183002,33.9528438],[106.6203125,33.9533568],[106.6202742,33.9534714],[106.6198333,33.9547898],[106.619419,33.9562483],[106.6196966,33.956247],[106.6212416,33.9566563],[106.6214561,33.9567364],[106.6220033,33.9571013],[106.6217351,33.9581959],[106.6216493,33.9589434],[106.6214347,33.9595752],[106.6213167,33.9597621],[106.6204905,33.9600201],[106.6201258,33.9602426],[106.6195571,33.9604562],[106.6188812,33.9601002],[106.6181517,33.9599222],[106.6179371,33.9598244],[106.6176152,33.9595485],[106.6178405,33.9590768],[106.617803,33.9583605],[106.6179693,33.9574439],[106.617862,33.9572125],[106.6176957,33.9570657],[106.6173524,33.9568743],[106.6167891,33.9566296],[106.616596,33.9565095]]]},"properties":{"osm_id":"409701928","code":7202,"fclass":"park","name":""}},
{"type":"Feature","geometry":{"type":"Polygon","coordinates":[[[106.6558184,33.9794154],[106.6522083,33.975235],[106.6536881,33.975235],[106.6556591,33.9778654],[106.6558184,33.9794154]]]},"properties":{"osm_id":"409701918","code":7202,"fclass":"park","name":""}},
{"type":"Feature","geometry":{"type":"Polygon","coordinates":[[[106.7790359,34.1650762],[106.776858,34.1633451],[106.7771476,34.1628613],[106.7778933,34.163132],[106.778757,34.1636292],[106.7793041,34.164477],[106.7794651,34.1650362],[106.7790359,34.1650762]]]},"properties":{"osm_id":"958192381","code":7202,"fclass":"park","name":""}},
{"type":"Feature","geometry":{"type":"Polygon","coordinates":[[[108.8976699,32.3197016],[108.8976377,32.3196064],[108.8977128,32.319416],[108.8977933,32.319348],[108.8980886,32.3192129],[108.8980132,32.3188221],[108.8981634,32.3186362],[108.8982814,32.3184503],[108.8983029,32.3183597],[108.8983083,32.3174077],[108.8985014,32.317113],[108.8986194,32.317113],[108.8993436,32.3172354],[108.8995045,32.3174031],[108.8999391,32.3179879],[108.9013016,32.3185727],[108.9014304,32.3186543],[108.9021867,32.3189581],[108.902294,32.3190216],[108.903088,32.3192709],[108.9032489,32.3194749],[108.9032543,32.3199282],[108.903029,32.3204904],[108.9012694,32.3215194],[108.901087,32.3210842],[108.9007652,32.3208848],[108.9001322,32.320445],[108.899923,32.3203453],[108.8994616,32.3200688],[108.8993178,32.3200349],[108.899129,32.3200824],[108.8983726,32.3200688],[108.8981312,32.320037],[108.8980025,32.3200008],[108.8977987,32.3198648],[108.8976699,32.3197016]]]},"properties":{"osm_id":"890944226","code":7202,"fclass":"park","name":""}},
{"type":"Feature","geometry":{"type":"Polygon","coordinates":[[[108.5001102,32.8910969],[108.4999408,32.8908125],[108.5003602,32.8905551],[108.5013925,32.8909276],[108.5010618,32.8918283],[108.5001747,32.8916454],[108.5001828,32.8913745],[108.5001102,32.8910969]]]},"properties":{"osm_id":"555468181","code":7202,"fclass":"park","name":""}},
{"type":"Feature","geometry":{"type":"Polygon","coordinates":[[[108.5078698,32.8971599],[108.5076794,32.8969774],[108.5079691,32.8968266],[108.5079771,32.8967049],[108.5078993,32.8966374],[108.5079905,32.8964189],[108.5083446,32.8964414],[108.50894,32.8959595],[108.5087979,32.8958469],[108.5090983,32.8956014],[108.5090017,32.895455],[108.5096964,32.8951149],[108.5095784,32.894973],[108.5100371,32.8946915],[108.5108283,32.8937388],[108.5111314,32.8937974],[108.5113969,32.8930902],[108.511008,32.8929393],[108.5114774,32.8917164],[108.5117349,32.8908492],[108.5117885,32.8905136],[108.5118636,32.8899461],[108.5119039,32.8898402],[108.5121614,32.8895767],[108.5122311,32.8894776],[108.5123304,32.8887591],[108.5123304,32.8886442],[108.5122552,32.88816],[108.5120715,32.8878244],[108.512726,32.887473],[108.512781,32.8874347],[108.5128883,32.8873469],[108.5135213,32.8866836],[108.5139075,32.8863446],[108.5139571,32.8863085],[108.5140684,32.8862421],[108.5141315,32.8862128],[108.5141972,32.8861892],[108.5143366,32.8861565],[108.5145405,32.8861216],[108.5146759,32.8861171],[108.5148101,32.8861193],[108.5148516,32.8861576],[108.5148771,32.8862106],[108.5149764,32.886589],[108.5151266,32.8868649],[108.5154578,32.8873244],[108.5152727,32.8878627],[108.515144,32.8880744],[108.5150796,32.8882951],[108.5150099,32.8887726],[108.5149938,32.8889979],[108.5149938,32.8892231],[108.5150045,32.8896826],[108.5149884,32.8899123],[108.5148168,32.8903898],[108.5147792,32.890624],[108.5148221,32.8908447],[108.5148919,32.8910609],[108.5149509,32.8912997],[108.5149187,32.8915204],[108.5148543,32.8916916],[108.5145646,32.892079],[108.5144412,32.8922952],[108.5143232,32.8925249],[108.5141891,32.8927456],[108.5140711,32.8929618],[108.5138673,32.8933988],[108.5137868,32.893615],[108.5137385,32.8938357],[108.5136902,32.8942906],[108.5138029,32.8949257],[108.5138512,32.895151],[108.5138351,32.8953852],[108.5137224,32.8956149],[108.5134005,32.8960248],[108.5131001,32.8964482],[108.5129553,32.8966644],[108.5128534,32.8968716],[108.5127675,32.8974031],[108.5127622,32.8976328],[108.5127944,32.8978625],[108.5130089,32.8980022],[108.5131323,32.8982048],[108.5131699,32.89843],[108.5131431,32.8986553],[108.5129714,32.8988309],[108.5127139,32.89893],[108.512435,32.8990066],[108.5121882,32.8991147],[108.5117966,32.8993399],[108.5116652,32.8992926],[108.5115525,32.8992295],[108.5114613,32.8991417],[108.5113862,32.8990471],[108.5111716,32.8987431],[108.5110858,32.8986485],[108.5109892,32.8985584],[108.5108766,32.8984751],[108.5107586,32.898421],[108.5106191,32.8983918],[108.5104823,32.898385],[108.5103562,32.8984278],[108.5102436,32.8984931],[108.5101336,32.8985719],[108.5100183,32.8986417],[108.5098976,32.898698],[108.5097715,32.8987318],[108.5096347,32.8987408],[108.5095006,32.8987408],[108.5090017,32.8987116],[108.5088864,32.8986553],[108.5087791,32.8985787],[108.5086933,32.8984931],[108.5086155,32.8984008],[108.5077438,32.8972725],[108.5078698,32.8971599]]]},"properties":{"osm_id":"965792396","code":7202,"fclass":"park","name":"龙岗公园"}},
{"type":"Feature","geometry":{"type":"Polygon","coordinates":[[[108.6950772,34.0075726],[108.6937664,34.0031862],[108.6980432,34.0022977],[108.6984617,34.0037828],[108.6989924,34.0048236],[108.6994569,34.006537],[108.6987772,34.006663],[108.6994815,34.0093072],[108.6965674,34.0092691],[108.6959397,34.0074119],[108.6950772,34.0075726]]]},"properties":{"osm_id":"1227505874","code":7202,"fclass":"park","name":"西安国家版本馆 (文济阁)"}},
{"type":"Feature","geometry":{"type":"Polygon","coordinates":[[[108.8541478,34.0506152],[108.8537439,34.0505901],[108.8539718,34.0503346],[108.8541097,34.0502646],[108.8542601,34.050225],[108.8542776,34.0499463],[108.854368,34.04975],[108.8545527,34.049515],[108.8546548,34.0493185],[108.8548978,34.0491392],[108.8549987,34.0488675],[108.8551199,34.0487583],[108.8552915,34.0486695],[108.8552915,34.0481731],[108.8554103,34.0481731],[108.8555084,34.0481279],[108.8555775,34.0480191],[108.8556262,34.0478651],[108.8554043,34.0475961],[108.855286,34.0474035],[108.8548374,34.046494],[108.8547304,34.046147],[108.8557309,34.0463791],[108.8576192,34.0463479],[108.8592875,34.0460679],[108.8606071,34.0456856],[108.86168,34.0455612],[108.8629246,34.0453478],[108.863166,34.0452412],[108.8634235,34.0449389],[108.8645071,34.0443344],[108.8650596,34.0439699],[108.8654619,34.043881],[108.8657999,34.0438277],[108.8667387,34.0436232],[108.8679081,34.0434365],[108.86823,34.0431565],[108.8685411,34.0429564],[108.8692492,34.042912],[108.8701504,34.0432765],[108.870365,34.0434943],[108.8703018,34.0439962],[108.8702341,34.0454931],[108.8705241,34.0457385],[108.8708202,34.0460608],[108.8709272,34.0461059],[108.8710319,34.0461024],[108.8711134,34.046046],[108.8711195,34.0459409],[108.8710591,34.0457966],[108.8709643,34.0456691],[108.8706968,34.0455007],[108.8705921,34.0452271],[108.8705732,34.0448938],[108.8706605,34.0446011],[108.8707373,34.0444766],[108.8713318,34.0444766],[108.8713092,34.0449056],[108.8712549,34.0450053],[108.871178,34.0450446],[108.8714385,34.0459194],[108.8715597,34.0460898],[108.8719493,34.046354],[108.8721245,34.046406],[108.8724572,34.0464137],[108.8723433,34.0466658],[108.8722591,34.0470183],[108.8726723,34.0472702],[108.87302,34.0474026],[108.8733532,34.0475605],[108.8738519,34.0478961],[108.8743332,34.0482758],[108.8746143,34.0485663],[108.874783,34.0488007],[108.8749866,34.0490178],[108.8751828,34.0491775],[108.8754411,34.0492722],[108.8756857,34.0496003],[108.876217,34.0501909],[108.8761645,34.0503642],[108.8760298,34.0505597],[108.8755299,34.0510121],[108.8753957,34.051206],[108.875223,34.0513975],[108.8749209,34.0515436],[108.8746338,34.0515959],[108.874506,34.0515056],[108.874506,34.0514258],[108.8742355,34.0516119],[108.874127,34.0514637],[108.8740133,34.0512024],[108.8736406,34.0508113],[108.8732368,34.0507643],[108.8729217,34.0506998],[108.8728025,34.0506559],[108.8725458,34.0505094],[108.8724327,34.050605],[108.8724185,34.0508305],[108.8726223,34.0513085],[108.872645,34.051456],[108.8725988,34.0515515],[108.8724175,34.0516084],[108.8722061,34.0517629],[108.8718065,34.0521655],[108.8706019,34.0519908],[108.8702876,34.0519707],[108.8701042,34.0519832],[108.8699373,34.0520272],[108.8698107,34.0518168],[108.8697627,34.0515541],[108.8696955,34.0514819],[108.8695981,34.0514679],[108.8693552,34.0516048],[108.8682657,34.0515122],[108.8681069,34.0516615],[108.8678261,34.0517697],[108.8677267,34.0518713],[108.8676336,34.0520153],[108.865785,34.0519463],[108.8655805,34.0518801],[108.8653386,34.0517341],[108.8651487,34.051572],[108.8650646,34.0512789],[108.8649165,34.050988],[108.8651313,34.0508919],[108.8653791,34.0508292],[108.8658583,34.050797],[108.8660925,34.0507561],[108.8661449,34.0507263],[108.8662022,34.0506494],[108.8664091,34.0506925],[108.8665982,34.0507016],[108.8667746,34.0506607],[108.8669048,34.0505828],[108.8669983,34.0504062],[108.8671082,34.0503823],[108.8672585,34.0504087],[108.8675741,34.050561],[108.8676985,34.050586],[108.8677827,34.0505602],[108.8678479,34.0504063],[108.8679336,34.0503805],[108.8680451,34.0504063],[108.8682989,34.050561],[108.8684946,34.050586],[108.8687097,34.0505587],[108.8690596,34.0504155],[108.8691737,34.0504147],[108.8692466,34.0504749],[108.8692722,34.0507323],[108.8695014,34.0507323],[108.8697099,34.0507673],[108.8698895,34.0508515],[108.8700485,34.0509707],[108.8701493,34.050887],[108.8702755,34.0508281],[108.8707993,34.0507377],[108.8712455,34.0505883],[108.8712525,34.0503415],[108.8714284,34.0505293],[108.8715313,34.0505851],[108.871942,34.0500963],[108.8718278,34.0495915],[108.8721444,34.0491886],[108.8722523,34.0490097],[108.8722604,34.0489682],[108.8720836,34.0486928],[108.8716656,34.0481909],[108.8715392,34.0481023],[108.8714541,34.0480824],[108.8713947,34.0479988],[108.8712322,34.0478988],[108.8708088,34.047727],[108.8706204,34.0478082],[108.8703387,34.0478584],[108.8699261,34.047865],[108.8694201,34.0478405],[108.8692272,34.0476677],[108.8689019,34.047593],[108.8688527,34.0475428],[108.8687717,34.0473098],[108.8682308,34.0473558],[108.8679437,34.0466585],[108.8675367,34.0466329],[108.8672849,34.046675],[108.8670375,34.0467729],[108.8669131,34.0467604],[108.866796,34.0466673],[108.8665413,34.0463312],[108.8664171,34.0462632],[108.8663079,34.0462839],[108.8661576,34.0464864],[108.866057,34.0465347],[108.8659667,34.0465315],[108.8659276,34.0464672],[108.8658499,34.0464139],[108.8656736,34.0463978],[108.8654838,34.0464177],[108.8653655,34.046473],[108.8653081,34.0465499],[108.8649658,34.0462882],[108.8647858,34.0462127],[108.8647291,34.0462169],[108.8646322,34.0462665],[108.8648486,34.0464826],[108.8646852,34.0465815],[108.8645123,34.0466515],[108.8643259,34.0466805],[108.8641299,34.0466805],[108.8636419,34.0471009],[108.8634875,34.0471665],[108.8633879,34.0471269],[108.8633378,34.0469826],[108.8633105,34.0467871],[108.8629673,34.0467871],[108.8629107,34.0471174],[108.8630891,34.047156],[108.8632151,34.0472082],[108.8632534,34.0472435],[108.8633406,34.0474403],[108.8635064,34.0476348],[108.8637752,34.04745],[108.8638602,34.0477905],[108.8638431,34.0479874],[108.8637672,34.0482936],[108.8634931,34.049227],[108.8634401,34.0495086],[108.8634401,34.0496708],[108.863054,34.0497919],[108.8628548,34.0496595],[108.8627373,34.0501028],[108.8630472,34.0502906],[108.86287,34.0506615],[108.8628395,34.0509997],[108.863212,34.0512046],[108.8630862,34.051373],[108.8626465,34.05094],[108.862741,34.0504572],[108.8625114,34.0502994],[108.8624336,34.0504259],[108.8623791,34.0509229],[108.8623335,34.051031],[108.8622493,34.0510685],[108.8621179,34.0510453],[108.8620275,34.0509695],[108.8619853,34.050844],[108.8619967,34.0507143],[108.8621005,34.0505968],[108.8621459,34.0504904],[108.8621525,34.0502707],[108.8617767,34.050098],[108.8614145,34.0500043],[108.861385,34.0499577],[108.8614146,34.0498908],[108.8616261,34.0497279],[108.8613219,34.0494969],[108.8611926,34.0494599],[108.8610587,34.0494786],[108.8607435,34.0496508],[108.8608422,34.0498301],[108.8609648,34.0499708],[108.8611212,34.0500569],[108.8613016,34.0501044],[108.8612019,34.0503652],[108.8615651,34.050576],[108.8615092,34.0509815],[108.8613058,34.0509628],[108.8612293,34.0509021],[108.8611544,34.0507922],[108.8610137,34.0504839],[108.8609573,34.0506616],[108.8608808,34.0507871],[108.8607761,34.0508393],[108.8606513,34.0508393],[108.8606748,34.0505082],[108.8606254,34.0504572],[108.8605264,34.0504906],[108.8602159,34.0507741],[108.8601005,34.0509373],[108.860031,34.0510974],[108.8600078,34.0514281],[108.8593226,34.0516612],[108.8588495,34.0517679],[108.8588987,34.0521544],[108.8583014,34.0521743],[108.8582119,34.0521959],[108.8580736,34.0522696],[108.857951,34.0522213],[108.8578077,34.0520846],[108.857446,34.0515232],[108.8578197,34.0514789],[108.8578717,34.051107],[108.8576032,34.0509197],[108.8573665,34.0507875],[108.857258,34.0507473],[108.8570468,34.0507125],[108.8568912,34.0506286],[108.8566984,34.0506431],[108.8566614,34.0506027],[108.85668,34.050572],[108.8568057,34.0505204],[108.8571333,34.0504836],[108.8571605,34.0502881],[108.8572111,34.05015],[108.8572509,34.050108],[108.8573499,34.0500772],[108.8574999,34.0499728],[108.857751,34.0497009],[108.8575588,34.049367],[108.8574571,34.0493008],[108.8573377,34.0493219],[108.8569697,34.0496046],[108.8569627,34.0499859],[108.8561476,34.0500293],[108.8561727,34.0498349],[108.8563056,34.0497142],[108.8563134,34.0496565],[108.8562622,34.0496125],[108.855996,34.0495949],[108.8555052,34.0490641],[108.8553786,34.0489782],[108.8552799,34.049008],[108.8550836,34.04926],[108.85508,34.0492856],[108.8551888,34.049293],[108.8552459,34.0493873],[108.8552582,34.0495147],[108.8552097,34.0496244],[108.8551158,34.0497182],[108.8552781,34.049818],[108.8556241,34.0499628],[108.8556074,34.0500093],[108.8554481,34.0500346],[108.8546897,34.0500083],[108.854637,34.050122],[108.8546428,34.0502566],[108.8547305,34.0504205],[108.8548767,34.0506052],[108.854689,34.0507607],[108.8541478,34.0506152]]]},"properties":{"osm_id":"1285229928","code":7202,"fclass":"park","name":""}},
{"type":"Feature","geometry":{"type":"Polygon","coordinates":[[[108.322379,34.0600193],[108.3220518,34.0596815],[108.3221751,34.0594638],[108.3223897,34.0594726],[108.3228242,34.0591482],[108.3242458,34.0586238],[108.3241707,34.0579038],[108.3241707,34.057575],[108.3248681,34.0573616],[108.325308,34.0567794],[108.3255279,34.0564239],[108.325367,34.0561128],[108.3251202,34.055855],[108.3248842,34.0556728],[108.3242941,34.0554906],[108.3243585,34.0554194],[108.3250987,34.055535],[108.3256781,34.0560505],[108.3258444,34.056375],[108.3255601,34.0572772],[108.3256727,34.0573838],[108.3265471,34.0574638],[108.3277219,34.0574061],[108.3278934,34.0583705],[108.3277423,34.0583745],[108.3276374,34.0582578],[108.3274941,34.0582646],[108.3274471,34.0582218],[108.3273218,34.0577849],[108.3272557,34.0576869],[108.3271838,34.057697],[108.3271126,34.0578193],[108.3271101,34.0579645],[108.327277,34.0581773],[108.327299,34.0582825],[108.3271551,34.0583782],[108.3270024,34.0582446],[108.3269482,34.0584292],[108.3267599,34.0586375],[108.3267339,34.0587747],[108.3267776,34.0589148],[108.3271701,34.0592946],[108.3275485,34.0591626],[108.3281306,34.0587795],[108.3281707,34.0587724],[108.3281864,34.0588568],[108.3280857,34.0591121],[108.3277506,34.0592977],[108.3276348,34.0594111],[108.3275615,34.0595727],[108.3273454,34.0594745],[108.3272484,34.0594896],[108.327182,34.0595632],[108.3271259,34.0598282],[108.327005,34.0599874],[108.3270394,34.0600844],[108.3273298,34.0603605],[108.327536,34.0606875],[108.3276949,34.0610398],[108.3277585,34.0613279],[108.3276607,34.0617525],[108.3275036,34.0619474],[108.3265418,34.0619925],[108.3265471,34.0612858],[108.325839,34.0616058],[108.3251631,34.0617125],[108.3249861,34.0619125],[108.3249861,34.0626191],[108.3248849,34.0648068],[108.3246389,34.0648249],[108.3245195,34.0647635],[108.3244391,34.0646417],[108.3243726,34.0642698],[108.3241801,34.0639541],[108.3241719,34.0638227],[108.3242618,34.0637028],[108.3246412,34.0634535],[108.3247481,34.063298],[108.324761,34.0631506],[108.3246339,34.0630122],[108.3244393,34.0625848],[108.3241125,34.0624588],[108.3237498,34.062473],[108.3235002,34.0626516],[108.3234465,34.0628724],[108.3234891,34.063401],[108.323569,34.0635052],[108.3238556,34.0636639],[108.3240647,34.0638842],[108.3239804,34.0640159],[108.3237751,34.0641774],[108.3233164,34.0643808],[108.3231199,34.0643577],[108.3229709,34.064062],[108.3228834,34.06397],[108.322733,34.0620547],[108.322379,34.0600193]]]},"properties":{"osm_id":"1339439387","code":7202,"fclass":"park","name":""}},
{"type":"Feature","geometry":{"type":"Polygon","coordinates":[[[108.6231903,34.062458],[108.6230076,34.0603829],[108.6242669,34.0603512],[108.6243629,34.0623879],[108.6231903,34.062458]]]},"properties":{"osm_id":"451583775","code":7202,"fclass":"park","name":"文化宫广场"}},
{"type":"Feature","geometry":{"type":"Polygon","coordinates":[[[108.3180517,34.0619653],[108.3168844,34.0617946],[108.3171762,34.0607422],[108.3176053,34.060344],[108.3200601,34.0602587],[108.3200429,34.0605147],[108.3202833,34.0612969],[108.3204549,34.0628896],[108.3203519,34.0641553],[108.3185151,34.0641695],[108.3180517,34.0619653]]]},"properties":{"osm_id":"1231095749","code":7202,"fclass":"park","name":"秦岭四宝科学公园"}},
{"type":"Feature","geometry":{"type":"Polygon","coordinates":[[[108.3487952,34.0759029],[108.3485025,34.0715251],[108.3487139,34.0711479],[108.3522427,34.0699895],[108.3564708,34.0689792],[108.3570075,34.0691139],[108.3573815,34.0754718],[108.3487952,34.0759029]]]},"properties":{"osm_id":"474995591","code":7202,"fclass":"park","name":"曲江农业博览园"}},
{"type":"Feature","geometry":{"type":"Polygon","coordinates":[[[108.3340655,34.0790779],[108.3340524,34.078436],[108.3348601,34.0784144],[108.3348857,34.0758349],[108.3398661,34.0746336],[108.3400378,34.0766712],[108.3403248,34.0800762],[108.3347935,34.0801039],[108.3348471,34.0791103],[108.3340655,34.0790779]]]},"properties":{"osm_id":"294785572","code":7202,"fclass":"park","name":"赵公明文化景区"}},
{"type":"Feature","geometry":{"type":"Polygon","coordinates":[[[107.0286145,33.0712317],[107.0285847,33.0704992],[107.0292647,33.0705142],[107.0293064,33.0709789],[107.0293878,33.072047],[107.028961,33.07207],[107.0288434,33.0720763],[107.0286248,33.072088],[107.0286145,33.0712317]]]},"properties":{"osm_id":"1178578028","code":7202,"fclass":"park","name":"古汉台"}},
{"type":"Feature","geometry":{"type":"Polygon","coordinates":[[[107.0233539,33.0808554],[107.0233386,33.0806822],[107.0234437,33.0805824],[107.0235021,33.0805452],[107.0239002,33.0805535],[107.0240648,33.0805569],[107.0241629,33.0805589],[107.0241919,33.0805694],[107.0242166,33.0805791],[107.0244127,33.0806489],[107.0244303,33.0808466],[107.0245949,33.0826974],[107.0245388,33.0828774],[107.0243403,33.0829185],[107.0238487,33.0829028],[107.0236959,33.0828226],[107.0235161,33.0826856],[107.0235044,33.0825585],[107.023503,33.0825426],[107.0234994,33.0825015],[107.0234751,33.0822271],[107.0234738,33.0822124],[107.023472,33.0821912],[107.0234702,33.082171],[107.0234395,33.0818233],[107.0234388,33.0818161],[107.0234193,33.0815947],[107.0234136,33.0815306],[107.023369,33.0810256],[107.0233539,33.0808554]]]},"properties":{"osm_id":"1334504368","code":7202,"fclass":"park","name":""}},
{"type":"Feature","geometry":{"type":"Polygon","coordinates":[[[106.9997166,33.0856441],[106.9994831,33.0855032],[106.9995578,33.0831164],[106.999754,33.0828112],[107.0039009,33.082819],[107.0039663,33.0835703],[107.0027708,33.0842903],[107.002145,33.0847363],[107.0016687,33.0850807],[107.0014725,33.0852215],[107.0012204,33.0856832],[106.9997166,33.0856441]]]},"properties":{"osm_id":"659631730","code":7202,"fclass":"park","name":"苏景园"}},
{"type":"Feature","geometry":{"type":"Polygon","coordinates":[[[107.5180857,33.2275845],[107.5175149,33.2274685],[107.5176109,33.2268928],[107.5203956,33.2274417],[107.5204597,33.2275042],[107.5203049,33.2279862],[107.5201769,33.2279772],[107.5194994,33.2278657],[107.5193394,33.2279282],[107.5191755,33.2284684],[107.5180268,33.2282502],[107.518171,33.2276559],[107.5180857,33.2275845]]]},"properties":{"osm_id":"1050747047","code":7202,"fclass":"park","name":""}},
{"type":"Feature","geometry":{"type":"Polygon","coordinates":[[[107.2379138,33.2620558],[107.2364335,33.2617778],[107.2366197,33.2608772],[107.2391033,33.2612001],[107.2391241,33.2619465],[107.2387957,33.2627567],[107.2378125,33.2625934],[107.2379138,33.2620558]]]},"properties":{"osm_id":"946863469","code":7202,"fclass":"park","name":""}},
{"type":"Feature","geometry":{"type":"Polygon","coordinates":[[[107.0122245,33.7094877],[107.0121816,33.7094006],[107.0121863,33.7093793],[107.0121973,33.7093595],[107.0122138,33.7093426],[107.0122383,33.709328],[107.0122669,33.7093198],[107.0122971,33.7093187],[107.0123264,33.7093248],[107.0126751,33.7093404],[107.0130426,33.7092779],[107.0132625,33.7097465],[107.0126644,33.7101325],[107.0122245,33.7094877]]]},"properties":{"osm_id":"904785003","code":7202,"fclass":"park","name":"留坝千年银杏树"}},
{"type":"Feature","geometry":{"type":"Polygon","coordinates":[[[107.3565771,34.051266],[107.3564785,34.051072],[107.3570208,34.0507657],[107.358056,34.0505206],[107.3583395,34.0506125],[107.3608413,34.0501224],[107.3610015,34.0506227],[107.3599293,34.0514498],[107.3590913,34.0517357],[107.3584011,34.0519297],[107.3574029,34.0520727],[107.3570208,34.0514294],[107.3565771,34.051266]]]},"properties":{"osm_id":"1220042110","code":7202,"fclass":"park","name":""}},
{"type":"Feature","geometry":{"type":"Polygon","coordinates":[[[107.4273609,34.0597778],[107.4250862,34.059561],[107.4251362,34.0593123],[107.4253364,34.059223],[107.4260138,34.0589615],[107.4267643,34.0587734],[107.4270261,34.0587256],[107.4274109,34.0585884],[107.4281268,34.0586044],[107.4282115,34.0587192],[107.4280383,34.0588372],[107.4278266,34.0588977],[107.427434,34.0590062],[107.4272993,34.0591752],[107.427334,34.0593218],[107.4274417,34.0596248],[107.4273609,34.0597778]]]},"properties":{"osm_id":"1078581680","code":7202,"fclass":"park","name":""}},
{"type":"Feature","geometry":{"type":"Polygon","coordinates":[[[108.3115466,34.0596078],[108.3107313,34.0595278],[108.3107634,34.0591812],[108.312641,34.0579546],[108.3129486,34.0582368],[108.3136388,34.0588701],[108.3137782,34.0597501],[108.3142932,34.0603633],[108.3153554,34.0613144],[108.311749,34.0613546],[108.3115466,34.0596078]]]},"properties":{"osm_id":"474995592","code":7202,"fclass":"park","name":"化女泉"}},
{"type":"Feature","geometry":{"type":"Polygon","coordinates":[[[107.4255173,34.059899],[107.4254288,34.0598033],[107.4293416,34.0602318],[107.4293046,34.0603422],[107.4287196,34.0603135],[107.4279305,34.0603167],[107.427538,34.0603613],[107.4272262,34.0604793],[107.4269183,34.060508],[107.4266065,34.0604729],[107.4263987,34.0602721],[107.425983,34.0600648],[107.4256982,34.0599596],[107.4255173,34.059899]]]},"properties":{"osm_id":"1078581679","code":7202,"fclass":"park","name":""}},
{"type":"Feature","geometry":{"type":"Polygon","coordinates":[[[108.3492339,34.081235],[108.3488156,34.0762402],[108.3573907,34.0757061],[108.3580374,34.0808244],[108.3492339,34.081235]]]},"properties":{"osm_id":"540666155","code":7202,"fclass":"park","name":""}},
{"type":"Feature","geometry":{"type":"Polygon","coordinates":[[[108.6737568,34.0817239],[108.6737224,34.0806054],[108.6748361,34.0804917],[108.6749707,34.0815956],[108.6737568,34.0817239]]]},"properties":{"osm_id":"1229652038","code":7202,"fclass":"park","name":"邑站站前广场"}},
{"type":"Feature","geometry":{"type":"Polygon","coordinates":[[[108.8107022,34.0990856],[108.8106813,34.0976052],[108.811257,34.0933323],[108.8277099,34.0932573],[108.8278757,34.0944197],[108.8267582,34.094388],[108.8265117,34.0941772],[108.8250586,34.0942075],[108.8245765,34.0944636],[108.8242811,34.0947933],[108.8245468,34.0960244],[108.8245003,34.0969297],[108.8202068,34.0965227],[108.8200213,34.0982011],[108.8197125,34.0981165],[108.8186655,34.0977526],[108.8177155,34.0978321],[108.81724,34.0989413],[108.8171181,34.0999068],[108.8166028,34.0999255],[108.8150711,34.0997863],[108.8137822,34.1002503],[108.8125866,34.1012093],[108.8110175,34.1010392],[108.8107438,34.1001824],[108.8107022,34.0990856]]]},"properties":{"osm_id":"377247702","code":7202,"fclass":"park","name":""}},
{"type":"Feature","geometry":{"type":"Polygon","coordinates":[[[108.7776221,34.1076537],[108.7763646,34.1066036],[108.776916,34.1050101],[108.7775553,34.1052484],[108.7780059,34.1052573],[108.7784673,34.1054261],[108.778865,34.1058746],[108.7796732,34.1063183],[108.779958,34.1065241],[108.7805563,34.1065094],[108.78101,34.1064566],[108.7814923,34.1061279],[108.7816461,34.1055477],[108.7817605,34.1047865],[108.7820287,34.1038271],[108.7823077,34.1038715],[108.7845537,34.1014086],[108.7862237,34.0997937],[108.7871587,34.0993017],[108.7876758,34.0991901],[108.7892599,34.0991985],[108.7915443,34.0979697],[108.7935231,34.0967455],[108.7958375,34.0958959],[108.7962928,34.0958824],[108.8027162,34.0976465],[108.8078062,34.0986699],[108.8097089,34.099424],[108.8103105,34.1005282],[108.8103185,34.1005838],[108.8104732,34.1016593],[108.8103402,34.1030926],[108.8096058,34.1029001],[108.8076388,34.1020525],[108.8070238,34.1018674],[108.8063015,34.1017533],[108.8053851,34.1016348],[108.8045849,34.1015841],[108.8040261,34.1015823],[108.8040069,34.1014318],[108.8033333,34.1015033],[108.8033701,34.1016375],[108.8024046,34.1018179],[108.8018146,34.1018637],[108.8016484,34.1018606],[108.8016414,34.1016604],[108.8009907,34.1016378],[108.8009445,34.1018414],[108.8002727,34.1017781],[108.7997243,34.1016743],[108.799309,34.1015706],[108.798935,34.1014635],[108.7985234,34.1013145],[108.7980659,34.1011152],[108.7976179,34.100885],[108.7971733,34.1006286],[108.7966979,34.1002874],[108.7968603,34.1001368],[108.7963498,34.0998006],[108.7962133,34.0999438],[108.7957343,34.0997286],[108.7952566,34.0995829],[108.7948942,34.0995262],[108.7941724,34.0995084],[108.7939345,34.0995244],[108.7938952,34.0993176],[108.7932156,34.0994374],[108.7932649,34.0996644],[108.7927003,34.0998553],[108.7920509,34.1001867],[108.791089,34.1007302],[108.7882346,34.1022286],[108.7879463,34.1021088],[108.7873351,34.102128],[108.7873445,34.1073581],[108.7841371,34.1072997],[108.7835717,34.1075016],[108.7831149,34.1079864],[108.7814743,34.1086414],[108.7776221,34.1076537]]]},"properties":{"osm_id":"477867727","code":7202,"fclass":"park","name":"河湿地公园"}},
{"type":"Feature","geometry":{"type":"Polygon","coordinates":[[[108.6397805,34.1095683],[108.6397098,34.1055939],[108.6420692,34.1055223],[108.6423211,34.1095505],[108.6397805,34.1095683]]]},"properties":{"osm_id":"293498127","code":7202,"fclass":"park","name":""}},
{"type":"Feature","geometry":{"type":"Polygon","coordinates":[[[108.5828543,34.1235363],[108.5822535,34.1234298],[108.5834551,34.1176565],[108.5848274,34.1101853],[108.5848713,34.1099463],[108.5847855,34.1092712],[108.5851502,34.1087027],[108.5865021,34.100512],[108.5892916,34.094133],[108.5897636,34.0943817],[108.5883474,34.0979889],[108.5871673,34.100743],[108.5851502,34.1114564],[108.5835409,34.120179],[108.5828543,34.1235363]]]},"properties":{"osm_id":"387283670","code":7202,"fclass":"park","name":""}},
{"type":"Feature","geometry":{"type":"Polygon","coordinates":[[[108.6012443,34.110175],[108.5990395,34.1102506],[108.5990449,34.1099574],[108.5994097,34.1097131],[108.6012497,34.1096687],[108.6012443,34.110175]]]},"properties":{"osm_id":"378244581","code":7202,"fclass":"park","name":""}},
{"type":"Feature","geometry":{"type":"Polygon","coordinates":[[[108.621511,34.1103108],[108.620789,34.1103283],[108.6208032,34.109836],[108.6238265,34.1098241],[108.6238611,34.1102697],[108.6228276,34.1102873],[108.6228135,34.1108031],[108.6214898,34.1107972],[108.621511,34.1103108]]]},"properties":{"osm_id":"448918643","code":7202,"fclass":"park","name":"人民路广场"}},
{"type":"Feature","geometry":{"type":"Polygon","coordinates":[[[108.7926607,34.1122833],[108.7918808,34.1122768],[108.7918859,34.111852],[108.7926658,34.1118584],[108.7926607,34.1122833]]]},"properties":{"osm_id":"1243406896","code":7202,"fclass":"park","name":""}},
{"type":"Feature","geometry":{"type":"Polygon","coordinates":[[[108.8309494,34.1049423],[108.8301555,34.1048015],[108.8302576,34.1039657],[108.8321401,34.1041348],[108.8337845,34.1041629],[108.8351114,34.1039845],[108.8353722,34.1038531],[108.8357238,34.1039188],[108.8358258,34.1041535],[108.8391146,34.1043695],[108.8404641,34.1041535],[108.8414734,34.1042756],[108.8431972,34.1047076],[108.844524,34.1052522],[108.846622,34.1055621],[108.848153,34.1056466],[108.8497407,34.105656],[108.8509768,34.1056654],[108.8515552,34.1053837],[108.8515779,34.1057593],[108.8535852,34.1061912],[108.8568399,34.1068297],[108.8585183,34.1073086],[108.860174,34.1077124],[108.862703,34.1081255],[108.8626463,34.1075903],[108.863769,34.1079753],[108.8648464,34.1084917],[108.8661505,34.1093837],[108.8667402,34.1104072],[108.8675227,34.1109987],[108.8683733,34.1112335],[108.8701197,34.1107358],[108.87156,34.1099847],[108.8728415,34.1097124],[108.8740095,34.1097124],[108.8748714,34.1098344],[108.8760508,34.1095058],[108.8769808,34.109534],[108.8779447,34.1099847],[108.8784324,34.1107358],[108.8797479,34.1114025],[108.8799066,34.1127076],[108.88002,34.1128297],[108.8833523,34.1151978],[108.8845539,34.1162992],[108.8850045,34.1182888],[108.8853264,34.1194613],[108.8863992,34.1200653],[108.8886577,34.1195634],[108.88987,34.1192436],[108.8915867,34.1196655],[108.8926542,34.1197633],[108.8942206,34.1193813],[108.8944782,34.1206326],[108.8918659,34.1211059],[108.8886424,34.1211216],[108.888502,34.1219378],[108.8869111,34.1219875],[108.8870373,34.1227966],[108.8857078,34.1226465],[108.8847157,34.1224481],[108.88362,34.122001],[108.8826549,34.1209268],[108.8823974,34.1200564],[108.8828802,34.1187596],[108.8828266,34.1182977],[108.882494,34.1169387],[108.8802731,34.1148336],[108.8750589,34.1120622],[108.8732028,34.1111472],[108.8701451,34.1117424],[108.8698362,34.112379],[108.8688269,34.1120691],[108.8676588,34.1118344],[108.8667402,34.111318],[108.8658557,34.1104072],[108.8653113,34.1094401],[108.8648917,34.1090927],[108.8640412,34.1089143],[108.8636216,34.1099283],[108.8627483,34.1096373],[108.8621813,34.10898],[108.8604689,34.1084917],[108.8591874,34.1080692],[108.8572255,34.1075527],[108.8557058,34.1072053],[108.853812,34.1070832],[108.8524171,34.106933],[108.8502964,34.1066325],[108.8485159,34.106548],[108.8469509,34.1064541],[108.845987,34.1064635],[108.8439684,34.106163],[108.8421879,34.1059189],[108.8409744,34.1057593],[108.8385249,34.1057123],[108.838196,34.1053085],[108.8351454,34.1050926],[108.8348505,34.1052804],[108.8336258,34.1050832],[108.8322876,34.1049423],[108.8309494,34.1049423]]]},"properties":{"osm_id":"295180763","code":7202,"fclass":"park","name":""}},
{"type":"Feature","geometry":{"type":"Polygon","coordinates":[[[109.2704858,34.0807555],[109.2668806,34.0787132],[109.2673476,34.0766399],[109.267553,34.0747059],[109.2695331,34.0758354],[109.2699814,34.0741488],[109.2705418,34.0736846],[109.2713451,34.0739477],[109.2714011,34.0756342],[109.2715319,34.076315],[109.2723538,34.0775373],[109.2761458,34.0782026],[109.2771359,34.078543],[109.2769491,34.0777539],[109.2750811,34.0772124],[109.2750811,34.0766554],[109.2789292,34.0766709],[109.2791533,34.0801521],[109.2769117,34.08074],[109.2744833,34.0806008],[109.2735306,34.0810185],[109.272634,34.08238],[109.2701122,34.0826585],[109.2704858,34.0807555]]]},"properties":{"osm_id":"533105129","code":7202,"fclass":"park","name":"白鹿原影视城"}},
{"type":"Feature","geometry":{"type":"Polygon","coordinates":[[[108.9918924,34.1367449],[108.9918558,34.13533],[108.9933512,34.1353328],[108.9949009,34.1353269],[108.9960963,34.1352931],[108.9963797,34.1371169],[108.993534,34.1371288],[108.9919098,34.1371182],[108.9918924,34.1367449]]]},"properties":{"osm_id":"1305176086","code":7202,"fclass":"park","name":"航天城水生态公园"}},
{"type":"Feature","geometry":{"type":"Polygon","coordinates":[[[108.9791631,34.13931],[108.9790136,34.1392462],[108.9790679,34.1391225],[108.9847346,34.1391038],[108.9848569,34.1390925],[108.9848569,34.1391975],[108.9847437,34.1392762],[108.9791631,34.13931]]]},"properties":{"osm_id":"1032550773","code":7202,"fclass":"park","name":""}},
{"type":"Feature","geometry":{"type":"Polygon","coordinates":[[[108.9890005,34.1421618],[108.9889852,34.1396397],[108.9891286,34.1395759],[108.9912026,34.1395605],[108.9913861,34.1396658],[108.9913685,34.141556],[108.9908773,34.1416234],[108.9905076,34.1424929],[108.9890109,34.1424648],[108.9890005,34.1421618]]]},"properties":{"osm_id":"1305176085","code":7202,"fclass":"park","name":"航腾公园"}},
{"type":"Feature","geometry":{"type":"Polygon","coordinates":[[[109.0075674,34.1428889],[109.0073749,34.1428798],[109.0074155,34.1395039],[109.0073938,34.1393513],[109.0075783,34.139468],[109.0075891,34.1402492],[109.0076542,34.1405993],[109.0076434,34.1423771],[109.0075674,34.1428889]]]},"properties":{"osm_id":"1032554242","code":7202,"fclass":"park","name":""}},
{"type":"Feature","geometry":{"type":"Polygon","coordinates":[[[108.9594621,34.1419732],[108.9593548,34.141914],[108.9594799,34.1417561],[108.9602786,34.1412924],[108.961733,34.1412924],[108.9620489,34.141248],[108.9623767,34.1410359],[108.9632767,34.1408139],[108.9634973,34.1408188],[108.9635569,34.1408583],[108.9620072,34.1424912],[108.9618224,34.1426194],[108.9615303,34.1426046],[108.959921,34.1425652],[108.9597601,34.1425208],[108.9597064,34.1423333],[108.9596409,34.1421311],[108.9594621,34.1419732]]]},"properties":{"osm_id":"1052867659","code":7202,"fclass":"park","name":""}},
{"type":"Feature","geometry":{"type":"Polygon","coordinates":[[[108.9576728,34.1435153],[108.9575495,34.143521],[108.959138,34.142144],[108.959292,34.142144],[108.9594256,34.1422772],[108.9594701,34.1424982],[108.9576728,34.1435153]]]},"properties":{"osm_id":"1052867661","code":7202,"fclass":"park","name":""}},
{"type":"Feature","geometry":{"type":"Polygon","coordinates":[[[108.9580122,34.1444308],[108.9574918,34.1438655],[108.9593782,34.1427955],[108.9613052,34.1427754],[108.9619394,34.143778],[108.9608418,34.1444443],[108.9580122,34.1444308]]]},"properties":{"osm_id":"1006713402","code":7202,"fclass":"park","name":"揽月阁"}},
{"type":"Feature","geometry":{"type":"Polygon","coordinates":[[[109.1457698,34.145271],[109.1455706,34.1448908],[109.1460646,34.1447276],[109.1461784,34.1449346],[109.1459365,34.1449985],[109.1459772,34.1450843],[109.1458288,34.145128],[109.1458918,34.1452323],[109.1457698,34.145271]]]},"properties":{"osm_id":"1308573782","code":7202,"fclass":"park","name":""}},
{"type":"Feature","geometry":{"type":"Polygon","coordinates":[[[108.9687633,34.1472639],[108.9687564,34.1471428],[108.9694182,34.1467978],[108.9704406,34.1481799],[108.9703605,34.1482225],[108.9700688,34.1483514],[108.9697361,34.1485272],[108.9695804,34.1484803],[108.9687633,34.1472639]]]},"properties":{"osm_id":"879047961","code":7202,"fclass":"park","name":"启航公园"}},
{"type":"Feature","geometry":{"type":"Polygon","coordinates":[[[108.3055155,34.0640245],[108.3054726,34.0610737],[108.3068459,34.0610026],[108.3068245,34.0586205],[108.307494,34.0586785],[108.3082621,34.058745],[108.3084123,34.0607537],[108.3092277,34.0608604],[108.3092277,34.0640068],[108.3055155,34.0640245]]]},"properties":{"osm_id":"474995594","code":7202,"fclass":"park","name":"丝路文化园"}},
{"type":"Feature","geometry":{"type":"Polygon","coordinates":[[[107.3117361,34.0630617],[107.3113998,34.0620481],[107.3118855,34.0619552],[107.3128055,34.0627947],[107.312997,34.0633866],[107.3123805,34.0635607],[107.3121984,34.062965],[107.3117361,34.0630617]]]},"properties":{"osm_id":"908509938","code":7202,"fclass":"park","name":""}},
{"type":"Feature","geometry":{"type":"Polygon","coordinates":[[[107.6552123,34.1000071],[107.6551344,34.0997785],[107.6555308,34.0990693],[107.6560334,34.0992861],[107.6554812,34.0999836],[107.6553184,34.1000305],[107.6552123,34.1000071]]]},"properties":{"osm_id":"1232390081","code":7202,"fclass":"park","name":""}},
{"type":"Feature","geometry":{"type":"Polygon","coordinates":[[[107.8930856,34.1270858],[107.8928228,34.1268993],[107.8928337,34.1268501],[107.8928757,34.1268385],[107.8930625,34.126823],[107.8935342,34.1268346],[107.8938985,34.1268887],[107.8941787,34.1270124],[107.894216,34.1270975],[107.8943141,34.1274222],[107.8943888,34.1277431],[107.8944262,34.1278938],[107.8943701,34.1279286],[107.8942207,34.1277933],[107.8935309,34.1273522],[107.8930856,34.1270858]]]},"properties":{"osm_id":"1135626320","code":7202,"fclass":"park","name":""}},
{"type":"Feature","geometry":{"type":"Polygon","coordinates":[[[108.1993337,34.137953],[108.1983159,34.1359255],[108.1992342,34.1352517],[108.2022605,34.1363228],[108.2049733,34.1370112],[108.2055164,34.1370656],[108.207105,34.1372648],[108.209461,34.1389658],[108.2098366,34.1400023],[108.2114437,34.140676],[108.2125499,34.1422479],[108.2129673,34.1434225],[108.2137604,34.1440491],[108.2145535,34.1449598],[108.2146787,34.1454608],[108.2117359,34.146359],[108.2106584,34.144329],[108.2101497,34.1433707],[108.2075408,34.1408142],[108.2069773,34.1398641],[108.2057853,34.1396489],[108.2030536,34.1391558],[108.200716,34.1388104],[108.1995473,34.1383785],[108.1993337,34.137953]]]},"properties":{"osm_id":"300891404","code":7202,"fclass":"park","name":"周至水街"}},
{"type":"Feature","geometry":{"type":"Polygon","coordinates":[[[107.9002261,34.1526003],[107.9000439,34.1505608],[107.9001752,34.1504459],[107.9010954,34.1503873],[107.9014317,34.1505392],[107.9064189,34.1556392],[107.9028957,34.1561764],[107.902717,34.1561764],[107.9026493,34.1557991],[107.9016941,34.1559623],[107.9017681,34.1562478],[107.9012258,34.1563243],[107.9012381,34.1564212],[107.9011272,34.1564263],[107.90093,34.1564219],[107.900381,34.1534178],[107.9002261,34.1526003]]]},"properties":{"osm_id":"1131144676","code":7202,"fclass":"park","name":"太白山生态文化广场"}},
{"type":"Feature","geometry":{"type":"Polygon","coordinates":[[[107.9038987,34.1523324],[107.9021752,34.1504217],[107.9058102,34.150437],[107.9091479,34.1505722],[107.9093214,34.1508003],[107.9102895,34.1556686],[107.9110717,34.1580143],[107.9119595,34.1601644],[107.9123853,34.1610443],[107.9105015,34.159175],[107.9066673,34.1551461],[107.9038987,34.1523324]]]},"properties":{"osm_id":"951890049","code":7202,"fclass":"park","name":""}},
{"type":"Feature","geometry":{"type":"Polygon","coordinates":[[[108.2018591,34.1626427],[108.2018538,34.1626091],[108.2018662,34.162571],[108.2018839,34.1625373],[108.2019175,34.1624948],[108.20196,34.1624582],[108.2020184,34.1624319],[108.202075,34.1624172],[108.2021387,34.1624084],[108.2021936,34.1624172],[108.2022431,34.1624377],[108.2022856,34.1624538],[108.2023298,34.162489],[108.2023634,34.1625314],[108.2023882,34.1625622],[108.2024006,34.1625959],[108.2024006,34.1626427],[108.2023953,34.1626969],[108.202367,34.162754],[108.2023227,34.1627965],[108.2022696,34.1628287],[108.2021865,34.1628594],[108.2021263,34.1628638],[108.2020962,34.1628668],[108.2020484,34.1628624],[108.2019971,34.1628433],[108.201967,34.1628243],[108.2019511,34.1628082],[108.2019157,34.162773],[108.2018892,34.162735],[108.2018644,34.1626837],[108.2018591,34.1626427]]]},"properties":{"osm_id":"6995508","code":7202,"fclass":"park","name":"大转盘"}},
{"type":"Feature","geometry":{"type":"Polygon","coordinates":[[[108.215481,34.1692003],[108.2153293,34.1670285],[108.2170135,34.1674176],[108.2174383,34.1689994],[108.215481,34.1692003]]]},"properties":{"osm_id":"591389256","code":7202,"fclass":"park","name":""}},
{"type":"Feature","geometry":{"type":"Polygon","coordinates":[[[108.2025106,34.171285],[108.2024908,34.1710309],[108.2025697,34.1707848],[108.2027392,34.1705722],[108.2029816,34.1704153],[108.2032718,34.1703304],[108.2035795,34.1703263],[108.2038887,34.1704102],[108.2041459,34.1705751],[108.2043211,34.170802],[108.2043942,34.1710643],[108.2043564,34.1713317],[108.2042124,34.1715731],[108.2039787,34.1717604],[108.2036998,34.1718681],[108.2033939,34.1718967],[108.203093,34.1718433],[108.2028282,34.1717135],[108.2026271,34.1715207],[108.2025106,34.171285]]]},"properties":{"osm_id":"591389257","code":7202,"fclass":"park","name":""}},
{"type":"Feature","geometry":{"type":"Polygon","coordinates":[[[108.6040675,34.1171061],[108.6040675,34.1163334],[108.6048722,34.1163023],[108.6049097,34.1170884],[108.6040675,34.1171061]]]},"properties":{"osm_id":"452210851","code":7202,"fclass":"park","name":"长虹广场"}},
{"type":"Feature","geometry":{"type":"Polygon","coordinates":[[[108.8763206,34.1212621],[108.8757775,34.1212585],[108.8757689,34.1166256],[108.8758161,34.1165048],[108.8759019,34.1165154],[108.8777941,34.1182256],[108.8774494,34.1184593],[108.8774138,34.1184262],[108.8771426,34.1186674],[108.8769838,34.1188575],[108.8768143,34.1190529],[108.876589,34.1192003],[108.8763208,34.119298],[108.8763206,34.1212621]]]},"properties":{"osm_id":"1227505882","code":7202,"fclass":"park","name":""}},
{"type":"Feature","geometry":{"type":"Polygon","coordinates":[[[108.8806769,34.121423],[108.8763206,34.121398],[108.8763206,34.1212621],[108.8763208,34.1196865],[108.8763208,34.119298],[108.876589,34.1192003],[108.8768143,34.1190529],[108.8769838,34.1188575],[108.8771426,34.1186674],[108.8774138,34.1184262],[108.8774494,34.1184593],[108.8777941,34.1182256],[108.877852,34.1182749],[108.8781894,34.1185623],[108.8783271,34.1185683],[108.8784259,34.1186579],[108.878494,34.1187196],[108.8783571,34.1187221],[108.8782153,34.1187237],[108.8782207,34.1191587],[108.8806769,34.121423]]]},"properties":{"osm_id":"1227505875","code":7202,"fclass":"park","name":"陕西省考古研究院"}},
{"type":"Feature","geometry":{"type":"Polygon","coordinates":[[[108.8806769,34.121423],[108.8782207,34.1191587],[108.8782153,34.1187237],[108.8783571,34.1187221],[108.8802535,34.1204698],[108.8804884,34.1206911],[108.8808975,34.1210233],[108.881434,34.1214258],[108.8814109,34.1214369],[108.8806769,34.121423]]]},"properties":{"osm_id":"1227505883","code":7202,"fclass":"park","name":""}},
{"type":"Feature","geometry":{"type":"Polygon","coordinates":[[[108.7414943,34.1454277],[108.7412556,34.14453],[108.741257,34.1436781],[108.7416618,34.1426251],[108.74198,34.1422308],[108.7433127,34.1413674],[108.7437413,34.1407686],[108.744276,34.1404724],[108.7451479,34.1401845],[108.7472634,34.1389247],[108.7482625,34.1382581],[108.7490508,34.1372129],[108.749709,34.1359637],[108.7498902,34.1346502],[108.7493043,34.1326131],[108.7490521,34.1306633],[108.7483229,34.1289769],[108.7483994,34.125734],[108.7477828,34.1238353],[108.7474025,34.1216351],[108.747608,34.1202897],[108.7493826,34.1189443],[108.7496254,34.1170575],[108.75041,34.1172431],[108.7506528,34.1156811],[108.7523714,34.1120622],[108.7528944,34.1100825],[108.7533054,34.1075924],[108.7546877,34.1050404],[108.7548745,34.1048857],[108.757918,34.103888],[108.7576908,34.1058554],[108.7578019,34.1060852],[108.7558272,34.1089535],[108.7556591,34.1102372],[108.7552481,34.1116755],[108.7547998,34.1136242],[108.7534735,34.1135624],[108.7528944,34.1142583],[108.7525395,34.115511],[108.7528125,34.1158501],[108.7529505,34.1160214],[108.7526329,34.1166091],[108.7511385,34.1189288],[108.750354,34.1215423],[108.7502979,34.1223464],[108.7507836,34.1239856],[108.7525582,34.1240165],[108.7525582,34.1255165],[108.7520727,34.1260535],[108.7524143,34.1267032],[108.7531194,34.1296998],[108.7533917,34.1317217],[108.7540268,34.1321799],[108.7548309,34.1336006],[108.7549493,34.1343535],[108.7549131,34.135102],[108.7547417,34.1357146],[108.7544761,34.136337],[108.7536122,34.137462],[108.7532477,34.1379796],[108.7530212,34.1385979],[108.752617,34.140997],[108.7521857,34.1437373],[108.751885,34.1446864],[108.7513963,34.1457573],[108.7508942,34.145692],[108.7502553,34.1472693],[108.7497633,34.1478043],[108.7496254,34.1484612],[108.7488782,34.1510583],[108.7456041,34.1524053],[108.7425145,34.1515489],[108.7422275,34.1508447],[108.7427951,34.1504385],[108.7432118,34.1499104],[108.7436982,34.1491243],[108.7440454,34.1481301],[108.7441261,34.1477328],[108.7439843,34.1475244],[108.7436682,34.1473518],[108.7439297,34.1468184],[108.7423968,34.1463038],[108.7419774,34.1460369],[108.7414943,34.1454277]]]},"properties":{"osm_id":"374651216","code":7202,"fclass":"park","name":""}},
{"type":"Feature","geometry":{"type":"Polygon","coordinates":[[[108.8276229,34.1290898],[108.8271224,34.1283047],[108.8296967,34.1271936],[108.8307888,34.1288619],[108.8304653,34.1290028],[108.8301952,34.12908],[108.8299175,34.1291594],[108.8296452,34.1291973],[108.8293623,34.1292189],[108.8290613,34.129227],[108.8288093,34.1292139],[108.8282917,34.1291557],[108.827962,34.1290942],[108.8276229,34.1290898]]]},"properties":{"osm_id":"159349011","code":7202,"fclass":"park","name":""}},
{"type":"Feature","geometry":{"type":"Polygon","coordinates":[[[108.8288093,34.1292139],[108.8289493,34.129435],[108.8291629,34.1297721],[108.8294415,34.130212],[108.8295245,34.130343],[108.8286525,34.1307226],[108.8276229,34.1290898],[108.827962,34.1290942],[108.8282917,34.1291557],[108.8284963,34.1291939],[108.8288093,34.1292139]]]},"properties":{"osm_id":"291098576","code":7202,"fclass":"park","name":""}},
{"type":"Feature","geometry":{"type":"Polygon","coordinates":[[[108.9452361,34.1435737],[108.9450984,34.1434793],[108.9451026,34.1412919],[108.9458855,34.1412968],[108.9458927,34.1414823],[108.9464204,34.1414883],[108.946421,34.1413011],[108.9484933,34.1412906],[108.9485008,34.1437034],[108.9483364,34.1437823],[108.9476606,34.1436429],[108.946538,34.1436127],[108.9461811,34.1435797],[108.9452361,34.1435737]]]},"properties":{"osm_id":"1036429388","code":7202,"fclass":"park","name":"少陵公园"}},
{"type":"Feature","geometry":{"type":"Polygon","coordinates":[[[108.8968758,34.1412578],[108.8968543,34.1407961],[108.8969348,34.1407694],[108.8969562,34.1406451],[108.8970474,34.1405829],[108.8973049,34.1406407],[108.8981793,34.1408094],[108.8986192,34.1408538],[108.9005199,34.1411249],[108.9026746,34.1412527],[108.9046585,34.1412258],[108.9067157,34.1411922],[108.9067319,34.1418113],[108.9070328,34.1418315],[108.9070333,34.1425771],[108.90712,34.1425798],[108.907166,34.1426354],[108.9072368,34.1426735],[108.9073253,34.1426823],[108.9073925,34.1426676],[108.907435,34.1426003],[108.9074421,34.142568],[108.9074315,34.1424977],[108.907389,34.1424509],[108.9073288,34.1424187],[108.9073359,34.1412675],[108.9092577,34.1412587],[108.9092683,34.1416571],[108.909693,34.1416483],[108.9096859,34.1424216],[108.9098381,34.14253],[108.910093,34.1425358],[108.9102204,34.1424128],[108.9102487,34.14166],[108.9107265,34.1416512],[108.9107265,34.1416161],[108.9108397,34.1416161],[108.9108114,34.1413319],[108.9105035,34.1413231],[108.9105,34.1412558],[108.911268,34.1412704],[108.9116608,34.141288],[108.9119652,34.1413026],[108.9121103,34.1412411],[108.9127403,34.1412704],[108.9134481,34.1412792],[108.91348,34.141244],[108.91434,34.141244],[108.9153276,34.1412608],[108.915361,34.1426613],[108.9154143,34.1429676],[108.9165895,34.1437561],[108.9176141,34.1437562],[108.9173137,34.1450881],[108.9171045,34.1465265],[108.9170615,34.1467796],[108.9125072,34.147077],[108.9121532,34.1472591],[108.9117508,34.1473967],[108.9115148,34.1472679],[108.9108388,34.1472324],[108.9105223,34.1471081],[108.9101844,34.1470282],[108.9098625,34.147077],[108.9095085,34.1470859],[108.9090579,34.1471126],[108.9084408,34.1471009],[108.9072304,34.1478741],[108.906639,34.1475889],[108.9055607,34.1471937],[108.9049707,34.1470028],[108.9044503,34.1466921],[108.903238,34.1457908],[108.9028785,34.1453646],[108.9025245,34.1450494],[108.9019559,34.1448318],[108.9013121,34.1447963],[108.899971,34.144783],[108.8991985,34.1449162],[108.8977609,34.1453824],[108.8971386,34.1425587],[108.8968758,34.1412578]]]},"properties":{"osm_id":"879047968","code":7202,"fclass":"park","name":""}},
{"type":"Feature","geometry":{"type":"Polygon","coordinates":[[[108.8719738,34.1458258],[108.8714134,34.1458181],[108.8714227,34.1448867],[108.8719831,34.1448789],[108.8719738,34.1458258]]]},"properties":{"osm_id":"338286185","code":7202,"fclass":"park","name":"音乐广场"}},
{"type":"Feature","geometry":{"type":"Polygon","coordinates":[[[108.8681079,34.1456548],[108.8681038,34.1451295],[108.8681736,34.1451278],[108.8690014,34.1451193],[108.8689952,34.145784],[108.8681079,34.1456548]]]},"properties":{"osm_id":"1338782268","code":7202,"fclass":"park","name":""}},
{"type":"Feature","geometry":{"type":"Polygon","coordinates":[[[108.869257,34.1484454],[108.869257,34.1459568],[108.8707236,34.1459568],[108.8707236,34.1472725],[108.8707236,34.1484505],[108.8699736,34.1484479],[108.869257,34.1484454]]]},"properties":{"osm_id":"338286195","code":7202,"fclass":"park","name":"北门广场"}},
{"type":"Feature","geometry":{"type":"Polygon","coordinates":[[[108.872515,34.1486103],[108.8725082,34.1460076],[108.8728459,34.1461078],[108.8732332,34.1462431],[108.8735504,34.1464193],[108.8738267,34.1466169],[108.8739768,34.1467901],[108.8740895,34.1469654],[108.8741458,34.147123],[108.8741847,34.1472804],[108.8741701,34.1474599],[108.8741138,34.147673],[108.8739958,34.147915],[108.873757,34.1481348],[108.8735639,34.1483212],[108.873376,34.1484327],[108.8732097,34.1485281],[108.8729764,34.1485948],[108.8728369,34.1486103],[108.872515,34.1486103]]]},"properties":{"osm_id":"338286753","code":7202,"fclass":"park","name":"西北大学公园"}},
{"type":"Feature","geometry":{"type":"Polygon","coordinates":[[[108.8309473,34.1514662],[108.8266772,34.1445982],[108.8270688,34.1444207],[108.8273585,34.144505],[108.8284689,34.1462809],[108.828477,34.1463053],[108.828481,34.1463319],[108.8284823,34.1463686],[108.828477,34.1463963],[108.8286594,34.1467071],[108.828719,34.146711],[108.8287827,34.1467271],[108.8288183,34.1467459],[108.8288552,34.1467737],[108.8300005,34.148676],[108.8299924,34.1487515],[108.8299656,34.1488026],[108.830148,34.1491044],[108.8302177,34.1491178],[108.8302982,34.1491533],[108.8318109,34.1515905],[108.8318324,34.1516571],[108.8317788,34.1517281],[108.8308722,34.1521144],[108.8306791,34.1517193],[108.8309634,34.151595],[108.8309473,34.1514662]]]},"properties":{"osm_id":"1235203111","code":7202,"fclass":"park","name":"永安渠海绵城市生态公园"}},
{"type":"Feature","geometry":{"type":"Polygon","coordinates":[[[108.9405902,34.1504852],[108.9405098,34.1498326],[108.9407083,34.1498237],[108.9407565,34.150574],[108.9405795,34.1505828],[108.9405902,34.1504852]]]},"properties":{"osm_id":"255869853","code":7202,"fclass":"park","name":""}},
{"type":"Feature","geometry":{"type":"Polygon","coordinates":[[[108.9047456,34.1520211],[108.9045685,34.1507293],[108.9047885,34.1506405],[108.9099222,34.1521499],[108.9110702,34.1523274],[108.9128298,34.1523452],[108.9128514,34.152473],[108.9098529,34.1525016],[108.9098364,34.1522031],[108.9057702,34.1510977],[108.9054966,34.151333],[108.9056361,34.1520611],[108.9047456,34.1520211]]]},"properties":{"osm_id":"1164261714","code":7202,"fclass":"park","name":""}},
{"type":"Feature","geometry":{"type":"Polygon","coordinates":[[[108.8554314,34.1564907],[108.8523525,34.1488677],[108.8553301,34.1536177],[108.8571293,34.1565221],[108.8554314,34.1564907]]]},"properties":{"osm_id":"271701497","code":7202,"fclass":"park","name":""}},
{"type":"Feature","geometry":{"type":"Polygon","coordinates":[[[108.884969,34.1539678],[108.8849318,34.1527512],[108.8850029,34.152688],[108.8875151,34.1526075],[108.8876482,34.1526815],[108.888113,34.1531728],[108.8883209,34.1534396],[108.8885538,34.1538114],[108.8885208,34.1538733],[108.884969,34.1539678]]]},"properties":{"osm_id":"346731978","code":7202,"fclass":"park","name":""}},
{"type":"Feature","geometry":{"type":"Polygon","coordinates":[[[108.94093,34.1536273],[108.940902,34.1531959],[108.9420523,34.1531691],[108.9413041,34.1541474],[108.9409532,34.154129],[108.94093,34.1536273]]]},"properties":{"osm_id":"246281535","code":7202,"fclass":"park","name":"金长安广场"}},
{"type":"Feature","geometry":{"type":"Polygon","coordinates":[[[108.9162855,34.1524403],[108.9131358,34.1524703],[108.9131409,34.1523186],[108.9162523,34.1522875],[108.9173841,34.1520167],[108.9174968,34.1520123],[108.9179742,34.157104],[108.9169797,34.1571803],[108.9162855,34.1524403]]]},"properties":{"osm_id":"1164261715","code":7202,"fclass":"park","name":""}},
{"type":"Feature","geometry":{"type":"Polygon","coordinates":[[[109.1364213,34.1489089],[109.1361568,34.1486419],[109.1363725,34.1485084],[109.1366505,34.1487752],[109.1364213,34.1489089]]]},"properties":{"osm_id":"1030192517","code":7202,"fclass":"park","name":""}},
{"type":"Feature","geometry":{"type":"Polygon","coordinates":[[[108.9665648,34.1501216],[108.9665559,34.1481937],[108.9669728,34.1480625],[108.9670172,34.1497449],[108.966983,34.1501224],[108.9665648,34.1501216]]]},"properties":{"osm_id":"1092836671","code":7202,"fclass":"park","name":""}},
{"type":"Feature","geometry":{"type":"Polygon","coordinates":[[[108.9665692,34.1520743],[108.966558,34.1503434],[108.9669978,34.15034],[108.967013,34.1520742],[108.9665692,34.1520743]]]},"properties":{"osm_id":"1092836670","code":7202,"fclass":"park","name":""}},
{"type":"Feature","geometry":{"type":"Polygon","coordinates":[[[109.1334326,34.1519478],[109.133338,34.1517808],[109.1337087,34.1516542],[109.133752,34.1517464],[109.1335654,34.1518079],[109.1336052,34.1518914],[109.1334326,34.1519478]]]},"properties":{"osm_id":"1308572448","code":7202,"fclass":"park","name":""}},
{"type":"Feature","geometry":{"type":"Polygon","coordinates":[[[108.9562304,34.1554704],[108.956151,34.1554047],[108.9561556,34.1535729],[108.9562257,34.1533062],[108.9563331,34.1531207],[108.9564592,34.1529854],[108.95673,34.1527497],[108.9570243,34.1525333],[108.9572484,34.1524289],[108.9575987,34.1523632],[108.9579536,34.1523671],[108.958486,34.152398],[108.9591304,34.152398],[108.9592378,34.1525062],[108.9592425,34.1553931],[108.9591211,34.1554665],[108.9562304,34.1554704]]]},"properties":{"osm_id":"533349445","code":7202,"fclass":"park","name":"星河运动公园"}},
{"type":"Feature","geometry":{"type":"Polygon","coordinates":[[[108.9638655,34.1554949],[108.9637628,34.1554176],[108.9637721,34.1524574],[108.9638982,34.152353],[108.9693061,34.152384],[108.9694228,34.1524728],[108.9694088,34.1553558],[108.969278,34.1554486],[108.9691221,34.1555101],[108.9638655,34.1554949]]]},"properties":{"osm_id":"533349443","code":7202,"fclass":"park","name":"航天城中湖公园"}},
{"type":"Feature","geometry":{"type":"Polygon","coordinates":[[[108.9600201,34.156178],[108.9599343,34.1559117],[108.969252,34.1558873],[108.9701839,34.1558873],[108.9727838,34.1559662],[108.973196,34.156025],[108.974822,34.1560911],[108.9824431,34.156375],[108.9853372,34.15649],[108.9853126,34.15682],[108.9755126,34.1564621],[108.9701524,34.1562361],[108.9660712,34.1562491],[108.9600201,34.156178]]]},"properties":{"osm_id":"288597592","code":7202,"fclass":"park","name":""}},
{"type":"Feature","geometry":{"type":"Polygon","coordinates":[[[109.2995238,34.1622283],[109.2958583,34.1610745],[109.2960044,34.1610745],[109.2963515,34.1610494],[109.2967107,34.1608932],[109.2969604,34.1606916],[109.2971004,34.1604397],[109.2971796,34.1602382],[109.2971431,34.1599812],[109.2971431,34.1598553],[109.29721,34.1596688],[109.2974171,34.159422],[109.2975084,34.1592204],[109.2974475,34.158898],[109.29721,34.1585805],[109.300973,34.1597243],[109.300632,34.160349],[109.3000962,34.1613315],[109.2995238,34.1622283]]]},"properties":{"osm_id":"1079647544","code":7202,"fclass":"park","name":"白鹿广场"}},
{"type":"Feature","geometry":{"type":"Polygon","coordinates":[[[108.9790313,34.1628798],[108.9790209,34.1625769],[108.9848045,34.1625077],[108.9848045,34.1628365],[108.9790313,34.1628798]]]},"properties":{"osm_id":"929212544","code":7202,"fclass":"park","name":""}},
{"type":"Feature","geometry":{"type":"Polygon","coordinates":[[[108.9757405,34.1629061],[108.9757301,34.1626208],[108.978562,34.1626219],[108.978562,34.162775],[108.9784447,34.1628816],[108.9757405,34.1629061]]]},"properties":{"osm_id":"1076024700","code":7202,"fclass":"park","name":""}},
{"type":"Feature","geometry":{"type":"Polygon","coordinates":[[[108.8546458,34.1566948],[108.8530893,34.1524293],[108.8534304,34.1524481],[108.855049,34.1565393],[108.8562399,34.1587791],[108.8557825,34.1587891],[108.8546458,34.1566948]]]},"properties":{"osm_id":"295180940","code":7202,"fclass":"park","name":""}},
{"type":"Feature","geometry":{"type":"Polygon","coordinates":[[[108.8937637,34.1578121],[108.8936897,34.156125],[108.8942789,34.1561047],[108.8943059,34.1561335],[108.8943112,34.1562585],[108.8946112,34.1562481],[108.8946455,34.1562753],[108.8947064,34.1574776],[108.8944601,34.1577639],[108.8943666,34.1577951],[108.8937637,34.1578121]]]},"properties":{"osm_id":"377085484","code":7202,"fclass":"park","name":"丘"}},
{"type":"Feature","geometry":{"type":"Polygon","coordinates":[[[108.9227729,34.1598703],[108.9227312,34.158765],[108.922919,34.1585404],[108.9250781,34.1584614],[108.9254606,34.1584474],[108.9256373,34.1586229],[108.9257963,34.1596173],[108.9227729,34.1598703]]]},"properties":{"osm_id":"246285579","code":7202,"fclass":"park","name":"长安广场"}},
{"type":"Feature","geometry":{"type":"Polygon","coordinates":[[[108.872265,34.1631657],[108.87226,34.1622084],[108.8727411,34.1622317],[108.8728549,34.1619534],[108.873126,34.1618861],[108.8743209,34.1614615],[108.8743192,34.1617961],[108.8746384,34.1617962],[108.8746438,34.1615105],[108.8749809,34.1615162],[108.874981,34.1615806],[108.8753187,34.1615805],[108.8753243,34.1631678],[108.8752489,34.1632204],[108.8723765,34.1632411],[108.872265,34.1631657]]]},"properties":{"osm_id":"246285619","code":7202,"fclass":"park","name":"樱花广场"}},
{"type":"Feature","geometry":{"type":"Polygon","coordinates":[[[108.8643022,34.1667676],[108.8623751,34.1653299],[108.8629471,34.1648372],[108.8648255,34.1662869],[108.8643022,34.1667676]]]},"properties":{"osm_id":"1015411686","code":7202,"fclass":"park","name":"郭杜公园"}},
{"type":"Feature","geometry":{"type":"MultiPolygon","coordinates":[[[[108.9170685,34.1676176],[108.9170659,34.1668343],[108.9173466,34.1665408],[108.9170952,34.1658181],[108.9184728,34.1657276],[108.9185543,34.1658288],[108.9186702,34.1659371],[108.9187968,34.1660223],[108.9189105,34.1661093],[108.9190286,34.1661661],[108.9191358,34.1662531],[108.9191852,34.1663436],[108.9192088,34.1664218],[108.9192712,34.1672545],[108.9192459,34.167353],[108.919178,34.1675275],[108.9191168,34.1676436],[108.9189994,34.1677576],[108.9188054,34.1678885],[108.918609,34.1680109],[108.9183742,34.1680785],[108.9182645,34.1681756],[108.918193,34.1683002],[108.9181578,34.1739124],[108.9180838,34.1739646],[108.9170697,34.1740109],[108.9170687,34.1685556],[108.9170685,34.1676176]]],[[[108.9171082,34.1626399],[108.9170823,34.1589074],[108.918067,34.1588836],[108.9181881,34.1617576],[108.9181969,34.1649991],[108.9182258,34.1651633],[108.9182763,34.1653036],[108.9183052,34.1654111],[108.9182186,34.1654888],[108.9172839,34.1655485],[108.9172809,34.1649407],[108.9173356,34.1649242],[108.9173313,34.1626366],[108.9171082,34.1626399]]]]},"properties":{"osm_id":"16755839","code":7202,"fclass":"park","name":"韦曲中央公园"}},
{"type":"Feature","geometry":{"type":"Polygon","coordinates":[[[108.8985241,34.164533],[108.8974978,34.1645327],[108.8975822,34.1640386],[108.8979923,34.1640305],[108.8980346,34.1632962],[108.8985415,34.1632714],[108.8986204,34.1601026],[108.898909,34.1601158],[108.8988505,34.164415],[108.8991194,34.1708638],[108.9002003,34.170743],[108.9002425,34.1712638],[108.9000914,34.1712846],[108.900128,34.1718682],[108.9002761,34.1718832],[108.9002941,34.1724086],[108.90009,34.1724094],[108.9004028,34.1771939],[108.9002246,34.1771967],[108.9001794,34.1763371],[108.8999116,34.1724127],[108.8989146,34.1724271],[108.8986846,34.1687564],[108.8986604,34.1683698],[108.898618,34.1671101],[108.898207,34.1671188],[108.897797,34.1671073],[108.8977988,34.1670067],[108.8982957,34.1670274],[108.8986025,34.1670141],[108.8986018,34.1653846],[108.8985562,34.1653818],[108.8985241,34.164533]]]},"properties":{"osm_id":"1305494285","code":7202,"fclass":"park","name":""}},
{"type":"Feature","geometry":{"type":"Polygon","coordinates":[[[108.8556198,34.1730093],[108.8555077,34.1728718],[108.8555129,34.1684597],[108.8556132,34.1683583],[108.8570822,34.1683601],[108.8570934,34.169137],[108.8582324,34.1691366],[108.8582231,34.1728149],[108.8580089,34.1729728],[108.8571296,34.1729853],[108.8566438,34.173011],[108.8556198,34.1730093]]]},"properties":{"osm_id":"246285621","code":7202,"fclass":"park","name":"紫薇城市运动公园"}},
{"type":"Feature","geometry":{"type":"Polygon","coordinates":[[[108.9237748,34.1782532],[108.9232018,34.1744378],[108.9232461,34.174356],[108.9314737,34.1741076],[108.9314805,34.1773699],[108.9271041,34.1794074],[108.9239147,34.1794582],[108.9237748,34.1782532]]]},"properties":{"osm_id":"972871577","code":7202,"fclass":"park","name":"清凉山森林公园"}},
{"type":"Feature","geometry":{"type":"Polygon","coordinates":[[[108.8669817,34.1773623],[108.8669747,34.1772843],[108.8669811,34.1772225],[108.8669957,34.177142],[108.867021,34.1770691],[108.8670606,34.1769998],[108.8671111,34.1769391],[108.8671896,34.176878],[108.8672716,34.1768272],[108.8673837,34.1767779],[108.8674946,34.176742],[108.8676655,34.1767218],[108.8708595,34.1767119],[108.8710053,34.1767268],[108.8711559,34.1767674],[108.8712844,34.1768362],[108.87139,34.1769257],[108.8714629,34.1769982],[108.8715279,34.177081],[108.8715714,34.1772044],[108.8715698,34.1773032],[108.8715616,34.1774073],[108.8715234,34.1775027],[108.8714494,34.1776026],[108.8713608,34.1776729],[108.8712722,34.177726],[108.8711822,34.1777648],[108.871086,34.177798],[108.8709554,34.1778175],[108.8677725,34.1778228],[108.8676329,34.1778115],[108.8674859,34.1777883],[108.8673334,34.1777387],[108.8671737,34.1776599],[108.8671026,34.1776146],[108.8670514,34.1775497],[108.8670202,34.1774942],[108.8669947,34.1774326],[108.8669817,34.1773623]]]},"properties":{"osm_id":"246285608","code":7202,"fclass":"park","name":"文化广场"}},
{"type":"Feature","geometry":{"type":"Polygon","coordinates":[[[109.2971873,34.1660988],[109.2969072,34.1658721],[109.2975222,34.1652524],[109.2989652,34.1636402],[109.2998846,34.1623404],[109.3006336,34.1611715],[109.3014008,34.1598162],[109.3015347,34.1598262],[109.301961,34.1601688],[109.3023019,34.1603301],[109.3013034,34.1625772],[109.3006579,34.1638317],[109.3005057,34.1640181],[109.2993732,34.1648695],[109.2981493,34.1654791],[109.297924,34.165993],[109.2971873,34.1660988]]]},"properties":{"osm_id":"1079647545","code":7202,"fclass":"park","name":"青羊湖风景区"}},
{"type":"Feature","geometry":{"type":"Polygon","coordinates":[[[108.9699331,34.1644183],[108.9699227,34.1631861],[108.9699954,34.1630787],[108.9716091,34.1630873],[108.9707841,34.1636884],[108.9702185,34.1641993],[108.9700438,34.1643333],[108.9699331,34.1644183]]]},"properties":{"osm_id":"1052867654","code":7202,"fclass":"park","name":""}},
{"type":"Feature","geometry":{"type":"Polygon","coordinates":[[[109.2971279,34.1660577],[109.2970567,34.1658987],[109.2971652,34.1656617],[109.298528,34.1642236],[109.2987029,34.1641676],[109.2988262,34.1638594],[109.2995564,34.1630134],[109.2997912,34.1632184],[109.3002912,34.1633457],[109.3007882,34.1632892],[109.3007645,34.1635834],[109.30054,34.1639696],[109.2997259,34.1646363],[109.2981536,34.1653924],[109.2979929,34.1656989],[109.2975365,34.1658425],[109.2973308,34.1660832],[109.2971279,34.1660577]]]},"properties":{"osm_id":"1260671297","code":7202,"fclass":"park","name":""}},
{"type":"Feature","geometry":{"type":"Polygon","coordinates":[[[108.9851962,34.1667946],[108.985181,34.1663759],[108.9851955,34.1658934],[108.9862293,34.165889],[108.9862165,34.1678723],[108.9858607,34.1678881],[108.985803,34.1677855],[108.985643,34.1675509],[108.9854888,34.1673968],[108.9853486,34.1671811],[108.9852379,34.1669576],[108.9851962,34.1667946]]]},"properties":{"osm_id":"929212545","code":7202,"fclass":"park","name":"静园"}},
{"type":"Feature","geometry":{"type":"Polygon","coordinates":[[[108.9792103,34.169049],[108.9792103,34.1687754],[108.9824459,34.1687505],[108.9824438,34.1691031],[108.9824007,34.169144],[108.9805309,34.1691591],[108.9803554,34.1691205],[108.9792907,34.1691115],[108.9792103,34.169049]]]},"properties":{"osm_id":"929212543","code":7202,"fclass":"park","name":""}},
{"type":"Feature","geometry":{"type":"Polygon","coordinates":[[[108.9757953,34.1691742],[108.9757019,34.1691012],[108.9757278,34.1687749],[108.9785506,34.1687792],[108.9785713,34.1690067],[108.9784416,34.1691184],[108.9768798,34.1691742],[108.9757953,34.1691742]]]},"properties":{"osm_id":"1052867655","code":7202,"fclass":"park","name":""}},
{"type":"Feature","geometry":{"type":"Polygon","coordinates":[[[108.98265,34.1717338],[108.982643,34.16815],[108.9834425,34.1681429],[108.9834485,34.1671838],[108.9850058,34.1671649],[108.9851715,34.1674701],[108.9855332,34.1679212],[108.9857064,34.1683647],[108.9856907,34.1687411],[108.9855541,34.1691479],[108.9851497,34.1700897],[108.9848882,34.1710242],[108.9848673,34.1717165],[108.98265,34.1717338]]]},"properties":{"osm_id":"929212546","code":7202,"fclass":"park","name":"世子公园"}},
{"type":"Feature","geometry":{"type":"Polygon","coordinates":[[[108.9819657,34.1741036],[108.9791637,34.1740693],[108.9791741,34.1737001],[108.981094,34.1737086],[108.9818204,34.1734854],[108.9848299,34.1737602],[108.9850271,34.1742667],[108.9849545,34.1744299],[108.9819657,34.1741036]]]},"properties":{"osm_id":"1052867646","code":7202,"fclass":"park","name":""}},
{"type":"Feature","geometry":{"type":"Polygon","coordinates":[[[108.9854526,34.1744213],[108.9853177,34.1738374],[108.9866668,34.1741122],[108.9871027,34.1742496],[108.9913161,34.1746187],[108.9913679,34.174945],[108.99115,34.175048],[108.9854526,34.1744213]]]},"properties":{"osm_id":"1052867647","code":7202,"fclass":"park","name":""}},
{"type":"Feature","geometry":{"type":"Polygon","coordinates":[[[108.9699694,34.1742506],[108.9699396,34.1736786],[108.970023,34.1736243],[108.9737305,34.1742111],[108.9740225,34.1743196],[108.9745172,34.1743443],[108.9756736,34.1745218],[108.9784213,34.1745366],[108.9782127,34.1753601],[108.976812,34.1751629],[108.975161,34.1750544],[108.972437,34.1746204],[108.9699694,34.1742506]]]},"properties":{"osm_id":"1052867657","code":7202,"fclass":"park","name":""}},
{"type":"Feature","geometry":{"type":"Polygon","coordinates":[[[108.9918349,34.1750309],[108.9918038,34.1747561],[108.9967644,34.1752541],[108.9967748,34.1757091],[108.9919491,34.1751425],[108.9918349,34.1750309]]]},"properties":{"osm_id":"1052867648","code":7202,"fclass":"park","name":""}},
{"type":"Feature","geometry":{"type":"Polygon","coordinates":[[[108.9910699,34.1765811],[108.9884472,34.1762941],[108.9884708,34.175227],[108.9911527,34.1755459],[108.991255,34.1756239],[108.9913022,34.1766065],[108.9910699,34.1765811]]]},"properties":{"osm_id":"1052867642","code":7202,"fclass":"park","name":""}},
{"type":"Feature","geometry":{"type":"Polygon","coordinates":[[[108.9961076,34.1771075],[108.9918763,34.1766845],[108.9918999,34.175715],[108.9919864,34.1756044],[108.9958874,34.1760143],[108.9959739,34.1761054],[108.9961076,34.1771075]]]},"properties":{"osm_id":"1052867643","code":7202,"fclass":"park","name":""}},
{"type":"Feature","geometry":{"type":"Polygon","coordinates":[[[108.9783023,34.1767566],[108.9780429,34.1767308],[108.9789769,34.1746102],[108.9810628,34.1745758],[108.9849856,34.1748763],[108.9849545,34.1750738],[108.9818412,34.1747218],[108.9813119,34.1750309],[108.9833978,34.1762586],[108.9847884,34.176748],[108.9845601,34.1781732],[108.9822355,34.1775207],[108.9830865,34.1770657],[108.9831176,34.1767394],[108.9802534,34.1757006],[108.9783023,34.1767566]]]},"properties":{"osm_id":"1052867645","code":7202,"fclass":"park","name":"曲江大华社区公园"}},
{"type":"Feature","geometry":{"type":"Polygon","coordinates":[[[108.9846075,34.1811548],[108.9844862,34.180964],[108.9846804,34.18001],[108.9846622,34.1797239],[108.9848018,34.1788251],[108.9849899,34.17879],[108.9860095,34.1791163],[108.987017,34.1792218],[108.988243,34.1792368],[108.9882308,34.1825054],[108.9873083,34.1823146],[108.9866164,34.1821138],[108.985791,34.1817422],[108.9846075,34.1811548]]]},"properties":{"osm_id":"1227505831","code":7202,"fclass":"park","name":"西安电竞主题公园"}},
{"type":"Feature","geometry":{"type":"Polygon","coordinates":[[[109.0175531,34.1843055],[109.0162631,34.183584],[109.0163903,34.1825018],[109.017008,34.1828024],[109.0172624,34.1825469],[109.0185342,34.1831331],[109.0188976,34.1785187],[109.0189808,34.1785207],[109.0250025,34.178669],[109.0250206,34.1829978],[109.025096,34.1834537],[109.0250241,34.1837512],[109.0254316,34.1851891],[109.0249881,34.185556],[109.0244487,34.1858435],[109.0229623,34.1857047],[109.022255,34.1873607],[109.0214519,34.1873805],[109.0193421,34.1862798],[109.017971,34.1851171],[109.0172442,34.1846061],[109.0175531,34.1843055]]]},"properties":{"osm_id":"245403698","code":7202,"fclass":"park","name":"汉宣帝杜陵（上林苑）"}},
{"type":"Feature","geometry":{"type":"Polygon","coordinates":[[[108.98264,34.1853557],[108.9824704,34.185178],[108.9827681,34.1840031],[108.9837993,34.182543],[108.9842459,34.1816885],[108.9847741,34.1818588],[108.9859072,34.1823993],[108.9870489,34.1827978],[108.9880204,34.1829336],[108.9881629,34.1830614],[108.9880033,34.1835224],[108.9875104,34.1839412],[108.9868669,34.1841901],[108.9865035,34.1844785],[108.9861689,34.1851967],[108.9859853,34.1853775],[108.98264,34.1853557]]]},"properties":{"osm_id":"667027250","code":7202,"fclass":"park","name":"曲江文化运动公园"}},
{"type":"Feature","geometry":{"type":"Polygon","coordinates":[[[108.9821048,34.1900868],[108.9775271,34.1889233],[108.9776702,34.1884993],[108.9826651,34.189791],[108.984787,34.1904911],[108.9870639,34.191349],[108.9887805,34.1921083],[108.9893527,34.1928675],[108.9855738,34.1912208],[108.9821048,34.1900868]]]},"properties":{"osm_id":"1052867641","code":7202,"fclass":"park","name":""}},
{"type":"Feature","geometry":{"type":"Polygon","coordinates":[[[109.0093153,34.192625],[109.0091855,34.1914876],[109.0099691,34.1913889],[109.0107474,34.1911914],[109.0113389,34.1909811],[109.0114323,34.1910155],[109.010078,34.192243],[109.0096422,34.1925906],[109.0093153,34.192625]]]},"properties":{"osm_id":"1052867639","code":7202,"fclass":"park","name":""}},
{"type":"Feature","geometry":{"type":"Polygon","coordinates":[[[108.9787299,34.1951978],[108.9787106,34.1930833],[108.9808616,34.1930833],[108.9808671,34.195045],[108.9798881,34.1950564],[108.9797613,34.1950199],[108.9797172,34.1951772],[108.9795627,34.1951499],[108.9795048,34.1953666],[108.9791408,34.1952913],[108.9787299,34.1951978]]]},"properties":{"osm_id":"289493193","code":7202,"fclass":"park","name":"秦二世陵遗址公园"}},
{"type":"Feature","geometry":{"type":"Polygon","coordinates":[[[108.7670088,34.1815242],[108.7659681,34.1815686],[108.766247,34.1795272],[108.7663307,34.1792057],[108.7680922,34.1791689],[108.7681011,34.1788377],[108.7696401,34.1788156],[108.7696668,34.1795811],[108.7698626,34.1795737],[108.7698359,34.1799122],[108.774889,34.1796178],[108.7715539,34.1828777],[108.7713432,34.1829532],[108.7705509,34.1830168],[108.7703963,34.1822894],[108.7689996,34.1824366],[108.7687772,34.1819582],[108.7671759,34.1821422],[108.767114,34.1819399],[108.7670088,34.1815242]]]},"properties":{"osm_id":"1015605768","code":7202,"fclass":"park","name":""}},
{"type":"Feature","geometry":{"type":"Polygon","coordinates":[[[108.8783781,34.1811593],[108.8783688,34.1801493],[108.8786415,34.1806272],[108.8786489,34.1811037],[108.879342,34.1811039],[108.879505,34.1810611],[108.8797345,34.1814384],[108.8797777,34.1816385],[108.879958,34.1819446],[108.8800664,34.1820229],[108.8811222,34.1838224],[108.8810604,34.1839315],[108.8806885,34.183935],[108.8805501,34.1838556],[108.8790308,34.1812406],[108.8784329,34.1812295],[108.8783781,34.1811593]]]},"properties":{"osm_id":"271701486","code":7202,"fclass":"park","name":""}},
{"type":"Feature","geometry":{"type":"Polygon","coordinates":[[[108.8852058,34.1900311],[108.8849862,34.1896827],[108.886777,34.1895121],[108.8866489,34.1886709],[108.8878359,34.188638],[108.8878115,34.1872358],[108.8880459,34.1870202],[108.8888566,34.186947],[108.8889461,34.1868562],[108.891528,34.186605],[108.8919349,34.1866143],[108.8936387,34.1864903],[108.8936257,34.1861034],[108.8936255,34.1860774],[108.8936203,34.1854626],[108.8940808,34.1853889],[108.8941031,34.1813976],[108.8937574,34.1814729],[108.8936699,34.1807239],[108.8937076,34.1802869],[108.8936003,34.1801094],[108.8935967,34.1785859],[108.8935914,34.1763436],[108.8957327,34.1762793],[108.8961237,34.1764239],[108.896711,34.1764527],[108.8969764,34.1763827],[108.8994742,34.1763591],[108.8995054,34.1772523],[108.8996184,34.178783],[108.899771,34.1808509],[108.8996439,34.1810262],[108.8989014,34.1809536],[108.898543,34.1820701],[108.8985573,34.1821815],[108.898652,34.1824813],[108.8986443,34.1828972],[108.8987858,34.183525],[108.8987972,34.1837937],[108.8987703,34.1840867],[108.8986578,34.1844768],[108.8985067,34.18489],[108.8982564,34.1853033],[108.8981196,34.1858533],[108.8976718,34.1864692],[108.8983704,34.1864782],[108.8983899,34.1869953],[108.8983513,34.1888811],[108.8974181,34.188857],[108.896206,34.1885136],[108.8960358,34.1883643],[108.8958046,34.18848],[108.8958407,34.1885673],[108.8955891,34.1891452],[108.8951247,34.1890052],[108.8949227,34.189462],[108.893632,34.1888848],[108.8929959,34.1887253],[108.8926709,34.1887199],[108.8921955,34.1887397],[108.8919006,34.1887714],[108.8915495,34.188846],[108.8912771,34.1889401],[108.8909167,34.1891014],[108.8906131,34.1892536],[108.8903133,34.1894005],[108.8894673,34.1898553],[108.8889367,34.1901048],[108.8887576,34.1901788],[108.888495,34.190258],[108.8878519,34.1904111],[108.8872074,34.1905121],[108.8869537,34.1905485],[108.8866379,34.1905746],[108.8856137,34.1906135],[108.88546,34.1905544],[108.8852514,34.1902038],[108.8852058,34.1900311]]]},"properties":{"osm_id":"781583887","code":7202,"fclass":"park","name":"雁南公园"}},
{"type":"Feature","geometry":{"type":"Polygon","coordinates":[[[108.7307989,34.2096195],[108.7305522,34.2087411],[108.7305938,34.2076494],[108.7309454,34.2052396],[108.731542,34.204277],[108.7327847,34.2034417],[108.7342844,34.202768],[108.7349077,34.2023549],[108.7360007,34.2013832],[108.7370968,34.1995042],[108.7377193,34.1980733],[108.7376847,34.1966937],[108.7366008,34.1931795],[108.7366381,34.1919561],[108.7370109,34.1907365],[108.7380789,34.1877633],[108.7382864,34.1869989],[108.7384915,34.1847992],[108.738422,34.1835106],[108.737621,34.1797983],[108.7366691,34.1780585],[108.7361526,34.1776544],[108.7356591,34.1774946],[108.7349081,34.1766603],[108.7343287,34.1756661],[108.7339854,34.1756484],[108.7334275,34.1740152],[108.7333202,34.1726837],[108.7336421,34.1726127],[108.7335241,34.1706687],[108.7339532,34.1699763],[108.733921,34.1696745],[108.7335777,34.1696479],[108.7334919,34.1685738],[108.7331164,34.1685383],[108.7331458,34.1681914],[108.7331593,34.1680323],[108.7334597,34.1680234],[108.7331915,34.167766],[108.7311637,34.1666563],[108.7312281,34.1660616],[108.7308526,34.1657775],[108.7310564,34.1644193],[108.7320113,34.1617205],[108.732698,34.1597408],[108.7332773,34.1591016],[108.7333953,34.1589151],[108.7336743,34.1589418],[108.7338459,34.158418],[108.7343824,34.1574236],[108.7348544,34.1565536],[108.7370431,34.1547069],[108.7376064,34.1547202],[108.7380624,34.1543251],[108.7382394,34.154112],[108.7386256,34.1542141],[108.740439,34.1524922],[108.7415028,34.1512719],[108.7451013,34.1526263],[108.7448224,34.1529366],[108.7444025,34.1534037],[108.7434415,34.1552772],[108.7430835,34.1562489],[108.7417906,34.1562739],[108.7405944,34.157397],[108.7375707,34.1612813],[108.7363136,34.1640908],[108.7362599,34.1649253],[108.7365496,34.1659906],[108.7377942,34.168556],[108.7381911,34.1689821],[108.738513,34.1691685],[108.7394464,34.1700473],[108.7398755,34.1708374],[108.7399614,34.1715297],[108.740015,34.17295],[108.7398326,34.1745211],[108.7400365,34.1757904],[108.7406909,34.1770952],[108.7415063,34.1785686],[108.742032,34.180184],[108.7426387,34.1815942],[108.7433318,34.1837527],[108.7431976,34.1854521],[108.7426112,34.1880185],[108.7418912,34.1897138],[108.7411523,34.1909939],[108.740566,34.1921507],[108.7404896,34.1930188],[108.7407553,34.1940467],[108.7414634,34.1957949],[108.7415644,34.1973174],[108.7416029,34.199584],[108.7411153,34.2013456],[108.7404147,34.2022711],[108.7390065,34.2037989],[108.7366399,34.2055689],[108.7360779,34.2064401],[108.7358093,34.20694],[108.7356376,34.2079692],[108.7358193,34.2089123],[108.7365872,34.2105008],[108.737748,34.2123747],[108.7382018,34.2139847],[108.738234,34.2157858],[108.7382018,34.2166552],[108.7377405,34.2174803],[108.7365652,34.2186506],[108.7362545,34.2186643],[108.7362551,34.2196551],[108.7362556,34.2206467],[108.7361143,34.2209011],[108.7330602,34.2196363],[108.7312183,34.2188947],[108.7311993,34.2187274],[108.7318939,34.2186894],[108.7323475,34.2185206],[108.732633,34.2183247],[108.7338816,34.2164094],[108.7340287,34.2156527],[108.7341642,34.214719],[108.7340443,34.2136484],[108.7338626,34.2129752],[108.7325263,34.211882],[108.7313917,34.2108074],[108.7307989,34.2096195]]]},"properties":{"osm_id":"13527213","code":7202,"fclass":"park","name":""}},
{"type":"Feature","geometry":{"type":"Polygon","coordinates":[[[108.8841072,34.19004],[108.8808339,34.184387],[108.8808635,34.1842722],[108.8812938,34.1842806],[108.8814537,34.1843885],[108.8816085,34.1846496],[108.8816233,34.1847603],[108.8817986,34.1850504],[108.8819248,34.1851589],[108.8843261,34.189233],[108.8843703,34.1894177],[108.8845286,34.1896866],[108.8846758,34.1898229],[108.8850814,34.1905459],[108.8850373,34.1906281],[108.88465,34.1906324],[108.8841308,34.1900853],[108.8841072,34.19004]]]},"properties":{"osm_id":"271701487","code":7202,"fclass":"park","name":""}},
{"type":"Feature","geometry":{"type":"Polygon","coordinates":[[[108.9240867,34.1889007],[108.9240359,34.1884813],[108.9305959,34.1880425],[108.930554,34.1884907],[108.9298572,34.1885445],[108.9240867,34.1889007]]]},"properties":{"osm_id":"271765231","code":7202,"fclass":"park","name":""}},
{"type":"Feature","geometry":{"type":"Polygon","coordinates":[[[108.9152105,34.1898271],[108.9151831,34.1895364],[108.9222516,34.1885467],[108.9223915,34.1886259],[108.9234861,34.1884848],[108.9234823,34.1888559],[108.9233711,34.1889478],[108.9168224,34.1898294],[108.9161057,34.1898822],[108.9153943,34.1899737],[108.9152105,34.1898271]]]},"properties":{"osm_id":"1016017655","code":7202,"fclass":"park","name":""}},
{"type":"Feature","geometry":{"type":"Polygon","coordinates":[[[108.9283839,34.1895724],[108.9241321,34.1898225],[108.9241511,34.1895249],[108.9244172,34.1895042],[108.9284893,34.1892223],[108.9306573,34.1891905],[108.9319584,34.1892192],[108.9325745,34.1893089],[108.9340362,34.1895034],[108.9341513,34.1896937],[108.9308814,34.1894951],[108.9283839,34.1895724]]]},"properties":{"osm_id":"271765232","code":7202,"fclass":"park","name":""}},
{"type":"Feature","geometry":{"type":"Polygon","coordinates":[[[108.9097725,34.1904141],[108.9097206,34.1902928],[108.9103206,34.1901285],[108.9104582,34.1898996],[108.9131837,34.1897309],[108.9147009,34.1895661],[108.9147097,34.1899022],[108.9146583,34.1900442],[108.9124216,34.1902454],[108.910702,34.1903432],[108.9097725,34.1904141]]]},"properties":{"osm_id":"271765228","code":7202,"fclass":"park","name":""}},
{"type":"Feature","geometry":{"type":"Polygon","coordinates":[[[108.8820345,34.1904734],[108.8787113,34.1901433],[108.8787225,34.1898259],[108.8789113,34.1899079],[108.8822598,34.1901458],[108.8820345,34.1904734]]]},"properties":{"osm_id":"271701489","code":7202,"fclass":"park","name":""}},
{"type":"Feature","geometry":{"type":"Polygon","coordinates":[[[108.9069778,34.1903804],[108.9069584,34.190059],[108.9094328,34.1899684],[108.9096069,34.1904364],[108.9070874,34.1905177],[108.9069778,34.1903804]]]},"properties":{"osm_id":"1016006295","code":7202,"fclass":"park","name":""}},
{"type":"Feature","geometry":{"type":"Polygon","coordinates":[[[108.9003912,34.1903283],[108.9003865,34.1899859],[108.9023188,34.1900568],[108.9035191,34.1900739],[108.9035243,34.1905546],[108.9015127,34.1905215],[108.90043,34.190467],[108.9003912,34.1903283]]]},"properties":{"osm_id":"271765224","code":7202,"fclass":"park","name":""}},
{"type":"Feature","geometry":{"type":"Polygon","coordinates":[[[108.9037107,34.1904345],[108.9037027,34.1900755],[108.9066463,34.1900656],[108.9066334,34.1903842],[108.9065334,34.1905456],[108.9038403,34.1905596],[108.9037107,34.1904345]]]},"properties":{"osm_id":"1016006296","code":7202,"fclass":"park","name":""}},
{"type":"Feature","geometry":{"type":"Polygon","coordinates":[[[108.8827734,34.1904889],[108.8827667,34.1903228],[108.8828036,34.1902769],[108.8839861,34.1901613],[108.8840769,34.1901986],[108.8844226,34.190607],[108.8829675,34.190668],[108.8827734,34.1904889]]]},"properties":{"osm_id":"271701488","code":7202,"fclass":"park","name":""}},
{"type":"Feature","geometry":{"type":"Polygon","coordinates":[[[108.8962121,34.1912824],[108.8952182,34.1913211],[108.8952266,34.1910938],[108.8954239,34.1910844],[108.8959058,34.1910844],[108.8985501,34.1910928],[108.8990205,34.1911385],[108.8997739,34.191168],[108.8998509,34.1913018],[108.8998444,34.191442],[108.8967936,34.1913368],[108.8962121,34.1912824]]]},"properties":{"osm_id":"271759457","code":7202,"fclass":"park","name":""}},
{"type":"Feature","geometry":{"type":"Polygon","coordinates":[[[108.9034604,34.1915282],[108.9034595,34.191318],[108.9035494,34.1912263],[108.9061321,34.1912487],[108.9075512,34.1912115],[108.9104668,34.1910904],[108.910564,34.1911513],[108.9105743,34.1913609],[108.9086239,34.1914648],[108.9064758,34.1915332],[108.9034604,34.1915282]]]},"properties":{"osm_id":"271765227","code":7202,"fclass":"park","name":""}},
{"type":"Feature","geometry":{"type":"Polygon","coordinates":[[[108.9032331,34.1914647],[108.9003416,34.1914217],[108.9003516,34.1911853],[108.9010943,34.191196],[108.9015257,34.1911806],[108.9031557,34.1912249],[108.9032347,34.1913067],[108.9032331,34.1914647]]]},"properties":{"osm_id":"271765225","code":7202,"fclass":"park","name":""}},
{"type":"Feature","geometry":{"type":"Polygon","coordinates":[[[108.8860665,34.1933785],[108.885276,34.1919665],[108.8853127,34.1919233],[108.8857545,34.1918704],[108.8859127,34.1919322],[108.8862617,34.1925339],[108.887122,34.1940445],[108.8871452,34.1941744],[108.8872839,34.1943867],[108.8873602,34.1944521],[108.8877061,34.1950702],[108.8873869,34.1951628],[108.8870024,34.1951962],[108.8860665,34.1933785]]]},"properties":{"osm_id":"271757262","code":7202,"fclass":"park","name":""}},
{"type":"Feature","geometry":{"type":"Polygon","coordinates":[[[108.8768517,34.1938262],[108.8768058,34.1937248],[108.8768313,34.1933386],[108.8769461,34.1932584],[108.8771324,34.1932225],[108.8781557,34.1932415],[108.8783369,34.1932901],[108.8784746,34.1933977],[108.8784798,34.193727],[108.878467,34.1937797],[108.8783496,34.1938937],[108.8781582,34.1939043],[108.8769921,34.1939085],[108.8768517,34.1938262]]]},"properties":{"osm_id":"1221942319","code":7202,"fclass":"park","name":""}},
{"type":"Feature","geometry":{"type":"Polygon","coordinates":[[[108.9409138,34.1986225],[108.9407934,34.1976246],[108.9408956,34.1967758],[108.9410501,34.1962173],[108.94113,34.1958169],[108.9412791,34.1953189],[108.9414902,34.1943217],[108.9417662,34.1932936],[108.941877,34.1932364],[108.9419472,34.1932636],[108.9419945,34.1933038],[108.9423155,34.1944386],[108.9425363,34.1953028],[108.9426248,34.1957332],[108.9427375,34.1961793],[108.9429853,34.1970449],[108.9431427,34.1977905],[108.9429147,34.1987201],[108.9426631,34.1995072],[108.9424737,34.2001066],[108.9423117,34.2006188],[108.9419875,34.201622],[108.9418671,34.2016211],[108.9416359,34.2008573],[108.941428,34.2002202],[108.9412492,34.1996891],[108.9411606,34.1994544],[108.9409138,34.1986225]]]},"properties":{"osm_id":"28485133","code":7202,"fclass":"park","name":""}},
{"type":"Feature","geometry":{"type":"Polygon","coordinates":[[[108.8742252,34.1981253],[108.8731887,34.1979483],[108.8733159,34.1975152],[108.8732674,34.1972591],[108.8734282,34.1967973],[108.8737711,34.1968425],[108.8740564,34.1969329],[108.87534,34.1969479],[108.8753127,34.1981627],[108.8752539,34.1981604],[108.8742252,34.1981253]]]},"properties":{"osm_id":"1221942325","code":7202,"fclass":"park","name":""}},
{"type":"Feature","geometry":{"type":"Polygon","coordinates":[[[108.8856904,34.1960879],[108.88561,34.1958942],[108.8856546,34.195797],[108.8857192,34.1957114],[108.8869097,34.1957063],[108.8877301,34.1955119],[108.8878229,34.1955697],[108.8874705,34.1961833],[108.887394,34.1964347],[108.8873996,34.1966669],[108.8874383,34.1968587],[108.8875465,34.197079],[108.887705,34.1972988],[108.8878681,34.1974549],[108.8880325,34.1975708],[108.8890215,34.1979138],[108.8892612,34.1980428],[108.889433,34.1981763],[108.8896617,34.1985122],[108.8900483,34.1991483],[108.8900951,34.1993402],[108.8900782,34.1994724],[108.8900166,34.1995842],[108.8898893,34.1997163],[108.8897173,34.1997928],[108.8892348,34.1997888],[108.885986,34.1997827],[108.8860239,34.1979366],[108.886031,34.1974608],[108.8860213,34.197218],[108.8859777,34.1968986],[108.8858858,34.1965301],[108.8856904,34.1960879]]]},"properties":{"osm_id":"245405520","code":7202,"fclass":"park","name":"永阳公园"}},
{"type":"Feature","geometry":{"type":"Polygon","coordinates":[[[108.8199639,34.2002969],[108.819903,34.2002047],[108.819904,34.2000451],[108.8199765,34.1998559],[108.8205616,34.1998808],[108.8208478,34.1987767],[108.8208147,34.1975818],[108.8213558,34.1963108],[108.8207204,34.1961478],[108.8204857,34.1961682],[108.8205864,34.1959246],[108.8208705,34.1957737],[108.8212417,34.1956487],[108.8216706,34.1955811],[108.8220781,34.1955937],[108.8224395,34.1956421],[108.8228145,34.1957707],[108.8234862,34.1961358],[108.8242318,34.1970874],[108.8247122,34.1980687],[108.8203422,34.2004355],[108.8199639,34.2002969]]]},"properties":{"osm_id":"1006868840","code":7202,"fclass":"park","name":"鹤鸣湖公园"}},
{"type":"Feature","geometry":{"type":"Polygon","coordinates":[[[108.8756793,34.1997784],[108.8755977,34.1996687],[108.875618,34.1984552],[108.8775294,34.1984658],[108.8775376,34.1973736],[108.8785569,34.1973731],[108.8785841,34.1990093],[108.8783685,34.1990084],[108.878377,34.199413],[108.8786813,34.1995274],[108.8797891,34.199529],[108.8797621,34.1996687],[108.8795631,34.1997869],[108.8786598,34.1997827],[108.8782821,34.1998417],[108.8766133,34.1998333],[108.8764193,34.1997869],[108.8756793,34.1997784]]]},"properties":{"osm_id":"1221942312","code":7202,"fclass":"park","name":""}},
{"type":"Feature","geometry":{"type":"Polygon","coordinates":[[[108.8949746,34.1997081],[108.8949517,34.1995685],[108.8971606,34.1995623],[108.8971678,34.1997196],[108.8971501,34.1997651],[108.8971195,34.1998041],[108.8970634,34.1998316],[108.89702,34.1998484],[108.8950945,34.1998336],[108.8949746,34.1997081]]]},"properties":{"osm_id":"1082599733","code":7202,"fclass":"park","name":""}},
{"type":"Feature","geometry":{"type":"Polygon","coordinates":[[[108.892665,34.1997785],[108.8926355,34.1996169],[108.8945085,34.199604],[108.8945318,34.1997337],[108.8944535,34.1998251],[108.8927812,34.1998424],[108.892665,34.1997785]]]},"properties":{"osm_id":"1082599749","code":7202,"fclass":"park","name":""}},
{"type":"Feature","geometry":{"type":"Polygon","coordinates":[[[108.8975227,34.1998583],[108.8973862,34.1997479],[108.8973873,34.1995922],[108.8983406,34.1995885],[108.8983345,34.1998533],[108.8975227,34.1998583]]]},"properties":{"osm_id":"1082599734","code":7202,"fclass":"park","name":""}},
{"type":"Feature","geometry":{"type":"Polygon","coordinates":[[[108.8948898,34.2004286],[108.8948862,34.2002809],[108.896821,34.2002755],[108.8968174,34.2004366],[108.8948898,34.2004286]]]},"properties":{"osm_id":"1082599748","code":7202,"fclass":"park","name":""}},
{"type":"Feature","geometry":{"type":"Polygon","coordinates":[[[108.8914759,34.2003077],[108.8914759,34.2002793],[108.8914856,34.2002624],[108.8915017,34.2002465],[108.8920982,34.2002562],[108.8920148,34.2003154],[108.8919152,34.200422],[108.8918412,34.2005117],[108.8918183,34.2005972],[108.8918183,34.2006742],[108.8918157,34.2006963],[108.8918017,34.2007058],[108.8917787,34.2006932],[108.8914759,34.2003077]]]},"properties":{"osm_id":"1082599750","code":7202,"fclass":"park","name":""}},
{"type":"Feature","geometry":{"type":"Polygon","coordinates":[[[108.8861532,34.2011221],[108.8858881,34.2011269],[108.8859117,34.2005064],[108.8860907,34.2003905],[108.8874702,34.2003788],[108.8874671,34.2009109],[108.8869896,34.2009153],[108.8869092,34.2010928],[108.886818,34.2012215],[108.8867053,34.2013013],[108.886482,34.2013167],[108.8862873,34.2012634],[108.8861532,34.2011221]]]},"properties":{"osm_id":"387318833","code":7202,"fclass":"park","name":""}},
{"type":"Feature","geometry":{"type":"Polygon","coordinates":[[[109.0222435,34.2000143],[109.0190235,34.1995737],[109.0190339,34.1959257],[109.0213049,34.1957534],[109.0213831,34.1959352],[109.0236974,34.1961197],[109.0236799,34.1963429],[109.0255316,34.1964362],[109.0257461,34.2002202],[109.0222435,34.2000143]]]},"properties":{"osm_id":"1052867637","code":7202,"fclass":"park","name":""}},
{"type":"Feature","geometry":{"type":"Polygon","coordinates":[[[109.030112,34.2005856],[109.0300208,34.2005749],[109.0300859,34.1983015],[109.0303986,34.1976873],[109.0303074,34.1968254],[109.0303168,34.1965233],[109.0305528,34.1964878],[109.0315001,34.1964657],[109.0348658,34.1964878],[109.0349516,34.197322],[109.0349449,34.1975149],[109.0351273,34.1976766],[109.0351794,34.1977843],[109.0349189,34.1981399],[109.0344369,34.1983661],[109.0344499,34.1989264],[109.0342285,34.1996267],[109.0340461,34.1997668],[109.0336292,34.1998207],[109.0324438,34.1997884],[109.0316361,34.2002193],[109.0313756,34.2004456],[109.030112,34.2005856]]]},"properties":{"osm_id":"245403697","code":7202,"fclass":"park","name":"中国唐苑"}},
{"type":"Feature","geometry":{"type":"Polygon","coordinates":[[[109.0104699,34.1988684],[109.0099247,34.1988778],[109.0099268,34.1983235],[109.0183787,34.1983544],[109.0183617,34.1995056],[109.0107946,34.1993598],[109.010804,34.1992662],[109.0106123,34.1992656],[109.0106019,34.1988681],[109.0104699,34.1988684]]]},"properties":{"osm_id":"879030831","code":7202,"fclass":"park","name":""}},
{"type":"Feature","geometry":{"type":"Polygon","coordinates":[[[108.983394,34.2007673],[108.9832461,34.2008391],[108.9830775,34.2007855],[108.9830928,34.2006914],[108.9832436,34.2006743],[108.9833859,34.2006089],[108.9834887,34.2005108],[108.9836074,34.2004585],[108.9837814,34.2004585],[108.9839237,34.2004323],[108.9840582,34.200393],[108.9842163,34.2003407],[108.984335,34.2002426],[108.9844852,34.2001314],[108.9845801,34.2000333],[108.9846355,34.1998894],[108.9846671,34.1997847],[108.9846671,34.199667],[108.9846276,34.1995035],[108.9845485,34.1993923],[108.9844536,34.1993138],[108.9843745,34.1992586],[108.9851854,34.1992539],[108.9853385,34.1997041],[108.985191,34.1997417],[108.9852307,34.1998589],[108.9855029,34.1997792],[108.9856333,34.1999527],[108.9859338,34.1998964],[108.9861096,34.199873],[108.9861606,34.1998167],[108.9860869,34.1995869],[108.9862854,34.1995306],[108.9862003,34.1992774],[108.9864271,34.1992867],[108.9864271,34.1996666],[108.9864668,34.1996994],[108.9865349,34.1997463],[108.9871133,34.1998964],[108.9878107,34.1999058],[108.9886896,34.2002388],[108.9890185,34.2005202],[108.9890695,34.2005436],[108.9895175,34.2005389],[108.9895231,34.2006233],[108.9891602,34.2006233],[108.9891659,34.2007124],[108.9888484,34.2009329],[108.9888597,34.2012377],[108.9888087,34.2012424],[108.9888087,34.2011111],[108.988769,34.2010079],[108.9884798,34.2008625],[108.9878107,34.2008672],[108.9874194,34.2005108],[108.9864498,34.2003701],[108.9860642,34.2004404],[108.9855142,34.2004404],[108.9848735,34.2003513],[108.9836714,34.2006327],[108.983394,34.2007673]]]},"properties":{"osm_id":"245403689","code":7202,"fclass":"park","name":"曲江寒窑遗址公园"}},
{"type":"Feature","geometry":{"type":"Polygon","coordinates":[[[108.9749555,34.2065136],[108.9740588,34.2065165],[108.9740542,34.2055481],[108.974072,34.2046536],[108.9750768,34.2046444],[108.9757988,34.2038014],[108.9768322,34.2031106],[108.9773843,34.20201],[108.9770589,34.2006297],[108.9770123,34.1996927],[108.978078,34.1983568],[108.9792672,34.1969986],[108.9801048,34.1965737],[108.9810225,34.1965543],[108.9821526,34.1970277],[108.9827073,34.1977831],[108.9828087,34.1988455],[108.9846171,34.1991913],[108.9846276,34.1995035],[108.9844852,34.2001314],[108.983394,34.2007673],[108.9829809,34.2009224],[108.9827232,34.201097],[108.982715,34.2026575],[108.9820603,34.2030411],[108.9816763,34.2035473],[108.9811234,34.2039238],[108.9811072,34.2048249],[108.9808958,34.2054974],[108.9802453,34.2058202],[108.979172,34.2061967],[108.9790582,34.2064926],[108.9749555,34.2065136]]]},"properties":{"osm_id":"402061867","code":7202,"fclass":"park","name":"曲江池遗址公园"}},
{"type":"Feature","geometry":{"type":"Polygon","coordinates":[[[108.9980299,34.2049933],[108.9979483,34.2049342],[108.9988618,34.2029884],[108.9992548,34.2030349],[108.9993773,34.2027563],[108.9990506,34.2026001],[108.9994895,34.2017264],[108.9998008,34.2013127],[109.0000254,34.2011354],[109.0005817,34.2008526],[109.0011125,34.2006458],[109.0017249,34.2005361],[109.0023475,34.2005107],[109.0030008,34.200612],[109.0034346,34.2007302],[109.0035514,34.2008722],[109.0035225,34.2016094],[109.002138,34.2016293],[109.0020718,34.2016303],[109.0019635,34.2016751],[109.0019491,34.2017258],[109.0019166,34.2028122],[109.0013139,34.2028122],[109.0012995,34.2039374],[109.0005994,34.2039314],[109.0005868,34.2049638],[108.9980299,34.2049933]]]},"properties":{"osm_id":"1226009148","code":7202,"fclass":"park","name":"曲江青年公园"}},
{"type":"Feature","geometry":{"type":"Polygon","coordinates":[[[108.9942638,34.2069707],[108.9938936,34.2067737],[108.9944414,34.2065955],[108.994407,34.2064124],[108.9943713,34.2062183],[108.9943866,34.2060136],[108.9943922,34.2057873],[108.9944642,34.2054101],[108.9945369,34.2052033],[108.9946335,34.2049789],[108.9948138,34.2046577],[108.9951077,34.20423],[108.995524,34.2035841],[108.9959746,34.2029363],[108.996333,34.2022886],[108.9964145,34.2020916],[108.9965145,34.2016661],[108.9967689,34.2016631],[108.9968068,34.201684],[108.9969146,34.2017519],[108.9968008,34.2020518],[108.9966718,34.2023279],[108.9963451,34.2029843],[108.9961691,34.2032399],[108.9957528,34.2037545],[108.9950018,34.204885],[108.9948731,34.2051228],[108.9947207,34.2055061],[108.9946606,34.2057403],[108.994637,34.2059072],[108.9946413,34.2062355],[108.9947035,34.2064999],[108.9947014,34.2065318],[108.9946864,34.206562],[108.9943488,34.2069594],[108.9943306,34.2069732],[108.9943063,34.206977],[108.9942638,34.2069707]]]},"properties":{"osm_id":"1227795806","code":7202,"fclass":"park","name":""}},
{"type":"Feature","geometry":{"type":"Polygon","coordinates":[[[108.9749555,34.2065136],[108.9740588,34.2065165],[108.9740542,34.2055481],[108.9749509,34.2055451],[108.9749511,34.2056026],[108.9749555,34.2065136]]]},"properties":{"osm_id":"1239532624","code":7202,"fclass":"park","name":"广场"}},
{"type":"Feature","geometry":{"type":"Polygon","coordinates":[[[108.970289,34.2064461],[108.9702889,34.2064401],[108.9702891,34.2064341],[108.9702896,34.2064281],[108.9702927,34.2064055],[108.9702976,34.2063638],[108.9703009,34.2063322],[108.9703035,34.2063028],[108.9703053,34.2062797],[108.9703069,34.2062565],[108.9703083,34.2062334],[108.9703093,34.2062125],[108.9703104,34.206182],[108.9703112,34.206144],[108.9703115,34.206108],[108.9703115,34.2057408],[108.9703117,34.2057187],[108.9703119,34.2057107],[108.9703124,34.2057054],[108.9703133,34.2057001],[108.9703153,34.2056921],[108.970317,34.2056867],[108.970319,34.2056813],[108.9703213,34.205676],[108.9703271,34.2056655],[108.9703343,34.2056554],[108.9703427,34.2056458],[108.9703523,34.205637],[108.970363,34.205629],[108.9703746,34.2056221],[108.9703868,34.2056161],[108.9703995,34.2056113],[108.970406,34.2056094],[108.9704125,34.2056077],[108.970419,34.2056063],[108.9704286,34.2056047],[108.970435,34.205604],[108.9704415,34.2056036],[108.970448,34.2056034],[108.9704836,34.2056032],[108.9709778,34.2056033],[108.9715292,34.2056033],[108.9716604,34.2056033],[108.9735632,34.2056033],[108.9736309,34.2056034],[108.9736393,34.2056037],[108.9736474,34.2056045],[108.9736556,34.2056059],[108.9736611,34.205607],[108.9736666,34.2056085],[108.973672,34.2056101],[108.9736775,34.205612],[108.9736828,34.2056142],[108.973688,34.2056165],[108.9736931,34.2056192],[108.9736981,34.205622],[108.9737029,34.2056251],[108.9737076,34.2056283],[108.973712,34.2056318],[108.9737201,34.2056393],[108.9737272,34.2056474],[108.9737333,34.2056559],[108.9737382,34.2056648],[108.9737419,34.2056739],[108.9737445,34.2056829],[108.973746,34.2056919],[108.9737465,34.2057007],[108.9737465,34.2064352],[108.9737463,34.2064607],[108.9737461,34.2064653],[108.9737457,34.2064698],[108.973745,34.2064742],[108.9737433,34.206481],[108.9737419,34.2064856],[108.9737402,34.2064901],[108.9737382,34.2064946],[108.9737333,34.2065035],[108.9737272,34.2065121],[108.9737201,34.2065201],[108.973712,34.2065276],[108.9737029,34.2065344],[108.9736931,34.2065403],[108.9736828,34.2065453],[108.973672,34.2065493],[108.9736666,34.206551],[108.9736611,34.2065524],[108.9736556,34.2065536],[108.9736474,34.2065549],[108.973642,34.2065555],[108.9736365,34.2065559],[108.973631,34.206556],[108.9735978,34.2065562],[108.9731323,34.2065561],[108.9725921,34.2065561],[108.9704245,34.2065561],[108.970419,34.2065559],[108.9704137,34.2065555],[108.9704029,34.2065543],[108.9703921,34.2065523],[108.970385,34.2065505],[108.970378,34.2065485],[108.9703712,34.2065461],[108.9703645,34.2065434],[108.9703579,34.2065405],[108.9703516,34.2065373],[108.9703456,34.2065338],[108.9703399,34.2065302],[108.9703344,34.2065263],[108.9703292,34.2065222],[108.9703243,34.2065178],[108.9703152,34.2065085],[108.9703073,34.2064983],[108.9703007,34.2064875],[108.9702954,34.206476],[108.9702933,34.2064701],[108.9702916,34.2064641],[108.9702904,34.2064581],[108.9702895,34.2064521],[108.970289,34.2064461]]]},"properties":{"osm_id":"18477785","code":7202,"fclass":"park","name":"唐城墙遗址公园四区"}},
{"type":"Feature","geometry":{"type":"Polygon","coordinates":[[[108.9618097,34.2064521],[108.9618095,34.2064269],[108.9618096,34.2057095],[108.9618102,34.2056987],[108.961812,34.205689],[108.9618149,34.2056792],[108.9618191,34.2056694],[108.9618245,34.2056598],[108.9618312,34.2056506],[108.961839,34.2056419],[108.9618478,34.2056339],[108.9618526,34.2056301],[108.9618577,34.2056266],[108.9618629,34.2056233],[108.9618683,34.2056203],[108.9618738,34.2056175],[108.9618795,34.2056149],[108.9618853,34.2056126],[108.9618911,34.2056106],[108.9618971,34.2056088],[108.961903,34.2056073],[108.9619089,34.205606],[108.9619178,34.2056046],[108.9619236,34.2056039],[108.9619295,34.2056036],[108.9619386,34.2056034],[108.9619802,34.2056033],[108.963291,34.2056033],[108.9638906,34.2056033],[108.9649949,34.2056033],[108.9650336,34.2056034],[108.9650389,34.2056037],[108.9650441,34.2056043],[108.965051,34.2056057],[108.965058,34.2056076],[108.9650648,34.2056102],[108.9650714,34.2056134],[108.9650776,34.2056171],[108.9650834,34.2056214],[108.9650861,34.2056238],[108.9650909,34.2056287],[108.9650951,34.205634],[108.9650986,34.2056396],[108.9651014,34.2056453],[108.9651034,34.2056511],[108.9651047,34.2056567],[108.965105,34.2056597],[108.9651052,34.205663],[108.9651054,34.2056897],[108.9651054,34.2064344],[108.9651053,34.2064573],[108.9651049,34.2064675],[108.9651043,34.2064721],[108.9651034,34.2064765],[108.9651022,34.206481],[108.9651008,34.2064855],[108.9650991,34.2064901],[108.9650971,34.2064946],[108.9650948,34.2064991],[108.9650922,34.2065035],[108.9650893,34.2065078],[108.9650861,34.2065121],[108.9650827,34.2065162],[108.965079,34.2065201],[108.965075,34.206524],[108.9650709,34.2065276],[108.9650618,34.2065344],[108.965052,34.2065403],[108.9650417,34.2065453],[108.9650309,34.2065493],[108.9650255,34.206551],[108.96502,34.2065524],[108.9650145,34.2065536],[108.965009,34.2065545],[108.9650009,34.2065555],[108.9649926,34.206556],[108.964928,34.2065562],[108.9630772,34.2065561],[108.9625258,34.2065561],[108.962489,34.2065561],[108.9619563,34.2065562],[108.9619353,34.206556],[108.9619265,34.2065557],[108.9619176,34.2065548],[108.9619087,34.2065533],[108.9619027,34.206552],[108.9618967,34.2065505],[108.9618907,34.2065487],[108.961879,34.2065443],[108.9618677,34.2065388],[108.9618571,34.2065324],[108.9618472,34.206525],[108.9618383,34.2065169],[108.9618305,34.206508],[108.9618239,34.2064987],[108.9618186,34.206489],[108.9618164,34.2064841],[108.9618145,34.2064791],[108.961813,34.2064742],[108.9618117,34.2064692],[108.9618107,34.2064643],[108.9618101,34.2064595],[108.9618097,34.2064521]]]},"properties":{"osm_id":"18477806","code":7202,"fclass":"park","name":"唐城墙遗址公园二区"}},
{"type":"Feature","geometry":{"type":"Polygon","coordinates":[[[108.9445346,34.2033094],[108.9444835,34.2016329],[108.9449318,34.2016259],[108.9449317,34.2015397],[108.9452253,34.2015394],[108.9452029,34.2002411],[108.9452052,34.1998254],[108.9455226,34.1998177],[108.9455244,34.2011725],[108.9456785,34.2011723],[108.945679,34.2015098],[108.9462408,34.2015093],[108.9462432,34.2033079],[108.9445346,34.2033094]]]},"properties":{"osm_id":"941637852","code":7202,"fclass":"park","name":"天坛遗址公园"}},
{"type":"Feature","geometry":{"type":"Polygon","coordinates":[[[108.893538,34.2034687],[108.8924482,34.2022761],[108.8925935,34.202336],[108.8935679,34.2034077],[108.893538,34.2034687]]]},"properties":{"osm_id":"1082237060","code":7202,"fclass":"park","name":""}},
{"type":"Feature","geometry":{"type":"Polygon","coordinates":[[[108.8731458,34.206347],[108.8731243,34.2062725],[108.873135,34.2062068],[108.8769206,34.2026738],[108.8774096,34.2023186],[108.8780881,34.2018814],[108.8791346,34.2010397],[108.8796794,34.2006154],[108.880013,34.2004388],[108.8803092,34.200335],[108.8805752,34.2002684],[108.8807221,34.2002598],[108.8848097,34.2002706],[108.8850379,34.2002691],[108.8851706,34.2002892],[108.8852761,34.2003153],[108.8853528,34.2003579],[108.8853916,34.2004422],[108.8854307,34.2033211],[108.8853958,34.2035545],[108.8853109,34.2038017],[108.8850969,34.2041807],[108.8849225,34.2044969],[108.8848269,34.2047265],[108.8848026,34.2048495],[108.8847298,34.2053238],[108.8847282,34.2055472],[108.8844081,34.2055472],[108.8844081,34.2058408],[108.884707,34.2058396],[108.8846906,34.206276],[108.8845182,34.2063625],[108.8732443,34.2064162],[108.8731822,34.2063931],[108.8731458,34.206347]]]},"properties":{"osm_id":"1221942299","code":7202,"fclass":"park","name":""}},
{"type":"Feature","geometry":{"type":"Polygon","coordinates":[[[108.9452391,34.2054407],[108.9444504,34.2054294],[108.9444638,34.2041206],[108.9452445,34.2041364],[108.9452391,34.2054407]]]},"properties":{"osm_id":"220685033","code":7202,"fclass":"park","name":""}},
{"type":"Feature","geometry":{"type":"Polygon","coordinates":[[[108.946174,34.2054341],[108.9452816,34.2054298],[108.9452907,34.2041406],[108.9461832,34.2041449],[108.946174,34.2054341]]]},"properties":{"osm_id":"220685156","code":7202,"fclass":"park","name":""}},
{"type":"Feature","geometry":{"type":"Polygon","coordinates":[[[108.9466846,34.2054314],[108.9462474,34.2054296],[108.9462533,34.2044669],[108.9466904,34.2044687],[108.9466846,34.2054314]]]},"properties":{"osm_id":"220685201","code":7202,"fclass":"park","name":""}},
{"type":"Feature","geometry":{"type":"Polygon","coordinates":[[[108.9444057,34.205635],[108.9435358,34.2056288],[108.9435394,34.2052833],[108.9444093,34.2052895],[108.9444057,34.205635]]]},"properties":{"osm_id":"220422809","code":7202,"fclass":"park","name":"畅志园"}},
{"type":"Feature","geometry":{"type":"Polygon","coordinates":[[[108.9471645,34.2062694],[108.946442,34.2062651],[108.9464439,34.2059754],[108.9464503,34.2056843],[108.9471709,34.2056814],[108.947171,34.2057647],[108.9480096,34.2057643],[108.9480079,34.2056891],[108.9487412,34.2056895],[108.948741,34.205991],[108.948735,34.2062787],[108.9479996,34.2062744],[108.9471645,34.2062694]]]},"properties":{"osm_id":"1000962475","code":7202,"fclass":"park","name":""}},
{"type":"Feature","geometry":{"type":"Polygon","coordinates":[[[108.907998,34.2065935],[108.8852602,34.2064411],[108.8852703,34.2056631],[108.9080144,34.2057342],[108.907998,34.2065935]]]},"properties":{"osm_id":"969143236","code":7202,"fclass":"park","name":"唐城墙遗址公园"}},
{"type":"Feature","geometry":{"type":"Polygon","coordinates":[[[108.9495611,34.2066238],[108.9491213,34.2066169],[108.9491385,34.2058618],[108.9495783,34.2058686],[108.9495611,34.2066238]]]},"properties":{"osm_id":"220685005","code":7202,"fclass":"park","name":"曲江流饮"}},
{"type":"Feature","geometry":{"type":"Polygon","coordinates":[[[108.754735,34.2033286],[108.7546599,34.2027962],[108.7548637,34.2020775],[108.755368,34.2012434],[108.7558079,34.2004181],[108.7562048,34.1989895],[108.7567099,34.1979191],[108.7570798,34.1974797],[108.7593535,34.1951904],[108.7603354,34.1939934],[108.7608229,34.1934424],[108.7617999,34.1927251],[108.7623688,34.1924078],[108.7632758,34.1926514],[108.7634748,34.1925681],[108.7638518,34.1921101],[108.764115,34.1918465],[108.7649812,34.1913933],[108.7647808,34.1911704],[108.7650715,34.1912065],[108.7655319,34.1911199],[108.7656698,34.1910055],[108.7664039,34.1910978],[108.7673895,34.1904569],[108.7680146,34.1903667],[108.768327,34.1900945],[108.7690938,34.1897933],[108.7696461,34.1897813],[108.7706621,34.1896342],[108.7721794,34.1898958],[108.7733582,34.1909121],[108.7751352,34.1912345],[108.7762356,34.1926534],[108.7783813,34.1952625],[108.7813854,34.1971615],[108.7861061,34.199096],[108.7893677,34.2014031],[108.7922859,34.2042248],[108.7947964,34.2055735],[108.7942171,34.2070287],[108.7933802,34.2072594],[108.7931335,34.2077385],[108.7927687,34.2080402],[108.791213,34.2085193],[108.7905371,34.2089275],[108.7894535,34.2098857],[108.7889171,34.2107641],[108.7886274,34.2116513],[108.7878334,34.2126362],[108.7872219,34.2133814],[108.7868893,34.2143041],[108.7868893,34.2153244],[108.7865353,34.2162915],[108.7858593,34.2175424],[108.784647,34.219157],[108.7842178,34.2199377],[108.7837243,34.2204966],[108.7833488,34.2206741],[108.7832576,34.2206829],[108.7838799,34.2228786],[108.7838316,34.2230738],[108.7837082,34.223158],[108.7834454,34.2231891],[108.7829518,34.2229762],[108.7828338,34.2228431],[108.7821579,34.2208914],[108.7817448,34.220918],[108.781364,34.2208071],[108.7810153,34.220572],[108.7807202,34.2200708],[108.7805432,34.2191837],[108.780216,34.2185094],[108.7796473,34.2177198],[108.7780005,34.2161628],[108.7784028,34.2159055],[108.7780112,34.2154797],[108.7775874,34.2147344],[108.7771365,34.2137744],[108.7768632,34.2130355],[108.7766266,34.2121502],[108.7764843,34.2115771],[108.7763453,34.2113058],[108.7762356,34.211292],[108.7760306,34.2112973],[108.7748769,34.2114445],[108.7742162,34.2116936],[108.7738841,34.2119428],[108.7736651,34.2122457],[108.7734596,34.2127949],[108.7732578,34.2129898],[108.7723815,34.2123248],[108.7713967,34.2118243],[108.7700506,34.211249],[108.7690026,34.210995],[108.7690297,34.2172407],[108.7682979,34.2171884],[108.7665633,34.2168671],[108.7654611,34.216643],[108.7644833,34.2162694],[108.7631225,34.2156705],[108.7626197,34.2154467],[108.7624647,34.2152298],[108.7624647,34.2109317],[108.7624337,34.2093879],[108.7610865,34.2082354],[108.7596831,34.207076],[108.7556362,34.2051565],[108.755089,34.2045531],[108.7552232,34.2040226],[108.7550925,34.203416],[108.754735,34.2033286]]]},"properties":{"osm_id":"1082397676","code":7202,"fclass":"park","name":"昆明池七夕公园"}},
{"type":"Feature","geometry":{"type":"Polygon","coordinates":[[[108.9433368,34.207033],[108.943211,34.2068712],[108.9432183,34.2068252],[108.9433435,34.206797],[108.9442376,34.2068107],[108.9445296,34.2068806],[108.944517,34.2071839],[108.9444985,34.2072239],[108.9442973,34.2071773],[108.9439674,34.2071197],[108.9437502,34.2070975],[108.9435758,34.2070886],[108.9434578,34.207082],[108.9434039,34.2070663],[108.9433559,34.2070465],[108.9433368,34.207033]]]},"properties":{"osm_id":"286421880","code":7202,"fclass":"park","name":"南花园"}},
{"type":"Feature","geometry":{"type":"Polygon","coordinates":[[[108.9467395,34.2078033],[108.9464538,34.2077937],[108.9464685,34.2075174],[108.94665,34.2075183],[108.9467444,34.2075814],[108.9467395,34.2078033]]]},"properties":{"osm_id":"235397586","code":7202,"fclass":"park","name":"南森林"}},
{"type":"Feature","geometry":{"type":"Polygon","coordinates":[[[108.9467255,34.2082311],[108.9460758,34.2082075],[108.9460985,34.2077803],[108.9467482,34.2078039],[108.9467255,34.2082311]]]},"properties":{"osm_id":"235397583","code":7202,"fclass":"park","name":"北森林"}},
{"type":"Feature","geometry":{"type":"Polygon","coordinates":[[[108.9443295,34.2082332],[108.9442866,34.208231],[108.944292,34.2080802],[108.944338,34.2080818],[108.9443295,34.2082332]]]},"properties":{"osm_id":"286421895","code":7202,"fclass":"park","name":"XISU"}},
{"type":"Feature","geometry":{"type":"Polygon","coordinates":[[[108.8915498,34.2082279],[108.891492,34.208118],[108.8915081,34.2080819],[108.8915229,34.2080337],[108.8915288,34.2080144],[108.8915568,34.2079999],[108.8916108,34.2079769],[108.8916784,34.2079579],[108.8917382,34.207982],[108.891798,34.2080004],[108.8918395,34.2079868],[108.8918981,34.207989],[108.8919512,34.2080022],[108.891965,34.2080446],[108.8919745,34.208098],[108.8920116,34.2081293],[108.8920456,34.2081708],[108.8920839,34.2082385],[108.8920934,34.2083077],[108.8920586,34.2083728],[108.891998,34.2084058],[108.8918897,34.2084319],[108.891786,34.2084184],[108.8917495,34.2083237],[108.8916752,34.2082931],[108.8915945,34.2082529],[108.8915498,34.2082279]]]},"properties":{"osm_id":"1054199545","code":7202,"fclass":"park","name":"湖心岛"}},
{"type":"Feature","geometry":{"type":"Polygon","coordinates":[[[108.8852657,34.2112842],[108.8852648,34.21083],[108.8874938,34.210848],[108.887494,34.2106162],[108.8885746,34.2106244],[108.8885817,34.2109094],[108.8888516,34.2109091],[108.8913526,34.2109064],[108.891532,34.2091067],[108.8910486,34.2089545],[108.8906794,34.2088993],[108.8902035,34.2088841],[108.8901671,34.2087591],[108.8901641,34.2086567],[108.8902083,34.2085187],[108.890299,34.2083912],[108.8903719,34.208241],[108.890386,34.2080604],[108.8903675,34.2078841],[108.8903034,34.2077607],[108.8902468,34.207577],[108.890208,34.2074381],[108.890191,34.207299],[108.8901974,34.207088],[108.890233,34.2069158],[108.8906438,34.2068662],[108.8906655,34.2068663],[108.8913986,34.2068704],[108.8928409,34.2068784],[108.8928367,34.207188],[108.8930842,34.2072183],[108.8932107,34.2072878],[108.8933277,34.2073959],[108.8933831,34.2075143],[108.8934065,34.2076509],[108.893358,34.2078094],[108.8932611,34.2079512],[108.8932469,34.2087936],[108.8925825,34.2088041],[108.8922338,34.209431],[108.8921226,34.209383],[108.8919633,34.21093],[108.8931875,34.2109281],[108.8931989,34.2106143],[108.8942283,34.2106064],[108.8942321,34.2114893],[108.8932252,34.2114327],[108.893218,34.2112648],[108.8919473,34.2112583],[108.8917603,34.2133676],[108.8913799,34.2133706],[108.8901115,34.213248],[108.8897076,34.2132427],[108.889608,34.2112645],[108.889054,34.2112571],[108.8885623,34.2112505],[108.8885505,34.2115249],[108.8875314,34.211522],[108.8875269,34.2112931],[108.8857966,34.2112863],[108.8852979,34.2112843],[108.8852657,34.2112842]]]},"properties":{"osm_id":"259324566","code":7202,"fclass":"park","name":"木塔寺生态遗址公园"}},
{"type":"Feature","geometry":{"type":"Polygon","coordinates":[[[108.7589752,34.2134742],[108.7535039,34.2109725],[108.7537934,34.2108169],[108.7561672,34.2109126],[108.7593371,34.2104458],[108.7609727,34.2103979],[108.761378,34.2106613],[108.7621017,34.2105655],[108.7621162,34.2128278],[108.7593516,34.2133305],[108.7589752,34.2134742]]]},"properties":{"osm_id":"1090942361","code":7202,"fclass":"park","name":""}},
{"type":"Feature","geometry":{"type":"Polygon","coordinates":[[[108.9273332,34.2131997],[108.9273227,34.212293],[108.9277532,34.2122518],[108.9307364,34.212224],[108.930742,34.2133225],[108.9275065,34.2133467],[108.9273332,34.2131997]]]},"properties":{"osm_id":"245404528","code":7202,"fclass":"park","name":""}},
{"type":"Feature","geometry":{"type":"Polygon","coordinates":[[[108.8312336,34.2152464],[108.8278234,34.2154203],[108.8280822,34.2142618],[108.8279473,34.2142414],[108.8281202,34.213545],[108.8284803,34.2135443],[108.8286267,34.213544],[108.8287822,34.2135437],[108.8293059,34.2135427],[108.8297317,34.213542],[108.8301387,34.2135367],[108.8302963,34.2135501],[108.8304118,34.2135599],[108.8305174,34.2135689],[108.8306814,34.2135677],[108.8307821,34.2135669],[108.8307814,34.2136132],[108.8314616,34.2149386],[108.8312336,34.2152464]]]},"properties":{"osm_id":"1301139147","code":7202,"fclass":"park","name":""}},
{"type":"Feature","geometry":{"type":"Polygon","coordinates":[[[108.9652,34.2064626],[108.9651997,34.2064355],[108.9651998,34.2056599],[108.9651999,34.2056589],[108.9652001,34.2056597],[108.9652002,34.2056595],[108.965201,34.205654],[108.9652018,34.2056508],[108.9652032,34.2056469],[108.965205,34.2056425],[108.9652065,34.2056396],[108.96521,34.205634],[108.9652142,34.2056287],[108.9652165,34.2056262],[108.9652217,34.2056214],[108.9652245,34.2056192],[108.9652275,34.2056171],[108.9652337,34.2056134],[108.9652403,34.2056102],[108.9652437,34.2056088],[108.9652472,34.2056076],[108.9652525,34.2056061],[108.9652556,34.2056053],[108.9652589,34.2056046],[108.9652677,34.2056037],[108.965268,34.2056035],[108.965267,34.2056034],[108.9652937,34.2056033],[108.9686623,34.2056033],[108.9692137,34.2056033],[108.969265,34.2056033],[108.9700089,34.2056033],[108.970034,34.2056034],[108.9700437,34.2056036],[108.9700501,34.205604],[108.9700565,34.2056047],[108.9700662,34.2056063],[108.9700727,34.2056077],[108.9700792,34.2056094],[108.9700856,34.2056113],[108.9700983,34.2056161],[108.9701105,34.2056221],[108.9701221,34.205629],[108.9701328,34.205637],[108.9701424,34.2056458],[108.9701508,34.2056554],[108.970158,34.2056655],[108.9701638,34.205676],[108.9701662,34.2056813],[108.9701682,34.2056867],[108.9701699,34.2056921],[108.9701712,34.2056974],[108.9701723,34.2057027],[108.9701732,34.2057107],[108.9701735,34.2057187],[108.9701736,34.2057408],[108.9701735,34.2061099],[108.9701733,34.2061361],[108.9701728,34.2061643],[108.9701719,34.2061938],[108.9701711,34.2062145],[108.9701693,34.2062471],[108.9701669,34.2062812],[108.9701639,34.2063169],[108.9701614,34.206342],[108.9701571,34.2063804],[108.9701528,34.2064135],[108.9701469,34.2064551],[108.9701448,34.206465],[108.9701418,34.2064747],[108.9701377,34.2064842],[108.9701325,34.2064936],[108.9701261,34.2065028],[108.9701186,34.2065116],[108.9701101,34.2065199],[108.9701007,34.2065275],[108.9700796,34.2065401],[108.9700563,34.2065491],[108.9700323,34.2065545],[108.9700087,34.2065561],[108.9664073,34.2065561],[108.9658559,34.2065561],[108.9653511,34.2065562],[108.965318,34.2065561],[108.9653097,34.2065559],[108.9653015,34.2065553],[108.9652961,34.2065545],[108.9652906,34.2065536],[108.9652851,34.2065524],[108.9652796,34.206551],[108.9652742,34.2065493],[108.9652634,34.2065453],[108.9652531,34.2065403],[108.9652433,34.2065344],[108.9652343,34.2065276],[108.9652301,34.206524],[108.9652261,34.2065201],[108.9652224,34.2065162],[108.965219,34.2065121],[108.9652158,34.2065078],[108.9652129,34.2065035],[108.9652103,34.2064991],[108.965208,34.2064946],[108.965206,34.2064901],[108.9652043,34.2064855],[108.9652029,34.206481],[108.9652017,34.2064765],[108.9652008,34.2064721],[108.9652002,34.2064675],[108.9652,34.2064626]]]},"properties":{"osm_id":"18477799","code":7202,"fclass":"park","name":"唐城墙遗址公园三区"}},
{"type":"Feature","geometry":{"type":"MultiPolygon","coordinates":[[[[108.9564764,34.2064239],[108.9564764,34.205808],[108.9564766,34.2057845],[108.956477,34.2057768],[108.9564781,34.2057691],[108.95648,34.2057613],[108.9564835,34.205751],[108.9564858,34.2057458],[108.9564865,34.2057446],[108.9564914,34.2057356],[108.9564983,34.2057259],[108.9565064,34.2057166],[108.9565157,34.205708],[108.9565207,34.2057041],[108.9565314,34.2056968],[108.9565429,34.2056905],[108.9565489,34.2056878],[108.9565611,34.2056832],[108.9565674,34.2056812],[108.9565799,34.2056782],[108.9565892,34.2056766],[108.9565954,34.2056759],[108.956605,34.2056755],[108.9566081,34.2056753],[108.9566454,34.205675],[108.9588321,34.2056648],[108.9588322,34.2056739],[108.9588323,34.2056829],[108.9588323,34.2057136],[108.9588323,34.2057348],[108.9588323,34.2057625],[108.9588323,34.205773],[108.9588323,34.205812],[108.9588323,34.2058413],[108.9588323,34.2058517],[108.9588323,34.2058608],[108.9588323,34.2058795],[108.9588323,34.2059739],[108.9588323,34.206013],[108.9588323,34.2060761],[108.9588323,34.2064281],[108.9588323,34.2064868],[108.9588323,34.2065299],[108.9588323,34.2065665],[108.9586526,34.2065665],[108.9582021,34.2065665],[108.9566446,34.2065665],[108.9566274,34.2065665],[108.9565951,34.2065664],[108.9565839,34.2065661],[108.956573,34.2065649],[108.956562,34.2065627],[108.956551,34.2065596],[108.9565403,34.2065556],[108.9565299,34.2065506],[108.9565201,34.2065446],[108.956511,34.2065379],[108.9565028,34.2065304],[108.9564957,34.2065222],[108.9564896,34.2065137],[108.9564847,34.2065048],[108.956481,34.2064957],[108.9564784,34.2064866],[108.9564769,34.2064776],[108.9564765,34.2064708],[108.9564764,34.2064476],[108.9564764,34.2064239]]],[[[108.9599658,34.2056686],[108.9599658,34.2056596],[108.9614324,34.2056528],[108.9615329,34.2056525],[108.9615416,34.2056527],[108.9615474,34.2056533],[108.9615531,34.2056541],[108.9615645,34.2056564],[108.9615756,34.2056596],[108.9615809,34.2056616],[108.9615914,34.2056661],[108.961601,34.2056714],[108.9616056,34.2056744],[108.9616141,34.2056807],[108.9616218,34.2056878],[108.9616288,34.2056955],[108.9616348,34.2057037],[108.9616399,34.2057125],[108.9616438,34.2057216],[108.9616454,34.2057263],[108.9616473,34.2057335],[108.9616481,34.2057383],[108.9616487,34.2057447],[108.9616488,34.2057611],[108.961649,34.2057952],[108.9616488,34.2063903],[108.9616488,34.2064715],[108.9616485,34.2064776],[108.9616475,34.2064843],[108.9616458,34.2064911],[108.9616444,34.2064957],[108.9616407,34.2065048],[108.9616357,34.2065137],[108.9616297,34.2065222],[108.9616225,34.2065304],[108.9616144,34.2065379],[108.9616053,34.2065446],[108.9616005,34.2065477],[108.9615903,34.2065532],[108.9615797,34.2065577],[108.9615743,34.2065596],[108.9615633,34.2065627],[108.9615496,34.2065653],[108.9615442,34.2065659],[108.9615359,34.2065663],[108.9615082,34.2065664],[108.9614941,34.2065665],[108.960351,34.2065665],[108.9599659,34.2065665],[108.9599659,34.206013],[108.9599659,34.2059739],[108.9599659,34.2058795],[108.9599659,34.2058608],[108.9599659,34.2058517],[108.9599659,34.2058413],[108.9599659,34.205812],[108.9599659,34.205773],[108.9599659,34.2057625],[108.9599659,34.2057348],[108.9599659,34.2057136],[108.9599659,34.2056777],[108.9599658,34.2056686]]]]},"properties":{"osm_id":"18470709","code":7202,"fclass":"park","name":"唐城墙遗址公园一区"}},
{"type":"Feature","geometry":{"type":"Polygon","coordinates":[[[108.9955703,34.2070954],[108.9955102,34.2070315],[108.9967419,34.2062667],[108.996523,34.2068487],[108.9964951,34.2069197],[108.99645,34.2069836],[108.9963835,34.2070227],[108.9960466,34.2071682],[108.9959844,34.2071948],[108.9958707,34.2071948],[108.9957183,34.207177],[108.9956411,34.2071362],[108.9955703,34.2070954]]]},"properties":{"osm_id":"1227795807","code":7202,"fclass":"park","name":""}},
{"type":"Feature","geometry":{"type":"Polygon","coordinates":[[[108.9969211,34.2074037],[108.9969059,34.2073234],[108.9969089,34.2072543],[108.996915,34.2071853],[108.9969393,34.2071025],[108.9972819,34.2062881],[108.9974625,34.2063282],[108.9973732,34.2066425],[108.9973281,34.2067738],[108.9972788,34.2068607],[108.9975556,34.2075386],[108.9978495,34.20778],[108.9984117,34.207874],[108.998405,34.2081139],[108.9977723,34.20808],[108.9975735,34.2080649],[108.9974445,34.2080248],[108.9973262,34.2079633],[108.99722,34.2078918],[108.9971441,34.2078165],[108.9970667,34.2077224],[108.997003,34.2076157],[108.9969211,34.2074037]]]},"properties":{"osm_id":"1227795808","code":7202,"fclass":"park","name":""}},
{"type":"Feature","geometry":{"type":"Polygon","coordinates":[[[109.0035808,34.2083201],[109.0007786,34.2082227],[109.0008208,34.2072422],[109.0024964,34.2072614],[109.0037678,34.2073474],[109.0037416,34.2076463],[109.0067109,34.2078866],[109.0066115,34.2085566],[109.0065556,34.2086347],[109.0035808,34.2083201]]]},"properties":{"osm_id":"401516892","code":7202,"fclass":"park","name":"曲江悦动公园"}},
{"type":"Feature","geometry":{"type":"Polygon","coordinates":[[[108.9940689,34.2084259],[108.9933551,34.206945],[108.9940774,34.2073132],[108.9945002,34.2075812],[108.9947104,34.2077409],[108.9948091,34.2079255],[108.9950473,34.2089494],[108.995043,34.2090771],[108.9950345,34.2091978],[108.994998,34.209322],[108.9949615,34.2093682],[108.9946589,34.2092581],[108.9945066,34.209157],[108.9944014,34.2090683],[108.9943392,34.2089618],[108.9942727,34.2088358],[108.9942791,34.2087719],[108.994159,34.2085164],[108.9940689,34.2084259]]]},"properties":{"osm_id":"1227795804","code":7202,"fclass":"park","name":""}},
{"type":"Feature","geometry":{"type":"Polygon","coordinates":[[[108.9739088,34.2104488],[108.9739013,34.206843],[108.9739044,34.2068158],[108.9739142,34.2067891],[108.97393,34.2067644],[108.973951,34.2067433],[108.9739765,34.2067259],[108.9740063,34.2067127],[108.9740385,34.2067045],[108.9740714,34.2067019],[108.9761551,34.2066997],[108.9775135,34.2066983],[108.9777265,34.2066981],[108.9777265,34.2067429],[108.9777271,34.2071411],[108.9776939,34.2071411],[108.9776939,34.2071684],[108.9775339,34.2071684],[108.9775339,34.2072152],[108.9774767,34.2072152],[108.9774767,34.2072668],[108.9774198,34.2072668],[108.9774198,34.2074599],[108.9773172,34.2074599],[108.9773172,34.2074804],[108.9772732,34.2074804],[108.9772732,34.2075025],[108.9772192,34.2075025],[108.9772192,34.2075791],[108.9771593,34.2075791],[108.9771593,34.207661],[108.9770967,34.207661],[108.9770967,34.2077286],[108.976999,34.2077286],[108.976999,34.2078268],[108.9767945,34.2078268],[108.9767945,34.207976],[108.9767653,34.207976],[108.9767653,34.208016],[108.9767439,34.208016],[108.9767439,34.208136],[108.9767171,34.208136],[108.9767171,34.2082875],[108.976679,34.2082875],[108.976679,34.2084621],[108.9765767,34.2084621],[108.9765767,34.2087716],[108.9763696,34.2087716],[108.9763696,34.2090742],[108.9763281,34.2090742],[108.9763281,34.2092261],[108.9762095,34.2092261],[108.9762095,34.2094565],[108.9762177,34.2094565],[108.9762177,34.2096292],[108.9778628,34.2096292],[108.9788955,34.2096292],[108.9825377,34.2096292],[108.9825377,34.2091975],[108.9826997,34.2091975],[108.9827748,34.2091975],[108.9827657,34.2104853],[108.9827628,34.2105108],[108.9827531,34.2105371],[108.9827371,34.2105623],[108.9827151,34.2105846],[108.9826879,34.2106025],[108.9826573,34.2106155],[108.9826254,34.2106232],[108.9825945,34.2106253],[108.9740783,34.2105894],[108.9740475,34.2105871],[108.9740158,34.2105792],[108.9739855,34.210566],[108.9739585,34.210548],[108.9739368,34.2105257],[108.9739211,34.2105005],[108.9739116,34.2104743],[108.9739088,34.2104488]]]},"properties":{"osm_id":"1265692011","code":7202,"fclass":"park","name":""}},
{"type":"Feature","geometry":{"type":"Polygon","coordinates":[[[108.9521529,34.2092584],[108.9521529,34.2088419],[108.9522943,34.2087907],[108.9522943,34.2085057],[108.9526386,34.2085038],[108.9526014,34.2083663],[108.9525593,34.2081842],[108.953443,34.2075338],[108.9543266,34.2075704],[108.9547419,34.2075119],[108.9560408,34.2074973],[108.9560231,34.2089515],[108.9562794,34.2090392],[108.9562705,34.210128],[108.9555283,34.2103983],[108.9546712,34.2102303],[108.9546712,34.2100257],[108.954568,34.2100216],[108.9544856,34.2100184],[108.9544856,34.2098138],[108.9537611,34.2098211],[108.9537611,34.209558],[108.953496,34.209558],[108.9529039,34.209558],[108.9529039,34.2093461],[108.9523706,34.2093422],[108.9523738,34.2092584],[108.9521529,34.2092584]]]},"properties":{"osm_id":"235397975","code":7202,"fclass":"park","name":"西安植物园"}},
{"type":"Feature","geometry":{"type":"Polygon","coordinates":[[[108.9952369,34.2105822],[108.9950856,34.2105196],[108.9957684,34.209443],[108.9958639,34.2093326],[108.995958,34.2092749],[108.996046,34.2092209],[108.9969124,34.2088432],[108.9970838,34.2087754],[108.9972963,34.2087353],[108.9975026,34.2087177],[108.9977879,34.2087202],[108.9991148,34.2087822],[108.9991224,34.2089629],[108.9989858,34.2090232],[108.9982135,34.2089679],[108.9981255,34.2089692],[108.998036,34.208988],[108.9956392,34.2100139],[108.9955329,34.210108],[108.9952369,34.2105822]]]},"properties":{"osm_id":"1227795809","code":7202,"fclass":"park","name":""}},
{"type":"Feature","geometry":{"type":"Polygon","coordinates":[[[108.9832028,34.210535],[108.9832028,34.2097688],[108.9863906,34.2097414],[108.9854089,34.210535],[108.9832028,34.210535]]]},"properties":{"osm_id":"245403686","code":7202,"fclass":"park","name":"曲江乐园"}},
{"type":"Feature","geometry":{"type":"Polygon","coordinates":[[[108.9880257,34.2147403],[108.9879769,34.2089846],[108.9894568,34.2076801],[108.9892779,34.2140007],[108.9880257,34.2147403]]]},"properties":{"osm_id":"401519557","code":7202,"fclass":"park","name":"唐城墙公园"}},
{"type":"Feature","geometry":{"type":"Polygon","coordinates":[[[109.0389849,34.2118805],[109.0389801,34.2111719],[109.039259,34.2101691],[109.0393213,34.2093281],[109.0396443,34.2071015],[109.0395059,34.2066181],[109.0391366,34.2060455],[109.0390289,34.2037807],[109.0390418,34.2036885],[109.0391982,34.2025719],[109.0391982,34.2019994],[109.0400443,34.2006888],[109.0405674,34.1986274],[109.041152,34.1958534],[109.0418751,34.1950263],[109.0444905,34.1952553],[109.0452498,34.1956541],[109.0428826,34.2012329],[109.0420832,34.2033967],[109.0416834,34.2057709],[109.0416653,34.2072285],[109.0424562,34.2100658],[109.0426489,34.210503],[109.0426726,34.2105884],[109.042693,34.2107037],[109.0427154,34.2108136],[109.0426767,34.2108937],[109.0426295,34.2110049],[109.0426162,34.2111243],[109.0426661,34.2113041],[109.0427562,34.2113689],[109.0428146,34.2114246],[109.0428836,34.2115408],[109.0429163,34.2116548],[109.0429176,34.2117846],[109.042847,34.2121222],[109.0422563,34.2148158],[109.042274,34.2173084],[109.0430974,34.2226534],[109.0436222,34.2253487],[109.0435665,34.2297818],[109.0435855,34.2300713],[109.0433155,34.2302487],[109.0430636,34.2302775],[109.0428315,34.2301754],[109.0425388,34.2301188],[109.0419805,34.2299417],[109.0418304,34.229102],[109.0417519,34.2280972],[109.0419068,34.2277107],[109.0409978,34.2274204],[109.0407674,34.2268203],[109.0409564,34.226215],[109.0412628,34.2258587],[109.0410359,34.2255999],[109.040804,34.2251091],[109.0407674,34.2243526],[109.0409828,34.2234112],[109.0405059,34.2228006],[109.0403982,34.2217702],[109.0400751,34.2194295],[109.0405059,34.2192896],[109.0416443,34.2187298],[109.0400103,34.2180171],[109.0400905,34.2162618],[109.0394167,34.2158588],[109.039124,34.2147964],[109.0389939,34.213734],[109.0392289,34.2129413],[109.0389849,34.2118805]]]},"properties":{"osm_id":"289841941","code":7202,"fclass":"park","name":"雁鸣湖休闲公园"}},
{"type":"Feature","geometry":{"type":"Polygon","coordinates":[[[108.9649575,34.2155804],[108.9649573,34.2155211],[108.9649574,34.2144009],[108.9649577,34.2143907],[108.964958,34.2143841],[108.9649588,34.2143754],[108.9649596,34.2143688],[108.9649611,34.2143601],[108.9649624,34.2143537],[108.964964,34.2143472],[108.9649658,34.2143408],[108.9649678,34.2143344],[108.9649709,34.214326],[108.9649734,34.2143198],[108.9649771,34.2143115],[108.9649842,34.2142973],[108.9649983,34.2142713],[108.9650035,34.2142612],[108.9650083,34.214251],[108.9650125,34.2142406],[108.9650147,34.2142342],[108.9650167,34.2142278],[108.9650183,34.2142214],[108.9650196,34.2142149],[108.9650206,34.2142084],[108.9650213,34.2142018],[108.9650217,34.2141952],[108.9650218,34.21419],[108.9650216,34.2138034],[108.9650216,34.2137345],[108.9650205,34.2137227],[108.9650192,34.213713],[108.9650175,34.2137034],[108.9650153,34.2136938],[108.9650119,34.213682],[108.9650089,34.2136726],[108.9650001,34.2136468],[108.9649979,34.2136397],[108.964996,34.2136326],[108.964994,34.213623],[108.9649929,34.2136158],[108.9649922,34.2136085],[108.964992,34.2136016],[108.964992,34.2132817],[108.9649941,34.2132476],[108.9650025,34.2132143],[108.9650169,34.2131825],[108.9650372,34.2131528],[108.9655837,34.2124972],[108.9656116,34.2124638],[108.9656382,34.2124297],[108.9656633,34.2123949],[108.9656871,34.2123594],[108.9657065,34.212323],[108.9657261,34.2122819],[108.9657497,34.2122378],[108.9657806,34.2121925],[108.9673945,34.2102567],[108.9674336,34.2102315],[108.9674902,34.2102176],[108.9675495,34.210216],[108.9675967,34.2102279],[108.9676779,34.2102683],[108.9677636,34.2103091],[108.9678526,34.2103495],[108.9679656,34.2103982],[108.9680095,34.2104162],[108.9680654,34.2104385],[108.9681216,34.2104603],[108.968166,34.210477],[108.9682174,34.2104958],[108.968276,34.2105165],[108.968336,34.2105368],[108.9683666,34.2105468],[108.9684282,34.2105661],[108.9684645,34.2105769],[108.9685377,34.2105976],[108.9685745,34.2106075],[108.9686112,34.2106168],[108.9686289,34.2106211],[108.9686784,34.2106331],[108.9687172,34.2106418],[108.9687468,34.2106478],[108.9688057,34.2106589],[108.9688718,34.2106705],[108.9689448,34.2106824],[108.9690244,34.2106941],[108.9690957,34.2107034],[108.9691847,34.2107111],[108.9692859,34.2107172],[108.969394,34.2107216],[108.9695034,34.2107243],[108.9695192,34.2107245],[108.9696084,34.2107256],[108.969703,34.2107262],[108.9725873,34.2107262],[108.972673,34.2107262],[108.9727588,34.2107262],[108.9757458,34.2107262],[108.9757679,34.2107286],[108.9757882,34.2107353],[108.9758058,34.210746],[108.9758198,34.2107603],[108.9758291,34.210777],[108.9758329,34.2107948],[108.9758312,34.2108128],[108.975824,34.2108302],[108.9758145,34.2108459],[108.9757947,34.2108769],[108.9757652,34.2109202],[108.975745,34.2109477],[108.975724,34.2109747],[108.975702,34.2110012],[108.9756791,34.2110272],[108.9756553,34.2110525],[108.9756306,34.2110773],[108.9756051,34.2111016],[108.9755789,34.2111253],[108.9755521,34.2111486],[108.9754973,34.2111942],[108.9754415,34.211239],[108.9753567,34.2113051],[108.9752994,34.2113485],[108.9752417,34.2113916],[108.9750671,34.2115194],[108.9749801,34.2115836],[108.974894,34.2116486],[108.9748658,34.2116707],[108.974838,34.2116932],[108.9748108,34.2117161],[108.9747844,34.2117397],[108.9747588,34.2117639],[108.9747342,34.2117887],[108.9747105,34.2118142],[108.974688,34.2118404],[108.9746664,34.2118671],[108.9746455,34.2118942],[108.9746252,34.2119216],[108.9746054,34.2119493],[108.9745861,34.2119772],[108.9745673,34.2120053],[108.9745491,34.2120337],[108.9745316,34.2120624],[108.9745148,34.2120914],[108.9744989,34.2121207],[108.9744841,34.2121504],[108.9744703,34.2121804],[108.9744576,34.2122108],[108.9744459,34.2122415],[108.9744351,34.2122723],[108.974412,34.2123486],[108.974382,34.2124529],[108.9743426,34.2125937],[108.9742914,34.2127792],[108.9742269,34.2130145],[108.9741519,34.2132916],[108.9740867,34.213534],[108.97407,34.213599],[108.9739851,34.2139254],[108.9735828,34.215475],[108.9735648,34.2155636],[108.973557,34.2156532],[108.9735593,34.215743],[108.9735718,34.2158323],[108.9735944,34.2159202],[108.9736269,34.2160059],[108.9736405,34.2160438],[108.9736462,34.2160831],[108.9736437,34.2161226],[108.9736333,34.2161612],[108.9736159,34.2161966],[108.9735917,34.2162291],[108.9735615,34.216258],[108.9735259,34.2162824],[108.9706139,34.2178994],[108.9705494,34.217935],[108.9704814,34.2179702],[108.9704089,34.2180047],[108.9703308,34.218038],[108.9702463,34.2180697],[108.9701564,34.2180994],[108.9700624,34.2181267],[108.9699657,34.2181513],[108.9698676,34.2181729],[108.9697696,34.2181912],[108.9696731,34.2182065],[108.9695798,34.2182186],[108.9694907,34.2182278],[108.9694056,34.2182344],[108.9693239,34.2182393],[108.9677147,34.2183123],[108.9674836,34.2183334],[108.9672251,34.218375],[108.9669718,34.2184322],[108.9667562,34.2185004],[108.9667356,34.2185084],[108.96606,34.2187705],[108.9658234,34.2188623],[108.9657919,34.2188734],[108.9657583,34.218879],[108.965724,34.2188787],[108.9656822,34.2188701],[108.9656446,34.2188528],[108.965625,34.2188358],[108.9656093,34.2188161],[108.9655981,34.2187945],[108.965591,34.2187676],[108.9655908,34.2187402],[108.9655973,34.2187132],[108.9658336,34.2179158],[108.9658405,34.2178873],[108.9658452,34.2178589],[108.9658472,34.2178296],[108.9658461,34.2177989],[108.9658418,34.2177662],[108.965834,34.2177314],[108.9658227,34.2176941],[108.9657905,34.2176131],[108.9657506,34.2175301],[108.9657101,34.2174538],[108.9652009,34.2165536],[108.9651711,34.2164975],[108.965142,34.2164379],[108.9651139,34.2163739],[108.9650871,34.2163051],[108.9650622,34.2162322],[108.9650393,34.2161565],[108.965019,34.216079],[108.9650016,34.2160009],[108.9649872,34.2159235],[108.9649758,34.2158479],[108.9649673,34.2157754],[108.9649619,34.2157069],[108.9649588,34.2156421],[108.9649575,34.2155804]]]},"properties":{"osm_id":"18399358","code":7202,"fclass":"park","name":"大唐芙蓉园"}},
{"type":"Feature","geometry":{"type":"Polygon","coordinates":[[[109.0210454,34.216818],[109.0178622,34.2162091],[109.0205894,34.212409],[109.0220091,34.2137375],[109.0234348,34.2148707],[109.0240941,34.2154844],[109.0210454,34.216818]]]},"properties":{"osm_id":"402064217","code":7202,"fclass":"park","name":""}},
{"type":"Feature","geometry":{"type":"Polygon","coordinates":[[[108.9755636,34.218072],[108.9741373,34.2163292],[108.9742009,34.2162015],[108.9752093,34.2157282],[108.9753077,34.2157011],[108.9753268,34.2158694],[108.9770934,34.2158574],[108.9771191,34.2155948],[108.977231,34.2155931],[108.9770567,34.2173412],[108.9768381,34.2177236],[108.9764673,34.217803],[108.9763475,34.2177598],[108.9756375,34.2181601],[108.9755636,34.218072]]]},"properties":{"osm_id":"254474179","code":7202,"fclass":"park","name":"曲江海洋极地公园"}},
{"type":"Feature","geometry":{"type":"Polygon","coordinates":[[[108.9888981,34.2189335],[108.9879022,34.2189418],[108.9879043,34.2187593],[108.987905,34.2186917],[108.9879057,34.2186349],[108.9879126,34.2180292],[108.9879171,34.2176322],[108.987919,34.2174616],[108.9879211,34.2172744],[108.9879262,34.2168244],[108.9879393,34.2156722],[108.9888831,34.2156635],[108.9888951,34.2182763],[108.9888981,34.2189335]]]},"properties":{"osm_id":"401519556","code":7202,"fclass":"park","name":"曲江青少年活动中心"}},
{"type":"Feature","geometry":{"type":"Polygon","coordinates":[[[108.9809497,34.2183541],[108.9809497,34.2182853],[108.9809605,34.2182387],[108.9812236,34.2177491],[108.9812531,34.2177203],[108.9812933,34.2176892],[108.9813363,34.2176693],[108.9813819,34.217656],[108.9814784,34.2176471],[108.9815398,34.2176511],[108.9816042,34.2176799],[108.9816447,34.2177136],[108.9820149,34.2181861],[108.9812502,34.2186069],[108.9811563,34.2185936],[108.9810973,34.2185736],[108.9810383,34.2185271],[108.9809873,34.2184672],[108.9809551,34.2184051],[108.9809497,34.2183541]]]},"properties":{"osm_id":"277482597","code":7202,"fclass":"park","name":""}},
{"type":"Feature","geometry":{"type":"Polygon","coordinates":[[[109.0369527,34.2189939],[109.0330045,34.2189585],[109.0330152,34.2186834],[109.0330957,34.2185725],[109.0370171,34.2186125],[109.0370385,34.2186923],[109.0369527,34.2189939]]]},"properties":{"osm_id":"879035203","code":7202,"fclass":"park","name":""}},
{"type":"Feature","geometry":{"type":"Polygon","coordinates":[[[109.0945432,34.2181572],[109.0940003,34.2174997],[109.0956828,34.2164357],[109.0965605,34.2161548],[109.0972967,34.216424],[109.0975373,34.2165762],[109.0981602,34.2183907],[109.0991001,34.2191726],[109.0986518,34.2196192],[109.0970526,34.2200732],[109.0977031,34.221522],[109.0963178,34.221957],[109.0945432,34.2181572]]]},"properties":{"osm_id":"479709026","code":7202,"fclass":"park","name":"西汉薄太后陵"}},
{"type":"Feature","geometry":{"type":"Polygon","coordinates":[[[109.0377004,34.2191877],[109.0374697,34.2191212],[109.0375126,34.2187841],[109.0392078,34.2188063],[109.0400929,34.2189172],[109.0408922,34.2187974],[109.0405811,34.219099],[109.0405167,34.2192011],[109.0405328,34.2194406],[109.039594,34.2194938],[109.0386767,34.2193874],[109.0383495,34.2193253],[109.0383012,34.2192809],[109.0381778,34.2193607],[109.0380169,34.2193386],[109.0378399,34.2192853],[109.0377004,34.2191877]]]},"properties":{"osm_id":"879035204","code":7202,"fclass":"park","name":""}},
{"type":"Feature","geometry":{"type":"Polygon","coordinates":[[[108.9613519,34.2205649],[108.9613607,34.2190488],[108.9613607,34.2188661],[108.961913,34.2188698],[108.9619255,34.218055],[108.9625685,34.2180669],[108.9625757,34.2184167],[108.963097,34.2184058],[108.9630926,34.2194616],[108.9627789,34.2195273],[108.9627754,34.2199714],[108.9627749,34.2200386],[108.9613519,34.2205649]]]},"properties":{"osm_id":"252867151","code":7202,"fclass":"park","name":"唐大慈恩寺遗址公园"}},
{"type":"Feature","geometry":{"type":"Polygon","coordinates":[[[108.9578196,34.2200086],[108.9575914,34.2199965],[108.9576015,34.2195987],[108.9583421,34.2196254],[108.9583845,34.2180729],[108.9585679,34.2180723],[108.9585492,34.2209866],[108.9578285,34.220985],[108.9578196,34.2200086]]]},"properties":{"osm_id":"1245154061","code":7202,"fclass":"park","name":""}},
{"type":"Feature","geometry":{"type":"Polygon","coordinates":[[[109.20176,34.2200836],[109.2016848,34.2198601],[109.202008,34.2197929],[109.2021015,34.2200248],[109.20176,34.2200836]]]},"properties":{"osm_id":"297866553","code":7202,"fclass":"park","name":"Evan's Park"}},
{"type":"Feature","geometry":{"type":"MultiPolygon","coordinates":[[[[108.9613519,34.2205649],[108.9613441,34.2209873],[108.9603901,34.2209869],[108.9604173,34.2180182],[108.9606139,34.218028],[108.9619254,34.218055],[108.9619128,34.2188696],[108.9613606,34.2188659],[108.9613519,34.2205649]]],[[[108.9613519,34.2205649],[108.9613607,34.2190488],[108.9613607,34.2188661],[108.961913,34.2188698],[108.9619255,34.218055],[108.9625685,34.2180669],[108.9625757,34.2184167],[108.963097,34.2184058],[108.9630926,34.2194616],[108.9627789,34.2195273],[108.9627754,34.2199714],[108.9627749,34.2200386],[108.9613519,34.2205649]]],[[[108.9563133,34.2227727],[108.9562915,34.219425],[108.9574307,34.2193923],[108.9575756,34.219472],[108.9575654,34.2200176],[108.957797,34.2200266],[108.9577732,34.22249],[108.9574731,34.2227415],[108.9563133,34.2227727]]],[[[108.9578196,34.2200086],[108.9575914,34.2199965],[108.9576015,34.2195987],[108.9583421,34.2196254],[108.9583845,34.2180729],[108.9585679,34.2180723],[108.9585492,34.2209866],[108.9578285,34.220985],[108.9578196,34.2200086]]],[[[108.9578678,34.2227906],[108.9578285,34.2209851],[108.9585492,34.220987],[108.9603901,34.2209871],[108.961344,34.2209878],[108.9612525,34.2241776],[108.9578998,34.224141],[108.9578678,34.2227906]]],[[[108.9591973,34.2178879],[108.9585797,34.217891],[108.9585811,34.2170522],[108.9585919,34.2170338],[108.958615,34.217016],[108.9586516,34.2169976],[108.9587082,34.2169856],[108.9592646,34.2169876],[108.9592647,34.2171027],[108.9590939,34.2171029],[108.9590948,34.2177773],[108.9591972,34.2177773],[108.9591973,34.2178879]]],[[[108.9588655,34.2209167],[108.9586046,34.2208417],[108.9586075,34.2180665],[108.9594665,34.2180674],[108.9604,34.2180684],[108.9603799,34.2208478],[108.9600449,34.2209308],[108.9588655,34.2209167]]],[[[108.9595759,34.2170996],[108.9595757,34.2169874],[108.9601012,34.2169893],[108.9601695,34.2170029],[108.960227,34.2170219],[108.9602874,34.2170675],[108.9603253,34.2171224],[108.9603465,34.2171777],[108.9603496,34.2178839],[108.9596442,34.2178875],[108.9596441,34.2177759],[108.9597519,34.2177759],[108.959751,34.2170994],[108.9595759,34.2170996]]],[[[108.9621322,34.2228684],[108.9615561,34.2228628],[108.9615583,34.2208245],[108.9616433,34.220686],[108.9626976,34.2202414],[108.9628025,34.220291],[108.9627824,34.2208027],[108.9627284,34.2217742],[108.9641173,34.2217807],[108.9641214,34.2223862],[108.9641094,34.2229251],[108.9621322,34.2228684]]]]},"properties":{"osm_id":"16734499","code":7202,"fclass":"park","name":"大雁塔休闲文化景区"}},
{"type":"Feature","geometry":{"type":"Polygon","coordinates":[[[108.9563133,34.2227727],[108.9562915,34.219425],[108.9574307,34.2193923],[108.9575756,34.219472],[108.9575654,34.2200176],[108.957797,34.2200266],[108.9577732,34.22249],[108.9574731,34.2227415],[108.9563133,34.2227727]]]},"properties":{"osm_id":"249318213","code":7202,"fclass":"park","name":"陕西民俗大观园"}},
{"type":"Feature","geometry":{"type":"Polygon","coordinates":[[[108.9621322,34.2228684],[108.9615561,34.2228628],[108.9615583,34.2208245],[108.9616433,34.220686],[108.9626976,34.2202414],[108.9628025,34.220291],[108.9627824,34.2208027],[108.9627284,34.2217742],[108.9641173,34.2217807],[108.9641214,34.2223862],[108.9641094,34.2229251],[108.9621322,34.2228684]]]},"properties":{"osm_id":"252132885","code":7202,"fclass":"park","name":"陕西戏曲大观园"}},
{"type":"Feature","geometry":{"type":"Polygon","coordinates":[[[108.9578678,34.2227906],[108.9578285,34.2209851],[108.9585492,34.220987],[108.9603901,34.2209871],[108.961344,34.2209878],[108.9612525,34.2241776],[108.9578998,34.224141],[108.9578678,34.2227906]]]},"properties":{"osm_id":"1245154060","code":7202,"fclass":"park","name":"大雁塔北广场"}},
{"type":"Feature","geometry":{"type":"Polygon","coordinates":[[[108.9661267,34.2246568],[108.9661221,34.2221017],[108.9662599,34.2216459],[108.9679407,34.2216446],[108.9679413,34.2221704],[108.9686797,34.2221697],[108.9686823,34.2239985],[108.9674358,34.2239998],[108.9674369,34.2246553],[108.9661267,34.2246568]]]},"properties":{"osm_id":"1246874062","code":7202,"fclass":"park","name":"西安电影制片厂西影电影艺术体验中心"}},
{"type":"Feature","geometry":{"type":"Polygon","coordinates":[[[108.9916459,34.2237028],[108.9914335,34.2236118],[108.9917981,34.2231591],[108.9920067,34.2232156],[108.9921037,34.2232149],[108.9922329,34.2232009],[108.9923499,34.2231737],[108.9931988,34.223514],[108.993059,34.2237342],[108.992727,34.2236162],[108.9926597,34.2236977],[108.9925292,34.223645],[108.9923,34.2240061],[108.9919446,34.2238525],[108.9919766,34.2237752],[108.9919413,34.2237085],[108.9918741,34.2236768],[108.9918061,34.2236578],[108.9917337,34.2236578],[108.9916459,34.2237028]]]},"properties":{"osm_id":"1285636706","code":7202,"fclass":"park","name":""}},
{"type":"Feature","geometry":{"type":"Polygon","coordinates":[[[108.9910268,34.2239117],[108.9907967,34.2237887],[108.9907993,34.2234632],[108.9912046,34.2234572],[108.9912425,34.2234791],[108.9912615,34.2235025],[108.9912713,34.2235322],[108.9912709,34.2235589],[108.9910268,34.2239117]]]},"properties":{"osm_id":"1285501384","code":7202,"fclass":"park","name":""}},
{"type":"Feature","geometry":{"type":"Polygon","coordinates":[[[108.8333253,34.2162435],[108.8333178,34.2148712],[108.8334467,34.2147408],[108.8370958,34.2147615],[108.837186,34.2148203],[108.8372302,34.2149399],[108.8372496,34.2165942],[108.8370946,34.2167627],[108.834504,34.2167592],[108.8342236,34.2167072],[108.8333902,34.2163583],[108.8333253,34.2162435]]]},"properties":{"osm_id":"727377595","code":7202,"fclass":"park","name":"西安人才公园"}},
{"type":"Feature","geometry":{"type":"Polygon","coordinates":[[[108.9532967,34.216212],[108.9528125,34.2162114],[108.9528132,34.215841],[108.9532973,34.2158416],[108.9532967,34.216212]]]},"properties":{"osm_id":"277481282","code":7202,"fclass":"park","name":""}},
{"type":"Feature","geometry":{"type":"Polygon","coordinates":[[[108.9364886,34.2181776],[108.9357943,34.2181838],[108.9358021,34.2171862],[108.93705,34.217184],[108.9370552,34.217862],[108.936775,34.2178641],[108.9367724,34.2179285],[108.9364908,34.2179315],[108.9364886,34.2181776]]]},"properties":{"osm_id":"1064850849","code":7202,"fclass":"park","name":""}},
{"type":"Feature","geometry":{"type":"Polygon","coordinates":[[[108.9135632,34.2171356],[108.9135579,34.2171001],[108.9135605,34.2170624],[108.9135766,34.217038],[108.9136088,34.2170136],[108.9139709,34.2168428],[108.9142177,34.2167497],[108.9144108,34.2166942],[108.9145181,34.2166743],[108.9146307,34.2166587],[108.9147112,34.2166587],[108.9147604,34.2166612],[108.914789,34.216672],[108.9148194,34.2166878],[108.9148507,34.2167208],[108.9148641,34.2167608],[108.9148641,34.2188078],[108.9148587,34.2188411],[108.9148319,34.2188566],[108.9147872,34.2188702],[108.9147443,34.2188769],[108.9147032,34.2188677],[108.9146719,34.2188503],[108.91462,34.2187856],[108.9135856,34.2171757],[108.9135632,34.2171356]]]},"properties":{"osm_id":"293146117","code":7202,"fclass":"park","name":"紫薇花园广场"}},
{"type":"Feature","geometry":{"type":"Polygon","coordinates":[[[108.9411546,34.2196515],[108.941131,34.2161787],[108.9418113,34.2161819],[108.9418192,34.2195898],[108.9417366,34.2196548],[108.9411546,34.2196515]]]},"properties":{"osm_id":"1064850857","code":7202,"fclass":"park","name":"小寨公园"}},
{"type":"Feature","geometry":{"type":"Polygon","coordinates":[[[108.7323995,34.223556],[108.7323487,34.2229241],[108.7324375,34.2223758],[108.7326476,34.2217695],[108.7329045,34.2213177],[108.7331239,34.2210165],[108.7333528,34.2207964],[108.7353002,34.2210049],[108.7353456,34.2210457],[108.7349904,34.2215906],[108.7348256,34.2219298],[108.7347075,34.222269],[108.734546,34.2229861],[108.7345169,34.2234615],[108.7331585,34.2234579],[108.7330671,34.2235876],[108.7323995,34.223556]]]},"properties":{"osm_id":"878896655","code":7202,"fclass":"park","name":""}},
{"type":"Feature","geometry":{"type":"Polygon","coordinates":[[[108.734789,34.2235467],[108.7347783,34.2234314],[108.7348159,34.2228991],[108.7349821,34.2222826],[108.7352075,34.2217459],[108.7354971,34.2213023],[108.735642,34.221116],[108.7361301,34.2211648],[108.7366827,34.2214132],[108.7363823,34.2224866],[108.7362857,34.2226419],[108.7361194,34.2233782],[108.735878,34.2235378],[108.734789,34.2235467]]]},"properties":{"osm_id":"878896654","code":7202,"fclass":"park","name":""}},
{"type":"Feature","geometry":{"type":"Polygon","coordinates":[[[108.8836369,34.2337743],[108.8835231,34.2334822],[108.8835556,34.2301612],[108.8836126,34.2300709],[108.8836168,34.2299126],[108.8835392,34.2297891],[108.8835252,34.2282284],[108.8836274,34.2279126],[108.8836371,34.2276471],[108.8837573,34.2275112],[108.8837732,34.2270585],[108.8836262,34.2269579],[108.8836248,34.2267597],[108.8835296,34.2264876],[108.8835358,34.2144146],[108.8836322,34.2141591],[108.8836362,34.2125703],[108.8835735,34.212344],[108.8835816,34.2096362],[108.8836838,34.2095611],[108.8836884,34.2091687],[108.8836024,34.2091166],[108.8835915,34.2070059],[108.8836806,34.2069177],[108.8845524,34.2069102],[108.8846734,34.2069971],[108.8847018,34.2095256],[108.8848429,34.2096631],[108.8849011,34.2120959],[108.8848325,34.2126433],[108.8848029,34.2136105],[108.8848316,34.2151415],[108.8848826,34.215333],[108.884892,34.2206803],[108.8848419,34.2209813],[108.8848386,34.2214351],[108.8845977,34.2215802],[108.8846113,34.2219669],[108.8848017,34.2221095],[108.8848074,34.2225258],[108.8848743,34.2228414],[108.8848885,34.2261318],[108.8848208,34.2264112],[108.8848138,34.2269395],[108.8846581,34.2270624],[108.8846544,34.2274717],[108.8848124,34.2275563],[108.8847969,34.2280281],[108.884858,34.2284237],[108.8848663,34.2298356],[108.884779,34.2299216],[108.8847783,34.2300465],[108.8848749,34.2301264],[108.8848528,34.2340543],[108.8847493,34.2341533],[108.8847397,34.2344424],[108.8848371,34.234513],[108.8848709,34.2377077],[108.8847809,34.2380832],[108.8847974,34.2384722],[108.8847473,34.2385453],[108.8837063,34.2385493],[108.883728,34.2361376],[108.8835303,34.2358319],[108.8835232,34.2352495],[108.8836308,34.234849],[108.883633,34.2345436],[108.8837039,34.2344503],[108.8837111,34.234146],[108.8836373,34.2340736],[108.8836369,34.2337743]]]},"properties":{"osm_id":"28463051","code":7202,"fclass":"park","name":"唐城墙遗址公园"}},
{"type":"Feature","geometry":{"type":"Polygon","coordinates":[[[108.7333388,34.2238238],[108.7333388,34.2236269],[108.7333715,34.2235651],[108.7342354,34.2235689],[108.7342681,34.223596],[108.7342961,34.223986],[108.7342588,34.2240284],[108.7333901,34.2238624],[108.7333388,34.2238238]]]},"properties":{"osm_id":"878896656","code":7202,"fclass":"park","name":""}},
{"type":"Feature","geometry":{"type":"Polygon","coordinates":[[[108.9490192,34.2270137],[108.9489554,34.2245711],[108.9516621,34.2245778],[108.9516726,34.2269962],[108.9490192,34.2270137]]]},"properties":{"osm_id":"249318211","code":7202,"fclass":"park","name":"陕西历史博物馆"}},
{"type":"Feature","geometry":{"type":"Polygon","coordinates":[[[107.9562531,34.2001502],[107.9560476,34.1989606],[107.9585414,34.1985666],[107.9584894,34.1983458],[107.9592935,34.1982358],[107.9590528,34.1969782],[107.9595781,34.1969443],[107.959905,34.1969211],[107.9600918,34.1978636],[107.9614181,34.1977709],[107.961717,34.1993623],[107.9603813,34.1995863],[107.9605028,34.2000189],[107.9590084,34.2001888],[107.958915,34.1997949],[107.9562531,34.2001502]]]},"properties":{"osm_id":"971835078","code":7202,"fclass":"park","name":""}},
{"type":"Feature","geometry":{"type":"Polygon","coordinates":[[[107.864086,34.2103959],[107.8639358,34.2099035],[107.8656685,34.2097083],[107.8657919,34.2103737],[107.8651214,34.210285],[107.8646547,34.2103027],[107.864086,34.2103959]]]},"properties":{"osm_id":"1077497768","code":7202,"fclass":"park","name":""}},
{"type":"Feature","geometry":{"type":"Polygon","coordinates":[[[108.051021,34.2403922],[108.050109,34.2355934],[108.0784628,34.2378948],[108.078482,34.2404787],[108.0743507,34.2405043],[108.073069,34.2404941],[108.0731183,34.242165],[108.0696799,34.2422159],[108.0668083,34.2422057],[108.066722,34.2404635],[108.060905,34.2404941],[108.0606283,34.2404912],[108.051021,34.2403922]]]},"properties":{"osm_id":"375646360","code":7202,"fclass":"park","name":"杨陵水上运动中心"}},
{"type":"Feature","geometry":{"type":"Polygon","coordinates":[[[108.2153582,34.2490234],[108.2153053,34.2487122],[108.2155034,34.2484284],[108.2160054,34.2481445],[108.2165337,34.2480517],[108.2173791,34.2481063],[108.2173857,34.2489797],[108.2171611,34.2496894],[108.2168887,34.2496553],[108.2168767,34.2493766],[108.2162175,34.2493708],[108.2161672,34.2497085],[108.2158997,34.249815],[108.2153582,34.2490234]]]},"properties":{"osm_id":"591364862","code":7202,"fclass":"park","name":""}},
{"type":"Feature","geometry":{"type":"Polygon","coordinates":[[[107.7388041,34.2490001],[107.7385432,34.2482449],[107.7390348,34.2480868],[107.7390499,34.2479689],[107.7392806,34.2479238],[107.7395051,34.2479238],[107.7397418,34.2479439],[107.740018,34.2479213],[107.7407461,34.2495877],[107.7403528,34.2497177],[107.740313,34.2497309],[107.7403672,34.2499099],[107.7401976,34.2499516],[107.7399413,34.2499278],[107.7396562,34.249886],[107.7391582,34.2498323],[107.7388608,34.2491334],[107.7388041,34.2490001]]]},"properties":{"osm_id":"981203058","code":7202,"fclass":"park","name":"碧水湾生态休闲庄园"}},
{"type":"Feature","geometry":{"type":"Polygon","coordinates":[[[108.0475082,34.2548798],[108.0474017,34.2535987],[108.0479028,34.2535969],[108.0484802,34.2535947],[108.0490257,34.2535927],[108.0490798,34.2547993],[108.0488993,34.2548425],[108.0486179,34.2548932],[108.0485391,34.2548979],[108.0483039,34.2549119],[108.0480948,34.2549243],[108.0480152,34.254929],[108.0477247,34.2549186],[108.0475082,34.2548798]]]},"properties":{"osm_id":"1231787989","code":7202,"fclass":"park","name":"杨陵南站站前广场"}},
{"type":"Feature","geometry":{"type":"Polygon","coordinates":[[[108.2244223,34.2564435],[108.2240586,34.2564423],[108.2240638,34.2553347],[108.2244275,34.2553358],[108.2244223,34.2564435]]]},"properties":{"osm_id":"591364824","code":7202,"fclass":"park","name":""}},
{"type":"Feature","geometry":{"type":"Polygon","coordinates":[[[108.0883387,34.2575163],[108.0882314,34.256062],[108.0900251,34.2558068],[108.0899909,34.2589705],[108.0891112,34.2589173],[108.0891112,34.257534],[108.0883387,34.2575163]]]},"properties":{"osm_id":"375646656","code":7202,"fclass":"park","name":""}},
{"type":"Feature","geometry":{"type":"Polygon","coordinates":[[[107.7204576,34.2637334],[107.7202282,34.2633443],[107.7204386,34.2632472],[107.720685,34.2636418],[107.7204576,34.2637334]]]},"properties":{"osm_id":"981162364","code":7202,"fclass":"park","name":""}},
{"type":"Feature","geometry":{"type":"Polygon","coordinates":[[[107.7519669,34.2648264],[107.7518254,34.2644661],[107.7519273,34.2643303],[107.7544472,34.2635956],[107.7546381,34.2635434],[107.7547077,34.2635535],[107.7548436,34.263633],[107.7548961,34.2638901],[107.7549172,34.2639934],[107.7519669,34.2648264]]]},"properties":{"osm_id":"924245834","code":7202,"fclass":"park","name":"南城公园"}},
{"type":"Feature","geometry":{"type":"Polygon","coordinates":[[[108.9721046,34.2249348],[108.9721046,34.224873],[108.9730526,34.224205],[108.9732001,34.2243278],[108.9730398,34.2253977],[108.9721046,34.2249348]]]},"properties":{"osm_id":"879228521","code":7202,"fclass":"park","name":""}},
{"type":"Feature","geometry":{"type":"Polygon","coordinates":[[[108.9882054,34.2254656],[108.9878427,34.2253328],[108.9878611,34.2244488],[108.9884762,34.2244408],[108.9888804,34.2244355],[108.9889071,34.2261918],[108.9887684,34.2261716],[108.988649,34.2260945],[108.988524,34.2259379],[108.988512,34.22567],[108.9882054,34.2254656]]]},"properties":{"osm_id":"1037715244","code":7202,"fclass":"park","name":""}},
{"type":"Feature","geometry":{"type":"Polygon","coordinates":[[[108.9966142,34.2253609],[108.9963502,34.2252387],[108.9964795,34.2250497],[108.997253,34.22541],[108.9975019,34.2250402],[108.9976999,34.2247429],[108.9977321,34.2247],[108.9984595,34.2250329],[108.9981999,34.2253976],[108.997451,34.2265053],[108.9967289,34.2261726],[108.9969768,34.2258118],[108.9970101,34.2257634],[108.9965069,34.2255295],[108.9966142,34.2253609]]]},"properties":{"osm_id":"370291903","code":7202,"fclass":"park","name":"曲江景园"}},
{"type":"Feature","geometry":{"type":"Polygon","coordinates":[[[108.9963078,34.2282776],[108.9948072,34.2275929],[108.9953877,34.2267384],[108.995508,34.2268028],[108.9953492,34.2270326],[108.9951104,34.2273781],[108.9950962,34.2273987],[108.9964919,34.2280377],[108.9963078,34.2282776]]]},"properties":{"osm_id":"370291910","code":7202,"fclass":"park","name":""}},
{"type":"Feature","geometry":{"type":"Polygon","coordinates":[[[108.9873077,34.2278367],[108.9871376,34.2277661],[108.9873479,34.2274197],[108.9877697,34.2275948],[108.9875593,34.2279412],[108.9873077,34.2278367]]]},"properties":{"osm_id":"1340245643","code":7202,"fclass":"park","name":""}},
{"type":"Feature","geometry":{"type":"Polygon","coordinates":[[[109.0911139,34.2337884],[109.0905285,34.2327868],[109.0949843,34.2310322],[109.095716,34.2324305],[109.093667,34.2334187],[109.0928377,34.2334725],[109.0922888,34.2336498],[109.091805,34.2338876],[109.0911139,34.2337884]]]},"properties":{"osm_id":"1108473769","code":7202,"fclass":"park","name":""}},
{"type":"Feature","geometry":{"type":"Polygon","coordinates":[[[108.9825168,34.2359542],[108.9818465,34.2356814],[108.9821281,34.235256],[108.9820078,34.2351926],[108.9818647,34.2351329],[108.9821294,34.2347536],[108.9821095,34.2345415],[108.982093,34.2343661],[108.9826079,34.2343632],[108.9826389,34.2333057],[108.983874,34.2332602],[108.9840164,34.2333757],[108.9844741,34.2333957],[108.9848092,34.2333729],[108.9851998,34.2333796],[108.9852017,34.2334768],[108.9871106,34.2337896],[108.9871485,34.2337162],[108.9875061,34.2337854],[108.9867666,34.2340962],[108.9866095,34.2343254],[108.9867502,34.2344735],[108.9872596,34.2343534],[108.9875096,34.2344572],[108.9871826,34.235059],[108.9867818,34.2348929],[108.9859171,34.2362945],[108.9853453,34.2371825],[108.9837086,34.2365195],[108.9825168,34.2359542]]]},"properties":{"osm_id":"245402102","code":7202,"fclass":"park","name":"青龙寺遗址公园"}},
{"type":"Feature","geometry":{"type":"Polygon","coordinates":[[[108.9608639,34.2421811],[108.9608578,34.2419627],[108.9612847,34.2419644],[108.9612867,34.2421828],[108.9608639,34.2421811]]]},"properties":{"osm_id":"977900012","code":7202,"fclass":"park","name":""}},
{"type":"Feature","geometry":{"type":"Polygon","coordinates":[[[108.9822025,34.2435481],[108.9818681,34.2435457],[108.9818695,34.2434175],[108.9822038,34.2434198],[108.9822025,34.2435481]]]},"properties":{"osm_id":"264753765","code":7202,"fclass":"park","name":""}},
{"type":"Feature","geometry":{"type":"Polygon","coordinates":[[[108.9787952,34.2452286],[108.9785299,34.2450454],[108.9785307,34.2450039],[108.9785357,34.2447471],[108.9788185,34.2447453],[108.9795948,34.244736],[108.979717,34.2447391],[108.9798043,34.2447391],[108.9797985,34.2452835],[108.9797963,34.2454865],[108.9793393,34.2453227],[108.97911,34.2452406],[108.9790983,34.2452045],[108.9790488,34.2451635],[108.9789967,34.2451539],[108.9789701,34.245149],[108.9788855,34.2451563],[108.9787952,34.2452286]]]},"properties":{"osm_id":"264545140","code":7202,"fclass":"park","name":""}},
{"type":"Feature","geometry":{"type":"Polygon","coordinates":[[[108.7352348,34.226434],[108.735034,34.2252216],[108.7356504,34.2252254],[108.7353329,34.2239473],[108.7359026,34.2239473],[108.736052,34.2241288],[108.73601,34.2266734],[108.7359867,34.2274225],[108.7360287,34.227577],[108.7360287,34.2276503],[108.7355243,34.2277044],[108.7354916,34.2275847],[108.7353329,34.2275885],[108.7353002,34.2270364],[108.7352348,34.226434]]]},"properties":{"osm_id":"878896658","code":7202,"fclass":"park","name":""}},
{"type":"Feature","geometry":{"type":"Polygon","coordinates":[[[108.7319611,34.2280944],[108.7316622,34.2281291],[108.7318048,34.22734],[108.7319378,34.2268626],[108.7321339,34.2260325],[108.7322273,34.2254803],[108.7324048,34.2239435],[108.7329745,34.2239667],[108.7345016,34.2242369],[108.7345716,34.2245767],[108.734665,34.224569],[108.7348378,34.2254571],[108.7349966,34.2263877],[108.7350994,34.2274379],[108.7347071,34.2275152],[108.7344129,34.2277198],[108.7340439,34.2280364],[108.7339599,34.2280712],[108.732288,34.228075],[108.7319611,34.2280944]]]},"properties":{"osm_id":"878896657","code":7202,"fclass":"park","name":""}},
{"type":"Feature","geometry":{"type":"Polygon","coordinates":[[[108.7811386,34.2271906],[108.7810168,34.2268717],[108.7824479,34.2255457],[108.7830874,34.2253191],[108.7835238,34.2253862],[108.7855843,34.2267709],[108.7855437,34.2272997],[108.7813822,34.2274423],[108.7811386,34.2271906]]]},"properties":{"osm_id":"1090952282","code":7202,"fclass":"park","name":"汉溪湖公园"}},
{"type":"Feature","geometry":{"type":"Polygon","coordinates":[[[108.8998513,34.2275078],[108.8995665,34.2270832],[108.9000751,34.2268613],[108.9007152,34.2278669],[108.9006633,34.2279737],[108.9002818,34.2281495],[108.8998513,34.2275078]]]},"properties":{"osm_id":"283549282","code":7202,"fclass":"park","name":"博文路广场"}},
{"type":"Feature","geometry":{"type":"Polygon","coordinates":[[[108.7710406,34.2375488],[108.7709503,34.2372254],[108.7710932,34.2368149],[108.7727334,34.2345197],[108.7763431,34.2303477],[108.7781654,34.2285669],[108.7817542,34.2253135],[108.7827999,34.2245794],[108.7829955,34.2246976],[108.7800463,34.2271113],[108.7781955,34.2287659],[108.7759836,34.2311297],[108.7734857,34.2339412],[108.7727183,34.2349364],[108.7712964,34.236846],[108.7711384,34.2372192],[108.7713039,34.2375115],[108.7710406,34.2375488]]]},"properties":{"osm_id":"1090952286","code":7202,"fclass":"park","name":""}},
{"type":"Feature","geometry":{"type":"Polygon","coordinates":[[[108.8905157,34.2334032],[108.8905058,34.2300906],[108.8905758,34.2299897],[108.8914501,34.2296058],[108.891615,34.2296612],[108.8932298,34.2321266],[108.8924024,34.2325078],[108.8905157,34.2334032]]]},"properties":{"osm_id":"28465736","code":7202,"fclass":"park","name":"新纪元公园"}},
{"type":"Feature","geometry":{"type":"Polygon","coordinates":[[[108.732942,34.2339956],[108.7321459,34.231149],[108.7360347,34.2310635],[108.7360409,34.2339789],[108.732942,34.2339956]]]},"properties":{"osm_id":"1090942342","code":7202,"fclass":"park","name":""}},
{"type":"Feature","geometry":{"type":"Polygon","coordinates":[[[108.7232119,34.2529295],[108.7230617,34.2528542],[108.7231368,34.2524507],[108.7236249,34.2510628],[108.7242689,34.2488288],[108.7248369,34.2489486],[108.7247802,34.2491914],[108.7255833,34.2493367],[108.7258227,34.2485598],[108.7255118,34.248523],[108.7250999,34.2484121],[108.7249236,34.2483371],[108.7249719,34.2481039],[108.7247866,34.2479695],[108.7246048,34.2478857],[108.7243988,34.247886],[108.7244625,34.2469683],[108.724586,34.2465164],[108.7251699,34.2446996],[108.7252876,34.2441096],[108.7254226,34.2430552],[108.7254362,34.2425037],[108.7254177,34.2417333],[108.7255454,34.2416451],[108.7263366,34.2416455],[108.7263361,34.2411803],[108.7254694,34.2411853],[108.7252651,34.2410419],[108.725033,34.2398259],[108.7249178,34.2391439],[108.7248233,34.2384619],[108.724769,34.2377959],[108.7247418,34.2372598],[108.7252593,34.2372578],[108.7252468,34.2370641],[108.7254274,34.2366196],[108.7254864,34.236256],[108.725701,34.2355287],[108.7259102,34.2351073],[108.7261516,34.2347304],[108.7264735,34.2343578],[108.7268758,34.234003],[108.7270743,34.2337236],[108.7272137,34.2333733],[108.7272513,34.2330628],[108.7272513,34.2327257],[108.7272298,34.2323],[108.7271601,34.2318609],[108.7270313,34.2313863],[108.7267953,34.2307654],[108.7266022,34.2303219],[108.726511,34.2299715],[108.7264842,34.2296167],[108.7264949,34.2291776],[108.7265593,34.2288405],[108.7266773,34.2285212],[108.7268114,34.2282329],[108.7270421,34.2278337],[108.7273264,34.22747],[108.7275034,34.2272349],[108.7277697,34.226873],[108.7284522,34.2272665],[108.7285548,34.2272832],[108.7287405,34.2271195],[108.7296443,34.2275303],[108.7299759,34.2272021],[108.7304336,34.2269318],[108.7308912,34.2264993],[108.7310267,34.2262252],[108.7311014,34.2260476],[108.7314096,34.2240667],[108.7314049,34.2229894],[108.7309333,34.222302],[108.730639,34.2219391],[108.7306484,34.2214062],[108.7309659,34.2209544],[108.7315404,34.2205875],[108.7323623,34.2198886],[108.7325117,34.2198152],[108.7327826,34.2198384],[108.7355052,34.2209312],[108.7351549,34.2209235],[108.7334924,34.2207304],[108.7338146,34.2205026],[108.7335905,34.2204138],[108.7329974,34.2209467],[108.7326658,34.221468],[108.7323483,34.2221862],[108.7322035,34.2228233],[108.7322595,34.2240783],[108.7321708,34.2249085],[108.732026,34.2258661],[108.7316664,34.2271982],[108.7315123,34.2281249],[108.7314843,34.2286577],[108.7315123,34.2295381],[108.7316569,34.230699],[108.7322667,34.2325536],[108.7325818,34.2338161],[108.7327235,34.2349081],[108.7327949,34.2359764],[108.7327799,34.2377363],[108.7326019,34.2390357],[108.7328586,34.2394311],[108.7328847,34.2396033],[108.7328663,34.2398009],[108.7327892,34.2399475],[108.7326622,34.2401136],[108.7325796,34.2402716],[108.7325866,34.2404673],[108.7326136,34.2405912],[108.7327012,34.2407384],[108.7326965,34.2411251],[108.7322556,34.2411253],[108.732257,34.2416921],[108.7326983,34.2416901],[108.7326565,34.241858],[108.732451,34.2421398],[108.7321988,34.2423367],[108.7318999,34.242522],[108.7315637,34.2429775],[108.7314096,34.2434253],[108.7312041,34.2444059],[108.7312135,34.2447688],[108.7311994,34.2459809],[108.731036,34.2470927],[108.7308725,34.2476216],[108.7303775,34.2485944],[108.7301067,34.2493355],[108.7301207,34.2497293],[108.730102,34.2499879],[108.7297471,34.250675],[108.7296817,34.2509993],[108.7297144,34.251254],[108.7297564,34.251559],[108.7297237,34.2518253],[108.7296677,34.2520106],[108.7294575,34.252412],[108.7293548,34.2527942],[108.7293128,34.2530991],[108.7289859,34.2531686],[108.7289765,34.2530104],[108.7279164,34.2527826],[108.7274605,34.252934],[108.727321,34.2532532],[108.7264842,34.2533197],[108.7247998,34.2535237],[108.7243116,34.2533375],[108.7234747,34.2530315],[108.7233621,34.2529162],[108.7232119,34.2529295]]]},"properties":{"osm_id":"878896647","code":7202,"fclass":"park","name":"沣河湿地公园"}},
{"type":"Feature","geometry":{"type":"Polygon","coordinates":[[[108.8973873,34.2381906],[108.8970689,34.2377082],[108.8994191,34.236645],[108.8997337,34.2371301],[108.8973873,34.2381906]]]},"properties":{"osm_id":"28718650","code":7202,"fclass":"park","name":"中心花园"}},
{"type":"Feature","geometry":{"type":"Polygon","coordinates":[[[108.9348098,34.2381545],[108.9347268,34.2380948],[108.934734,34.2368746],[108.9349542,34.2367493],[108.9357811,34.2367535],[108.9368621,34.2367543],[108.9379102,34.2367253],[108.9379314,34.2381479],[108.9348098,34.2381545]]]},"properties":{"osm_id":"1227570099","code":7202,"fclass":"park","name":""}},
{"type":"Feature","geometry":{"type":"Polygon","coordinates":[[[108.8773931,34.2380076],[108.8773598,34.2378762],[108.8773653,34.2378104],[108.8786196,34.237807],[108.8786209,34.2382052],[108.8785067,34.2383129],[108.8785134,34.2385876],[108.8786285,34.2385893],[108.8786301,34.2387297],[108.8784286,34.2387332],[108.8779202,34.2386477],[108.8774933,34.2386317],[108.8773921,34.2385355],[108.8773931,34.2380076]]]},"properties":{"osm_id":"28696865","code":7202,"fclass":"park","name":""}},
{"type":"Feature","geometry":{"type":"Polygon","coordinates":[[[108.8759683,34.2387051],[108.8759473,34.2379193],[108.8769061,34.2379136],[108.8768761,34.2382929],[108.8768713,34.2386155],[108.8764252,34.2386267],[108.8759683,34.2387051]]]},"properties":{"osm_id":"403849317","code":7202,"fclass":"park","name":""}},
{"type":"Feature","geometry":{"type":"Polygon","coordinates":[[[108.8369065,34.2390376],[108.8365404,34.2389546],[108.836605,34.2383605],[108.8373903,34.2384195],[108.8374098,34.2390721],[108.8372878,34.2390526],[108.8371148,34.2390518],[108.8369065,34.2390376]]]},"properties":{"osm_id":"879228519","code":7202,"fclass":"park","name":""}},
{"type":"Feature","geometry":{"type":"Polygon","coordinates":[[[108.9040841,34.2409019],[108.9031249,34.2393747],[108.9036946,34.2393896],[108.9045073,34.240644],[108.9044849,34.2407173],[108.9040841,34.2409019]]]},"properties":{"osm_id":"362794782","code":7202,"fclass":"park","name":""}},
{"type":"Feature","geometry":{"type":"Polygon","coordinates":[[[108.9368762,34.2408169],[108.9347033,34.2408302],[108.9346836,34.2383386],[108.9371669,34.2383814],[108.9383382,34.2383664],[108.9388351,34.2383641],[108.9388364,34.2392621],[108.9389159,34.2393294],[108.9389159,34.2409653],[108.9389523,34.2418679],[108.9389441,34.2423154],[108.9379858,34.242312],[108.937973,34.2424069],[108.9368964,34.2424111],[108.9368932,34.2421451],[108.9368762,34.2408169]]]},"properties":{"osm_id":"16767834","code":7202,"fclass":"park","name":"小雁塔西安博物院"}},
{"type":"Feature","geometry":{"type":"Polygon","coordinates":[[[108.9371669,34.2383814],[108.9383382,34.2383664],[108.9388351,34.2383641],[108.9388364,34.2392621],[108.9389159,34.2393294],[108.9389159,34.2409653],[108.9389523,34.2418679],[108.9389441,34.2423154],[108.9379858,34.242312],[108.937973,34.2424069],[108.9368964,34.2424111],[108.9368932,34.2421451],[108.9368762,34.2408169],[108.9368895,34.2393739],[108.9371558,34.2393754],[108.9371669,34.2383814]]]},"properties":{"osm_id":"254488431","code":7202,"fclass":"park","name":"荐福寺"}},
{"type":"Feature","geometry":{"type":"Polygon","coordinates":[[[108.8341526,34.2429477],[108.8329096,34.2429536],[108.8329664,34.2427472],[108.8334454,34.2410053],[108.8333481,34.2396679],[108.8337318,34.2397132],[108.8341526,34.2429477]]]},"properties":{"osm_id":"997643603","code":7202,"fclass":"park","name":"雁塔区亲水公园"}},
{"type":"Feature","geometry":{"type":"Polygon","coordinates":[[[108.8994642,34.2429156],[108.8991796,34.2424987],[108.9009332,34.2417248],[108.9013342,34.2421043],[108.8994642,34.2429156]]]},"properties":{"osm_id":"878897556","code":7202,"fclass":"park","name":""}},
{"type":"Feature","geometry":{"type":"Polygon","coordinates":[[[108.7130733,34.2453107],[108.7122084,34.2444312],[108.7154115,34.2425883],[108.7160067,34.2419111],[108.7164575,34.2414806],[108.7168401,34.2408172],[108.7169684,34.240484],[108.7171592,34.2393736],[108.7171949,34.2384503],[108.7169591,34.2376752],[108.7174659,34.2376849],[108.7185127,34.2376554],[108.7186741,34.2395222],[108.7188877,34.239623],[108.718841,34.2398747],[108.7187999,34.2400529],[108.7188527,34.2400708],[108.7186264,34.2408239],[108.7184366,34.2411434],[108.7175393,34.2421911],[108.7201376,34.2421937],[108.7205642,34.2421482],[108.7213338,34.2420834],[108.7214726,34.2421485],[108.7214777,34.2428045],[108.721387,34.2432596],[108.7211082,34.2439308],[108.7209473,34.2439459],[108.7195292,34.2428246],[108.719266,34.2427289],[108.7189925,34.2426875],[108.717696,34.2426742],[108.7173808,34.2427878],[108.7161105,34.2439901],[108.7194024,34.2466548],[108.719584,34.2467714],[108.7198513,34.246998],[108.7200302,34.2471324],[108.7202236,34.247232],[108.7205238,34.247351],[108.7205483,34.24741],[108.7205022,34.2474825],[108.7203504,34.2476803],[108.7202539,34.247911],[108.7201983,34.2481912],[108.7201953,34.2483947],[108.720106,34.2484473],[108.717659,34.2484348],[108.7175689,34.2483473],[108.7176733,34.2478703],[108.7178116,34.2475547],[108.7180241,34.2472371],[108.7182554,34.2469606],[108.7185311,34.2466988],[108.7179624,34.2462554],[108.7178012,34.2461661],[108.7176032,34.2460938],[108.714622,34.2456888],[108.7142438,34.2456059],[108.7138005,34.2455562],[108.7135396,34.2454016],[108.7132905,34.2455578],[108.7131316,34.2454196],[108.7130733,34.2453107]]]},"properties":{"osm_id":"878896644","code":7202,"fclass":"park","name":"城市健康公园"}},
{"type":"Feature","geometry":{"type":"Polygon","coordinates":[[[108.7225679,34.2439691],[108.7218409,34.2430436],[108.7218552,34.2425754],[108.7233889,34.2421315],[108.7232864,34.2417707],[108.723978,34.2416884],[108.7248433,34.2416802],[108.7249715,34.2417902],[108.7250291,34.2423711],[108.7250342,34.243053],[108.7249777,34.2436224],[108.7248221,34.2443089],[108.7245732,34.2442875],[108.7245142,34.2444002],[108.7243876,34.2445119],[108.7242503,34.24459],[108.7241247,34.2446264],[108.7239756,34.2446512],[108.7238573,34.2449681],[108.7225679,34.2439691]]]},"properties":{"osm_id":"878896646","code":7202,"fclass":"park","name":""}},
{"type":"Feature","geometry":{"type":"Polygon","coordinates":[[[108.9787289,34.2453781],[108.9783078,34.2453804],[108.9783132,34.2450766],[108.9784151,34.2450788],[108.9787316,34.2452717],[108.9787289,34.2453781]]]},"properties":{"osm_id":"264545142","code":7202,"fclass":"park","name":""}},
{"type":"Feature","geometry":{"type":"Polygon","coordinates":[[[108.9790838,34.2453804],[108.9788389,34.2453804],[108.9788418,34.2452864],[108.9790882,34.2452853],[108.9790838,34.2453804]]]},"properties":{"osm_id":"264545141","code":7202,"fclass":"park","name":""}},
{"type":"Feature","geometry":{"type":"Polygon","coordinates":[[[108.9793692,34.2455665],[108.9793692,34.2454645],[108.9795569,34.2455621],[108.9793692,34.2455665]]]},"properties":{"osm_id":"264545144","code":7202,"fclass":"park","name":""}},
{"type":"Feature","geometry":{"type":"Polygon","coordinates":[[[108.981449,34.245691],[108.9806567,34.2456921],[108.9806614,34.2453585],[108.9814555,34.2453556],[108.981449,34.245691]]]},"properties":{"osm_id":"264287688","code":7202,"fclass":"park","name":""}},
{"type":"Feature","geometry":{"type":"Polygon","coordinates":[[[108.9783854,34.2457307],[108.9782971,34.2457329],[108.9782998,34.2454402],[108.9787343,34.2454447],[108.9787343,34.2454681],[108.978645,34.245469],[108.9786396,34.2455798],[108.9783875,34.2455798],[108.9783854,34.2457307]]]},"properties":{"osm_id":"264545143","code":7202,"fclass":"park","name":""}},
{"type":"Feature","geometry":{"type":"Polygon","coordinates":[[[108.9821945,34.2466293],[108.981828,34.2466332],[108.9818323,34.2462503],[108.9821936,34.2462441],[108.9821945,34.2466293]]]},"properties":{"osm_id":"264287690","code":7202,"fclass":"park","name":""}},
{"type":"Feature","geometry":{"type":"Polygon","coordinates":[[[108.9805047,34.2467344],[108.9803436,34.2465221],[108.9805537,34.2464062],[108.9805607,34.2467324],[108.9805047,34.2467344]]]},"properties":{"osm_id":"264545365","code":7202,"fclass":"park","name":""}},
{"type":"Feature","geometry":{"type":"Polygon","coordinates":[[[109.0095223,34.2522664],[109.009493,34.2411778],[109.0096036,34.2410032],[109.0108016,34.2409949],[109.0110576,34.2523657],[109.0097401,34.2523817],[109.0095223,34.2522664]]]},"properties":{"osm_id":"821606614","code":7202,"fclass":"park","name":"幸福林带EF区"}},
{"type":"Feature","geometry":{"type":"Polygon","coordinates":[[[108.9804697,34.2469558],[108.979817,34.2469583],[108.9798201,34.2468018],[108.9802829,34.2465626],[108.9804697,34.246771],[108.9804697,34.2469558]]]},"properties":{"osm_id":"264545364","code":7202,"fclass":"park","name":""}},
{"type":"Feature","geometry":{"type":"Polygon","coordinates":[[[108.989662,34.2492073],[108.9896538,34.2489989],[108.9898978,34.2490056],[108.9902596,34.2490157],[108.990345,34.24913],[108.990536,34.2491199],[108.9905198,34.2494627],[108.9899669,34.2494593],[108.9899628,34.2492207],[108.989662,34.2492073]]]},"properties":{"osm_id":"386424597","code":7202,"fclass":"park","name":""}},
{"type":"Feature","geometry":{"type":"Polygon","coordinates":[[[108.8835448,34.246431],[108.8835293,34.2415318],[108.8848736,34.2415278],[108.8848681,34.2456179],[108.8848252,34.2460007],[108.8848208,34.2464446],[108.8846661,34.2465786],[108.883699,34.2465761],[108.8835448,34.246431]]]},"properties":{"osm_id":"28483307","code":7202,"fclass":"park","name":"唐城墙遗址公园"}},
{"type":"Feature","geometry":{"type":"Polygon","coordinates":[[[108.9438022,34.248437],[108.9438018,34.2477523],[108.9443767,34.2477521],[108.9443769,34.247985],[108.9451581,34.2479846],[108.9451584,34.2484365],[108.9438022,34.248437]]]},"properties":{"osm_id":"391322284","code":7202,"fclass":"park","name":""}},
{"type":"Feature","geometry":{"type":"Polygon","coordinates":[[[108.9106977,34.2482173],[108.9101235,34.2482161],[108.9101243,34.2479768],[108.9106984,34.247978],[108.9106977,34.2482173]]]},"properties":{"osm_id":"359583120","code":7202,"fclass":"park","name":"香蜜园"}},
{"type":"Feature","geometry":{"type":"Polygon","coordinates":[[[108.8904444,34.2500069],[108.8903037,34.2491564],[108.8903244,34.2488975],[108.8917495,34.2483284],[108.8920112,34.2484877],[108.8924074,34.2486069],[108.892955,34.2483663],[108.8939635,34.2479228],[108.8942103,34.2475681],[108.8946716,34.246628],[108.895151,34.2464112],[108.8953829,34.2467157],[108.8958704,34.2465114],[108.8959672,34.2466208],[108.8959933,34.2468905],[108.8961591,34.2468711],[108.8962037,34.2471167],[108.8960699,34.2471106],[108.8960612,34.2473205],[108.8960294,34.2473214],[108.8960548,34.2478972],[108.8962253,34.2480573],[108.8962333,34.2483024],[108.8960649,34.2483056],[108.8960695,34.2492808],[108.8962123,34.249282],[108.8961924,34.2515322],[108.8955422,34.2515627],[108.8953819,34.2516849],[108.8953261,34.2521176],[108.8947682,34.2521176],[108.8936524,34.2523925],[108.893352,34.2519047],[108.8926546,34.2519491],[108.891807,34.2510179],[108.8904444,34.2500069]]]},"properties":{"osm_id":"152429476","code":7202,"fclass":"park","name":"丰庆公园"}},
{"type":"Feature","geometry":{"type":"Polygon","coordinates":[[[108.8774125,34.2500291],[108.8774125,34.249668],[108.8784112,34.2496561],[108.878608,34.2500728],[108.8787232,34.2502752],[108.8789009,34.2503982],[108.8791121,34.2504498],[108.8794098,34.2504458],[108.8796403,34.2503903],[108.8798275,34.2502672],[108.87989,34.2501799],[108.8801156,34.250172],[108.8801156,34.2507752],[108.8796499,34.2507871],[108.8792418,34.2507276],[108.8788097,34.2506363],[108.8785696,34.2505133],[108.8780847,34.2502871],[108.8776862,34.2501204],[108.8774125,34.2500291]]]},"properties":{"osm_id":"246087263","code":7202,"fclass":"park","name":""}},
{"type":"Feature","geometry":{"type":"Polygon","coordinates":[[[108.8836098,34.2507652],[108.8836026,34.2499265],[108.8836141,34.2481883],[108.8836028,34.2476907],[108.8836064,34.2470817],[108.8837963,34.2469375],[108.8845909,34.2469345],[108.8846385,34.2484036],[108.8844029,34.2487332],[108.8842566,34.2493509],[108.884375,34.2497619],[108.8844034,34.2505466],[108.8843637,34.2508465],[108.8843725,34.2513999],[108.8844041,34.2516069],[108.8843666,34.2521781],[108.8843147,34.2526099],[108.8843908,34.2529571],[108.8843734,34.2531142],[108.8843022,34.2532858],[108.8842165,34.2534276],[108.8841166,34.2537052],[108.8838027,34.2537109],[108.8836722,34.2536166],[108.8836855,34.2530379],[108.8836098,34.2507652]]]},"properties":{"osm_id":"258738967","code":7202,"fclass":"park","name":"西安牡丹苑"}},
{"type":"Feature","geometry":{"type":"Polygon","coordinates":[[[108.8774549,34.2508949],[108.8774468,34.2504781],[108.878348,34.2508661],[108.8789596,34.2510679],[108.879665,34.2511233],[108.8801398,34.2511211],[108.8801371,34.2513982],[108.8795524,34.2514625],[108.8788174,34.2513516],[108.87823,34.2512009],[108.8776587,34.2509858],[108.8774549,34.2508949]]]},"properties":{"osm_id":"246088249","code":7202,"fclass":"park","name":""}},
{"type":"Feature","geometry":{"type":"Polygon","coordinates":[[[108.9416083,34.2517445],[108.9416053,34.2516472],[108.9416157,34.2508106],[108.9416394,34.2507074],[108.9416622,34.2506364],[108.941701,34.2505746],[108.9417588,34.2505208],[108.9418519,34.2504578],[108.9419438,34.2504092],[108.9420564,34.2503882],[108.9421593,34.2503785],[108.9423939,34.2503832],[108.9424969,34.2503933],[108.9426375,34.2504293],[108.9426755,34.2504526],[108.9427511,34.2505193],[108.9428264,34.2505828],[108.9428765,34.2506481],[108.9428992,34.2507239],[108.9429431,34.2515902],[108.9429531,34.2517368],[108.9429775,34.2519295],[108.9429362,34.251939],[108.9428437,34.2519212],[108.9425714,34.251878],[108.9425205,34.2518869],[108.9424657,34.2519378],[108.9424283,34.2519884],[108.9423111,34.2519903],[108.9422337,34.2519916],[108.9422036,34.2519472],[108.9422036,34.2519024],[108.941988,34.2519035],[108.9417708,34.2519567],[108.9416184,34.2519715],[108.9416083,34.2517445]]]},"properties":{"osm_id":"548956664","code":7202,"fclass":"park","name":""}},
{"type":"Feature","geometry":{"type":"Polygon","coordinates":[[[108.9431976,34.2519778],[108.9431976,34.2517805],[108.9433559,34.2516763],[108.943785,34.2516741],[108.9440986,34.2516956],[108.9442166,34.25172],[108.9444499,34.2517998],[108.9446136,34.2518863],[108.9447587,34.2519911],[108.9450135,34.252195],[108.9451688,34.2523053],[108.9453273,34.2523967],[108.9454853,34.2524738],[108.9455217,34.252489],[108.9456703,34.2525514],[108.9458503,34.2526051],[108.9460864,34.2526539],[108.9463221,34.2526689],[108.9491414,34.2526938],[108.9491411,34.2528728],[108.9489856,34.2528773],[108.9489856,34.2528507],[108.9489426,34.2528507],[108.9489456,34.252818],[108.9483877,34.2527914],[108.9481087,34.2527847],[108.9453541,34.2527492],[108.9441257,34.2527537],[108.9440693,34.2527515],[108.9440074,34.2527287],[108.9439701,34.2526982],[108.9435007,34.2520998],[108.94342,34.2520481],[108.9433022,34.2520133],[108.9432271,34.2520066],[108.9431976,34.2519778]]]},"properties":{"osm_id":"548954300","code":7202,"fclass":"park","name":""}},
{"type":"Feature","geometry":{"type":"Polygon","coordinates":[[[108.934832,34.2533566],[108.9346143,34.2533538],[108.9346227,34.2526739],[108.9358458,34.2526694],[108.9386915,34.2526583],[108.9388846,34.2526406],[108.9390268,34.2526029],[108.9392172,34.2525431],[108.9393647,34.2524898],[108.939531,34.2523967],[108.9396759,34.252297],[108.9397829,34.2522077],[108.9398797,34.252124],[108.9399816,34.2520288],[108.9400782,34.2519601],[108.9401506,34.2519091],[108.9402684,34.2518486],[108.9404296,34.2517938],[108.9405717,34.2517539],[108.9406468,34.2517406],[108.9411994,34.2517362],[108.9412501,34.2517399],[108.941312,34.2517672],[108.9413523,34.2517982],[108.9413603,34.2518293],[108.941366,34.252035],[108.9413697,34.2522517],[108.94143,34.2523679],[108.94143,34.2533146],[108.9413887,34.2533614],[108.9408294,34.2533598],[108.9408299,34.2532541],[108.9405545,34.2532533],[108.9405541,34.2533642],[108.9393469,34.2533606],[108.9393473,34.2532738],[108.9391005,34.253273],[108.9391001,34.2533468],[108.9378843,34.2533425],[108.9378848,34.2532422],[108.9376822,34.2532414],[108.9376816,34.2533462],[108.9364902,34.2533411],[108.9364908,34.2532415],[108.9362331,34.2532403],[108.9362325,34.2533326],[108.9350714,34.2533267],[108.9350722,34.2532212],[108.9348331,34.2532199],[108.934832,34.2533566]]]},"properties":{"osm_id":"548954301","code":7202,"fclass":"park","name":""}},
{"type":"Feature","geometry":{"type":"Polygon","coordinates":[[[108.9797204,34.2508495],[108.9797165,34.2503674],[108.9797078,34.2501219],[108.9797028,34.2499802],[108.9797028,34.2495639],[108.9797094,34.2493995],[108.9801075,34.2493999],[108.98057,34.2493928],[108.9806143,34.2493921],[108.9805985,34.2508477],[108.9797545,34.2508494],[108.9797204,34.2508495]]]},"properties":{"osm_id":"263634516","code":7202,"fclass":"park","name":"东花园"}},
{"type":"Feature","geometry":{"type":"Polygon","coordinates":[[[108.9797204,34.2508495],[108.9795084,34.2508499],[108.9791955,34.2508505],[108.9792023,34.2502621],[108.9792055,34.2499753],[108.9792086,34.2496993],[108.9792112,34.2494707],[108.9793443,34.2494643],[108.9793756,34.2494029],[108.9797094,34.2493995],[108.9797028,34.2495639],[108.9797028,34.2499802],[108.9797078,34.2501219],[108.9797165,34.2503674],[108.9797204,34.2508495]]]},"properties":{"osm_id":"263634517","code":7202,"fclass":"park","name":""}},
{"type":"Feature","geometry":{"type":"Polygon","coordinates":[[[108.9782326,34.2494004],[108.9785318,34.2494011],[108.9785636,34.2494652],[108.9787054,34.249471],[108.978707,34.2497145],[108.978707,34.2499776],[108.9787133,34.2502565],[108.9787053,34.2508515],[108.9785037,34.2508519],[108.9784691,34.250852],[108.9782119,34.2508525],[108.9782123,34.2505267],[108.9782227,34.2501472],[108.9782273,34.2499791],[108.9782277,34.2499263],[108.97823,34.2496177],[108.9782326,34.2494004]]]},"properties":{"osm_id":"263634518","code":7202,"fclass":"park","name":""}},
{"type":"Feature","geometry":{"type":"Polygon","coordinates":[[[108.9782119,34.2508525],[108.9780477,34.2508528],[108.9772932,34.250847],[108.9772911,34.2504964],[108.9772951,34.2500667],[108.9773048,34.24941],[108.9773766,34.2494089],[108.9776839,34.2494035],[108.9782326,34.2494004],[108.97823,34.2496177],[108.9782277,34.2499263],[108.9782273,34.2499791],[108.9782227,34.2501472],[108.9782123,34.2505267],[108.9782119,34.2508525]]]},"properties":{"osm_id":"263634515","code":7202,"fclass":"park","name":"西花园"}},
{"type":"Feature","geometry":{"type":"Polygon","coordinates":[[[108.9782272,34.2518713],[108.9782224,34.2514061],[108.9797191,34.2513968],[108.9797126,34.2518069],[108.979712,34.2518435],[108.9797119,34.2518507],[108.9797062,34.2521236],[108.9796739,34.2521236],[108.9789596,34.2521225],[108.9788046,34.252123],[108.9782369,34.2521226],[108.9782272,34.2518713]]]},"properties":{"osm_id":"264547073","code":7202,"fclass":"park","name":""}},
{"type":"Feature","geometry":{"type":"Polygon","coordinates":[[[108.9846723,34.2520674],[108.9846675,34.2518729],[108.9870777,34.2518491],[108.9870825,34.2520674],[108.9846723,34.2520674]]]},"properties":{"osm_id":"267929195","code":7202,"fclass":"park","name":""}},
{"type":"Feature","geometry":{"type":"Polygon","coordinates":[[[108.9543644,34.2527896],[108.9495629,34.2528047],[108.9495985,34.2525981],[108.9583413,34.2526819],[108.958468,34.25286],[108.9584666,34.2530144],[108.9562324,34.2528833],[108.9543644,34.2527896]]]},"properties":{"osm_id":"287208790","code":7202,"fclass":"park","name":""}},
{"type":"Feature","geometry":{"type":"Polygon","coordinates":[[[108.9621479,34.2530992],[108.9587637,34.2530154],[108.9587716,34.2528383],[108.9588481,34.2527657],[108.9588681,34.2527477],[108.9621559,34.2527384],[108.9621479,34.2530992]]]},"properties":{"osm_id":"287208789","code":7202,"fclass":"park","name":""}},
{"type":"Feature","geometry":{"type":"Polygon","coordinates":[[[108.9672478,34.2532883],[108.9623895,34.2531131],[108.9624216,34.2528264],[108.96249,34.2527568],[108.9673229,34.2527688],[108.9674116,34.252803],[108.9674553,34.2528967],[108.9674581,34.253291],[108.9672478,34.2532883]]]},"properties":{"osm_id":"287208786","code":7202,"fclass":"park","name":""}},
{"type":"Feature","geometry":{"type":"Polygon","coordinates":[[[108.9501492,34.2533505],[108.9495305,34.2533534],[108.94955,34.2530797],[108.951986,34.2530528],[108.9541029,34.2530258],[108.9579328,34.2532089],[108.9584343,34.253182],[108.9584272,34.2535056],[108.9578597,34.2534847],[108.9578642,34.2533952],[108.9576907,34.2533894],[108.9576866,34.2534771],[108.9563393,34.2534369],[108.9534919,34.2532999],[108.9534685,34.2532189],[108.9532677,34.2532189],[108.9532584,34.2533076],[108.9519343,34.2533701],[108.9519347,34.2532678],[108.9516562,34.2532675],[108.9516562,34.2533636],[108.9503916,34.2533655],[108.9503903,34.2532743],[108.9501489,34.253275],[108.9501492,34.2533505]]]},"properties":{"osm_id":"287208792","code":7202,"fclass":"park","name":"环城公园"}},
{"type":"Feature","geometry":{"type":"Polygon","coordinates":[[[108.9433019,34.253372],[108.9432888,34.2522576],[108.9436611,34.2528115],[108.9437773,34.2529844],[108.9439532,34.2530705],[108.9442137,34.2530328],[108.944227,34.2529367],[108.9462001,34.2529501],[108.9471637,34.2529567],[108.9491445,34.2530118],[108.9491575,34.2533552],[108.9488592,34.2533566],[108.9488584,34.2532601],[108.9486279,34.2532614],[108.9486286,34.2533589],[108.9472972,34.2533661],[108.9472965,34.253275],[108.9470308,34.2532764],[108.9470314,34.2533579],[108.9441759,34.2533671],[108.9441758,34.2532684],[108.9441063,34.2532693],[108.9439878,34.2532693],[108.943914,34.2532687],[108.9439142,34.2533617],[108.9433019,34.253372]]]},"properties":{"osm_id":"287208886","code":7202,"fclass":"park","name":""}},
{"type":"Feature","geometry":{"type":"Polygon","coordinates":[[[108.928431,34.2533178],[108.9284131,34.2526245],[108.9285802,34.2526206],[108.9342337,34.2526391],[108.9342471,34.2531054],[108.9342893,34.2533539],[108.9335565,34.2533502],[108.9335572,34.2532569],[108.9333974,34.2532561],[108.9333969,34.2533485],[108.9321358,34.2533437],[108.9321362,34.2532567],[108.9319762,34.2532563],[108.9319759,34.2533425],[108.9313928,34.2533416],[108.9307107,34.2533406],[108.9307108,34.2532353],[108.9304805,34.2532352],[108.9304805,34.2533247],[108.9293451,34.2533253],[108.929345,34.2532201],[108.9291161,34.2532204],[108.9291164,34.2533197],[108.928431,34.2533178]]]},"properties":{"osm_id":"287278026","code":7202,"fclass":"park","name":"环城公园"}},
{"type":"Feature","geometry":{"type":"Polygon","coordinates":[[[108.6480921,34.2539249],[108.6480206,34.2538017],[108.6483842,34.2530135],[108.6487299,34.2523878],[108.6489564,34.2517128],[108.6496103,34.2517187],[108.6496199,34.252556],[108.6502705,34.2528838],[108.6492306,34.254324],[108.6491114,34.2543486],[108.6480921,34.2539249]]]},"properties":{"osm_id":"1048983186","code":7202,"fclass":"park","name":""}},
{"type":"Feature","geometry":{"type":"Polygon","coordinates":[[[108.9213042,34.2547128],[108.9213022,34.2541459],[108.9213143,34.2540789],[108.9213371,34.2540456],[108.9216561,34.2538108],[108.9229813,34.2538087],[108.9229765,34.254712],[108.9213042,34.2547128]]]},"properties":{"osm_id":"245153374","code":7202,"fclass":"park","name":"无极公园"}},
{"type":"Feature","geometry":{"type":"Polygon","coordinates":[[[108.6579715,34.2557089],[108.6577429,34.2555279],[108.6585752,34.2548883],[108.6589028,34.2544991],[108.6591061,34.2540823],[108.6589599,34.2537717],[108.658878,34.2537035],[108.6591088,34.2533644],[108.6588028,34.2529907],[108.6589261,34.2528661],[108.6594605,34.2532927],[108.6598488,34.2537608],[108.6600803,34.254012],[108.6579715,34.2557089]]]},"properties":{"osm_id":"1022285951","code":7202,"fclass":"park","name":""}},
{"type":"Feature","geometry":{"type":"Polygon","coordinates":[[[108.6403425,34.2563327],[108.6402466,34.2562535],[108.6410271,34.2525807],[108.6410956,34.2525184],[108.6421842,34.2525184],[108.6431496,34.2526712],[108.6421432,34.2549632],[108.6413969,34.256644],[108.6403425,34.2563327]]]},"properties":{"osm_id":"1048983184","code":7202,"fclass":"park","name":""}},
{"type":"Feature","geometry":{"type":"Polygon","coordinates":[[[108.7715097,34.2543317],[108.7714483,34.2533242],[108.7714988,34.2532497],[108.7716323,34.2531781],[108.7717839,34.2531423],[108.7752592,34.2531707],[108.7753536,34.2532984],[108.7753576,34.2538156],[108.7754262,34.2542839],[108.7755308,34.2547612],[108.7756932,34.2554084],[108.7760008,34.256078],[108.7758988,34.2562594],[108.7751205,34.2562657],[108.7746841,34.2562931],[108.7740589,34.2563079],[108.7732475,34.2563037],[108.7730153,34.2562868],[108.7727831,34.2562615],[108.7725381,34.2562425],[108.7717624,34.2562573],[108.7715582,34.2560843],[108.7715097,34.2543317]]]},"properties":{"osm_id":"1230880864","code":7202,"fclass":"park","name":""}},
{"type":"Feature","geometry":{"type":"Polygon","coordinates":[[[108.7658297,34.2560787],[108.7658082,34.2560326],[108.7658332,34.2537466],[108.7658536,34.2536496],[108.7659251,34.2535779],[108.7660322,34.2535504],[108.7707043,34.2532018],[108.7709317,34.2532107],[108.7710412,34.2532551],[108.7710927,34.2532976],[108.7711077,34.2533579],[108.7710197,34.2560826],[108.7708094,34.25626],[108.7660249,34.2562508],[108.7658297,34.2560787]]]},"properties":{"osm_id":"1230880865","code":7202,"fclass":"park","name":""}},
{"type":"Feature","geometry":{"type":"Polygon","coordinates":[[[108.7546625,34.2547433],[108.7541904,34.2547322],[108.7578954,34.254466],[108.7650788,34.25383],[108.765061,34.2562513],[108.7547646,34.2561817],[108.7546625,34.2547433]]]},"properties":{"osm_id":"1230880866","code":7202,"fclass":"park","name":""}},
{"type":"Feature","geometry":{"type":"Polygon","coordinates":[[[108.9474985,34.2562722],[108.9470833,34.256272],[108.9470834,34.256105],[108.9472636,34.2561051],[108.9472639,34.2555002],[108.9476315,34.2555003],[108.9476315,34.2554547],[108.9477843,34.2554547],[108.9477853,34.2537292],[108.9485344,34.2537295],[108.9485344,34.2538345],[108.9485339,34.2546614],[108.9484779,34.2546614],[108.9484775,34.255448],[108.9486921,34.2554481],[108.9486921,34.2554381],[108.9491522,34.2554383],[108.9491519,34.2560985],[108.9491516,34.2565728],[108.9487201,34.2565727],[108.9487201,34.2566185],[108.9476286,34.2566181],[108.9476288,34.2563074],[108.9474984,34.2563074],[108.9474985,34.2562722]]]},"properties":{"osm_id":"256711574","code":7202,"fclass":"park","name":"西安碑林博物馆"}},
{"type":"Feature","geometry":{"type":"Polygon","coordinates":[[[108.6630447,34.2550285],[108.6627951,34.2537465],[108.6629313,34.2536653],[108.664293,34.2536653],[108.6647772,34.2558726],[108.6651479,34.2573483],[108.6638921,34.2573483],[108.6636802,34.2572934],[108.6636273,34.2564055],[108.6632868,34.2555176],[108.6630447,34.2550285]]]},"properties":{"osm_id":"1230128706","code":7202,"fclass":"park","name":""}},
{"type":"Feature","geometry":{"type":"Polygon","coordinates":[[[108.6462898,34.2578264],[108.6462547,34.2577658],[108.646719,34.256715],[108.6468045,34.2566838],[108.6468766,34.2565119],[108.64683,34.2564573],[108.6473064,34.2553968],[108.6473501,34.2553806],[108.6473979,34.2552725],[108.6473766,34.2552242],[108.6478383,34.254184],[108.6479628,34.2541569],[108.6485633,34.2543418],[108.6489134,34.2544886],[108.6489897,34.2545394],[108.649003,34.254614],[108.6483228,34.255546],[108.6482417,34.2555586],[108.6481924,34.255646],[108.6482109,34.2557066],[108.6483781,34.2558127],[108.6484425,34.255795],[108.6496271,34.2563758],[108.6496324,34.2564371],[108.6489468,34.2573779],[108.6488439,34.2573992],[108.6477304,34.256837],[108.6477252,34.2567416],[108.6475072,34.2566558],[108.6473953,34.2566861],[108.6472701,34.2568346],[108.6472978,34.2569427],[108.6466159,34.2578822],[108.6465468,34.2579037],[108.6462898,34.2578264]]]},"properties":{"osm_id":"878896625","code":7202,"fclass":"park","name":""}},
{"type":"Feature","geometry":{"type":"Polygon","coordinates":[[[108.6549935,34.2573284],[108.6549661,34.2572529],[108.6564736,34.2552045],[108.6565544,34.2552008],[108.6574645,34.2556636],[108.6578151,34.2558892],[108.655681,34.2576576],[108.6549935,34.2573284]]]},"properties":{"osm_id":"1022285949","code":7202,"fclass":"park","name":""}},
{"type":"Feature","geometry":{"type":"Polygon","coordinates":[[[108.9190839,34.2585461],[108.9189691,34.2581407],[108.9190109,34.2567435],[108.9189796,34.2549494],[108.9190109,34.2529311],[108.919063,34.2527327],[108.9191361,34.252655],[108.9193248,34.2526339],[108.9202002,34.2526224],[108.9212455,34.2526379],[108.9217654,34.252603],[108.9245046,34.2526166],[108.924941,34.2526459],[108.9268274,34.2526415],[108.9269022,34.2527097],[108.926915,34.2533216],[108.926449,34.2533226],[108.9264486,34.2532147],[108.9262108,34.2532152],[108.9262111,34.253306],[108.9251461,34.2533079],[108.9251459,34.2532093],[108.9248943,34.2532096],[108.9248945,34.2533117],[108.9236547,34.2533131],[108.9236545,34.2532081],[108.9234523,34.2532082],[108.9234524,34.2533042],[108.9222508,34.2533049],[108.9222507,34.253218],[108.9220244,34.2532181],[108.9220244,34.2533115],[108.9207973,34.2533251],[108.9207912,34.2532908],[108.9207731,34.2532464],[108.9207302,34.2532132],[108.9206786,34.253206],[108.9206209,34.2532187],[108.9205793,34.2532492],[108.9205686,34.2532919],[108.9205733,34.2533268],[108.9205981,34.2533584],[108.9206383,34.2533817],[108.9206839,34.25339],[108.9207087,34.25339],[108.9207155,34.2543041],[108.9205575,34.2543036],[108.9205564,34.2545351],[108.9207018,34.2545356],[108.9206977,34.2553686],[108.9205438,34.2553681],[108.9205427,34.2555855],[108.9206842,34.255586],[108.9206794,34.2564913],[108.9205292,34.2564907],[108.920528,34.2567044],[108.9206806,34.256705],[108.9206757,34.2575576],[108.9205359,34.257557],[108.9205346,34.2577783],[108.9207023,34.257779],[108.9206968,34.2586949],[108.9205427,34.2586943],[108.9205415,34.2588979],[108.9207019,34.2588986],[108.9206965,34.2598015],[108.9205311,34.2598008],[108.92053,34.2599835],[108.9206826,34.2599841],[108.9206814,34.2601981],[108.9200981,34.260207],[108.9197672,34.2602708],[108.9196458,34.2603164],[108.9194473,34.2605626],[108.9192432,34.2605653],[108.9191048,34.2605384],[108.9190004,34.2604608],[108.9190109,34.2602538],[108.9190735,34.259814],[108.9190839,34.2585461]]]},"properties":{"osm_id":"246573697","code":7202,"fclass":"park","name":"环城公园"}},
{"type":"Feature","geometry":{"type":"Polygon","coordinates":[[[108.615207,34.2574026],[108.6139542,34.2557293],[108.614151,34.2543866],[108.6156192,34.2509986],[108.6197273,34.2508849],[108.6239369,34.2525737],[108.6262221,34.2535808],[108.6284332,34.2544064],[108.6366623,34.2568663],[108.6365987,34.2570281],[108.636077,34.2583561],[108.6353883,34.2601091],[108.6347759,34.2616679],[108.6340466,34.2628532],[108.6287687,34.2617251],[108.6255356,34.2603157],[108.6198619,34.2585388],[108.615207,34.2574026]]]},"properties":{"osm_id":"962000802","code":7202,"fclass":"park","name":""}},
{"type":"Feature","geometry":{"type":"Polygon","coordinates":[[[108.9387753,34.2575282],[108.9387662,34.2571445],[108.9391779,34.2571378],[108.9391852,34.2574465],[108.9390704,34.2574484],[108.9390722,34.2575233],[108.9387753,34.2575282]]]},"properties":{"osm_id":"465385312","code":7202,"fclass":"park","name":""}},
{"type":"Feature","geometry":{"type":"Polygon","coordinates":[[[108.6801112,34.2605305],[108.6748738,34.2604811],[108.6750384,34.2576241],[108.6757866,34.2576117],[108.6792133,34.2575128],[108.6803805,34.2575128],[108.6811886,34.2575252],[108.6813981,34.2571912],[108.6824156,34.2571789],[108.6827299,34.2565605],[108.683493,34.2561152],[108.6842861,34.2555957],[108.6848847,34.2545073],[108.686411,34.2549526],[108.6858124,34.2554968],[108.6851391,34.2568326],[108.6850194,34.2582301],[108.6846303,34.2586877],[108.6841514,34.2591948],[108.6836427,34.2596153],[108.6825653,34.2599121],[108.6801411,34.2602584],[108.6801112,34.2605305]]]},"properties":{"osm_id":"1317049970","code":7202,"fclass":"park","name":"沙河遗址公园"}},
{"type":"Feature","geometry":{"type":"Polygon","coordinates":[[[108.9360764,34.2578217],[108.936063,34.257396],[108.9360925,34.2573517],[108.9361169,34.2573268],[108.9361542,34.257314],[108.9362025,34.2573051],[108.936243,34.2573224],[108.9362859,34.2573512],[108.9363017,34.2573938],[108.9363017,34.2578172],[108.9362701,34.2578757],[108.9361086,34.2578771],[108.9360764,34.2578217]]]},"properties":{"osm_id":"277264146","code":7202,"fclass":"park","name":""}},
{"type":"Feature","geometry":{"type":"Polygon","coordinates":[[[108.6676098,34.2586195],[108.6675874,34.2577369],[108.6685684,34.2577476],[108.6685437,34.2586195],[108.6683173,34.2586195],[108.6676098,34.2586195]]]},"properties":{"osm_id":"1022283651","code":7202,"fclass":"park","name":""}},
{"type":"Feature","geometry":{"type":"Polygon","coordinates":[[[108.6540982,34.258495],[108.6540845,34.2584308],[108.6547788,34.2575096],[108.6548884,34.2575096],[108.6552173,34.2576758],[108.6556695,34.2579098],[108.6560668,34.2581703],[108.6560486,34.258242],[108.6550757,34.2590197],[108.65503,34.259031],[108.6540982,34.258495]]]},"properties":{"osm_id":"1022285948","code":7202,"fclass":"park","name":""}},
{"type":"Feature","geometry":{"type":"Polygon","coordinates":[[[108.9590902,34.2535302],[108.9587733,34.2535183],[108.9588021,34.2531374],[108.9607161,34.2532537],[108.9621502,34.2532994],[108.9621428,34.2535551],[108.9619723,34.2535482],[108.9619667,34.253641],[108.9608054,34.2535931],[108.9608099,34.2535184],[108.9605522,34.2535078],[108.9605472,34.2535909],[108.9592788,34.2535394],[108.9592834,34.2534594],[108.9590958,34.2534521],[108.9590902,34.2535302]]]},"properties":{"osm_id":"287208791","code":7202,"fclass":"park","name":""}},
{"type":"Feature","geometry":{"type":"Polygon","coordinates":[[[108.9749551,34.2557549],[108.97475,34.2557522],[108.9747501,34.2553956],[108.9747594,34.2546645],[108.9747644,34.2542735],[108.974767,34.253364],[108.9747675,34.2531829],[108.9748498,34.2531847],[108.9748551,34.2528815],[108.9752231,34.2528834],[108.9752295,34.2528057],[108.9753281,34.2528027],[108.97533,34.2527666],[108.9782185,34.2527738],[108.9789514,34.2527755],[108.979634,34.2527755],[108.9808038,34.2527752],[108.9808869,34.2528169],[108.9811106,34.2529359],[108.9812697,34.2529558],[108.9816324,34.2529496],[108.9816301,34.2529102],[108.9828502,34.2529074],[108.9830933,34.2531458],[108.9830864,34.2588952],[108.9827305,34.2589125],[108.9824621,34.2589262],[108.9823252,34.2589274],[108.9822308,34.2588885],[108.9820025,34.2587128],[108.9817414,34.2587368],[108.9817347,34.2588972],[108.9814388,34.2588908],[108.9808908,34.2588337],[108.9808809,34.2589163],[108.9806934,34.2589159],[108.9802603,34.2588261],[108.9802204,34.2589288],[108.9799285,34.2588962],[108.9799859,34.2587325],[108.9795614,34.2586555],[108.9792429,34.2587249],[108.9790545,34.258684],[108.9789844,34.2588068],[108.9789791,34.2588971],[108.9778931,34.2589202],[108.9773014,34.2587496],[108.9767458,34.2584293],[108.9764163,34.2580989],[108.9757203,34.2574157],[108.9756721,34.2573486],[108.9762156,34.2571665],[108.9757152,34.2562643],[108.9755667,34.2563151],[108.9753184,34.25586],[108.9749613,34.2558627],[108.9749551,34.2557549]]]},"properties":{"osm_id":"252867154","code":7202,"fclass":"park","name":"兴庆宫公园"}},
{"type":"Feature","geometry":{"type":"Polygon","coordinates":[[[109.0095571,34.2550247],[109.0094862,34.2545666],[109.0095156,34.2528444],[109.0096646,34.2527554],[109.0110147,34.2527249],[109.0110898,34.2527825],[109.0110799,34.2538585],[109.011024,34.2539062],[109.0110303,34.254984],[109.0109599,34.2554004],[109.0109734,34.2566727],[109.010966,34.258019],[109.0110296,34.2584058],[109.011011,34.2599999],[109.0109927,34.2600796],[109.009572,34.2600762],[109.0094888,34.2599424],[109.0094908,34.2580196],[109.0095652,34.2576114],[109.0095571,34.2550247]]]},"properties":{"osm_id":"821606613","code":7202,"fclass":"park","name":"幸福林带D区"}},
{"type":"Feature","geometry":{"type":"Polygon","coordinates":[[[108.9634958,34.2536942],[108.9624665,34.2536534],[108.9624743,34.2533841],[108.9663435,34.2535748],[108.9669589,34.2536003],[108.9669512,34.2539818],[108.9669976,34.256233],[108.9670026,34.2565176],[108.9670435,34.2588456],[108.9672051,34.2596594],[108.9673128,34.2600726],[108.9666974,34.2601044],[108.9666122,34.2600662],[108.966609,34.2581583],[108.9667327,34.2581582],[108.9667324,34.2579482],[108.9666019,34.2579484],[108.9666009,34.2571717],[108.9667244,34.2571716],[108.9667242,34.2569859],[108.9666199,34.256986],[108.9666193,34.2561751],[108.9667497,34.256175],[108.9667496,34.2559906],[108.9666125,34.2559906],[108.966612,34.253967],[108.9667298,34.2539697],[108.9667412,34.2537405],[108.9664509,34.2537265],[108.9664427,34.2538378],[108.9652184,34.253795],[108.9652239,34.2536886],[108.9649357,34.2536783],[108.9649512,34.2537656],[108.9637384,34.253706],[108.9637428,34.2536262],[108.9635002,34.253617],[108.9634958,34.2536942]]]},"properties":{"osm_id":"287208788","code":7202,"fclass":"park","name":"环城公园"}},
{"type":"Feature","geometry":{"type":"Polygon","coordinates":[[[109.0404394,34.2621901],[109.0401563,34.2619886],[109.0410843,34.2569833],[109.0417862,34.2554464],[109.0434359,34.2527774],[109.0438921,34.2527644],[109.0420438,34.2556637],[109.0414304,34.2570289],[109.0404394,34.2621901]]]},"properties":{"osm_id":"1052867631","code":7202,"fclass":"park","name":""}},
{"type":"Feature","geometry":{"type":"Polygon","coordinates":[[[109.0013273,34.2594573],[109.0013245,34.2592897],[109.0013299,34.2592529],[109.0013445,34.2592187],[109.0013727,34.2591759],[109.0014039,34.2591445],[109.0014695,34.2591167],[109.0015187,34.2591052],[109.0015861,34.2591063],[109.0016541,34.2591197],[109.0017091,34.259152],[109.0017595,34.2591993],[109.0018027,34.2592589],[109.0018254,34.2593304],[109.0018125,34.2601475],[109.0017641,34.2601797],[109.0013393,34.260181],[109.001346,34.2594826],[109.0013273,34.2594573]]]},"properties":{"osm_id":"293658782","code":7202,"fclass":"park","name":""}},
{"type":"Feature","geometry":{"type":"Polygon","coordinates":[[[109.0567972,34.2601158],[109.0566662,34.2595365],[109.0573569,34.2594325],[109.0574879,34.2599991],[109.0567972,34.2601158]]]},"properties":{"osm_id":"971045766","code":7202,"fclass":"park","name":"五环集团文化广场"}},
{"type":"Feature","geometry":{"type":"Polygon","coordinates":[[[109.0013392,34.2635894],[109.000689,34.2635853],[109.000699,34.2618488],[109.0007594,34.2618497],[109.0007591,34.2618133],[109.0010725,34.2618127],[109.0010723,34.2617513],[109.002659,34.2617438],[109.0026086,34.2633779],[109.0025488,34.2634564],[109.0017006,34.2634603],[109.00147,34.2634621],[109.0013431,34.2634603],[109.0013392,34.2635894]]]},"properties":{"osm_id":"970903623","code":7202,"fclass":"park","name":""}},
{"type":"Feature","geometry":{"type":"Polygon","coordinates":[[[108.9917785,34.2642061],[108.9912747,34.2642102],[108.9912769,34.2635506],[108.9913567,34.2635713],[108.992443,34.2625257],[108.9930554,34.2625627],[108.9935061,34.2618441],[108.9946923,34.2618206],[108.9948191,34.262405],[108.9962356,34.2623828],[108.9962108,34.2618878],[108.9977058,34.2617652],[108.9982733,34.2618007],[108.9983156,34.2625707],[108.9983171,34.2625989],[108.9982603,34.2640964],[108.9969897,34.2640846],[108.9969361,34.2643794],[108.996108,34.2643965],[108.9951493,34.2646676],[108.9946529,34.2646587],[108.9943428,34.2644394],[108.9936686,34.2648391],[108.9931537,34.2643837],[108.9929883,34.2644376],[108.9917869,34.264425],[108.9917785,34.2642061]]]},"properties":{"osm_id":"265765274","code":7202,"fclass":"park","name":"长乐公园"}},
{"type":"Feature","geometry":{"type":"Polygon","coordinates":[[[108.9665698,34.2617081],[108.9665685,34.261683],[108.9670971,34.2616936],[108.967089,34.261892],[108.9669196,34.262215],[108.9669717,34.2656924],[108.9668936,34.2656924],[108.9668349,34.2655901],[108.9667372,34.2655309],[108.9665712,34.2655039],[108.9665748,34.2648415],[108.966681,34.2648419],[108.9666819,34.2646813],[108.9665726,34.264681],[108.9665766,34.2638501],[108.9666909,34.2638504],[108.9666916,34.2636754],[108.9665741,34.2636751],[108.9665767,34.2628589],[108.9666826,34.2628591],[108.9666827,34.2628352],[108.9666828,34.2627221],[108.9666829,34.2626999],[108.9665692,34.2626998],[108.9665698,34.2618824],[108.9666878,34.2618824],[108.9666868,34.2618456],[108.966686,34.2617304],[108.9666877,34.261708],[108.9665698,34.2617081]]]},"properties":{"osm_id":"287208780","code":7202,"fclass":"park","name":"环城公园"}},
{"type":"Feature","geometry":{"type":"Polygon","coordinates":[[[108.6458157,34.2589136],[108.6450795,34.2585466],[108.6452077,34.2583963],[108.6453358,34.2582682],[108.6454521,34.2582165],[108.6457054,34.2581377],[108.6458574,34.2581352],[108.6460541,34.2580293],[108.6461584,34.2578815],[108.6464892,34.2579603],[108.646522,34.2580244],[108.6458812,34.2588914],[108.6458157,34.2589136]]]},"properties":{"osm_id":"1048983187","code":7202,"fclass":"park","name":""}},
{"type":"Feature","geometry":{"type":"Polygon","coordinates":[[[108.6518783,34.258919],[108.651847,34.2588457],[108.6525469,34.2578742],[108.6526222,34.2578618],[108.6537759,34.2584349],[108.653777,34.2585043],[108.6530897,34.2594457],[108.652972,34.2594791],[108.6518783,34.258919]]]},"properties":{"osm_id":"1035751972","code":7202,"fclass":"park","name":""}},
{"type":"Feature","geometry":{"type":"Polygon","coordinates":[[[108.6639904,34.2587254],[108.6636727,34.2577499],[108.6652841,34.2577437],[108.6659347,34.2604511],[108.6658439,34.2605324],[108.6645956,34.2605199],[108.6644519,34.2604824],[108.6639904,34.2587254]]]},"properties":{"osm_id":"1230128705","code":7202,"fclass":"park","name":""}},
{"type":"Feature","geometry":{"type":"Polygon","coordinates":[[[108.6706756,34.2606384],[108.6706444,34.260542],[108.6714067,34.2578098],[108.6715156,34.2577648],[108.6740279,34.2578162],[108.6741368,34.2578741],[108.6740124,34.2605291],[108.6738646,34.2606255],[108.6706756,34.2606384]]]},"properties":{"osm_id":"1022283657","code":7202,"fclass":"park","name":""}},
{"type":"Feature","geometry":{"type":"Polygon","coordinates":[[[108.6532847,34.2596342],[108.6532663,34.259549],[108.653958,34.2586155],[108.6540421,34.2585937],[108.6547613,34.258969],[108.6549382,34.259116],[108.6549293,34.2591628],[108.6539286,34.2599839],[108.6532847,34.2596342]]]},"properties":{"osm_id":"1035751973","code":7202,"fclass":"park","name":""}},
{"type":"Feature","geometry":{"type":"Polygon","coordinates":[[[108.6526719,34.2609609],[108.652396,34.2607906],[108.653073,34.2598297],[108.6531907,34.2598114],[108.6537021,34.2600942],[108.6537132,34.260152],[108.6527602,34.2609457],[108.6526719,34.2609609]]]},"properties":{"osm_id":"1035751974","code":7202,"fclass":"park","name":""}},
{"type":"Feature","geometry":{"type":"Polygon","coordinates":[[[108.885518,34.2613836],[108.8855126,34.2606539],[108.8899449,34.2606732],[108.8899371,34.2613793],[108.885518,34.2613836]]]},"properties":{"osm_id":"246615376","code":7202,"fclass":"park","name":"土门街心花园"}},
{"type":"Feature","geometry":{"type":"Polygon","coordinates":[[[108.890153,34.2613096],[108.8901491,34.2607471],[108.8904797,34.2609249],[108.8904785,34.2610814],[108.890153,34.2613096]]]},"properties":{"osm_id":"246615378","code":7202,"fclass":"park","name":""}},
{"type":"Feature","geometry":{"type":"Polygon","coordinates":[[[108.6516669,34.2618941],[108.6516331,34.2617914],[108.6522564,34.2609402],[108.65234,34.2609103],[108.652724,34.2611306],[108.6532231,34.261489],[108.6532005,34.2615655],[108.6524349,34.2622245],[108.6523513,34.2622469],[108.6516669,34.2618941]]]},"properties":{"osm_id":"1047701483","code":7202,"fclass":"park","name":""}},
{"type":"Feature","geometry":{"type":"Polygon","coordinates":[[[108.9210317,34.2624594],[108.9210254,34.261805],[108.9210666,34.2617971],[108.9211743,34.2617552],[108.9213548,34.2616531],[108.9215386,34.2614934],[108.9217445,34.2612709],[108.9219283,34.2612081],[108.9220296,34.2612264],[108.9220422,34.2612892],[108.9220296,34.2624542],[108.9210317,34.2624594]]]},"properties":{"osm_id":"272524819","code":7202,"fclass":"park","name":""}},
{"type":"Feature","geometry":{"type":"MultiPolygon","coordinates":[[[[109.0095073,34.2785403],[109.0094669,34.2712784],[109.0095432,34.2711515],[109.0109554,34.2711779],[109.0110489,34.2712689],[109.0110531,34.2785246],[109.0109614,34.2786092],[109.0095717,34.2786112],[109.0095073,34.2785403]]],[[[109.0095571,34.2550247],[109.0094862,34.2545666],[109.0095156,34.2528444],[109.0096646,34.2527554],[109.0110147,34.2527249],[109.0110898,34.2527825],[109.0110799,34.2538585],[109.011024,34.2539062],[109.0110303,34.254984],[109.0109599,34.2554004],[109.0109734,34.2566727],[109.010966,34.258019],[109.0110296,34.2584058],[109.011011,34.2599999],[109.0109927,34.2600796],[109.009572,34.2600762],[109.0094888,34.2599424],[109.0094908,34.2580196],[109.0095652,34.2576114],[109.0095571,34.2550247]]],[[[109.0095223,34.2522664],[109.009493,34.2411778],[109.0096036,34.2410032],[109.0108016,34.2409949],[109.0110576,34.2523657],[109.0097401,34.2523817],[109.0095223,34.2522664]]],[[[109.0095288,34.2705522],[109.0094939,34.2606536],[109.0095694,34.2605795],[109.0109461,34.2605756],[109.0110271,34.2606928],[109.0110473,34.2643918],[109.0109686,34.26476],[109.0109717,34.2673917],[109.0110512,34.2677526],[109.0110431,34.2705913],[109.0109907,34.2706312],[109.0096199,34.270632],[109.0095288,34.2705522]]],[[[109.0095435,34.2890672],[109.0095017,34.2791467],[109.0095862,34.2790763],[109.0109255,34.2790922],[109.0110082,34.2792129],[109.0110913,34.2890891],[109.0110112,34.2891955],[109.0096468,34.2891603],[109.0095435,34.2890672]]]]},"properties":{"osm_id":"16151810","code":7202,"fclass":"park","name":"幸福林带"}},
{"type":"Feature","geometry":{"type":"Polygon","coordinates":[[[109.0095288,34.2705522],[109.0094939,34.2606536],[109.0095694,34.2605795],[109.0109461,34.2605756],[109.0110271,34.2606928],[109.0110473,34.2643918],[109.0109686,34.26476],[109.0109717,34.2673917],[109.0110512,34.2677526],[109.0110431,34.2705913],[109.0109907,34.2706312],[109.0096199,34.270632],[109.0095288,34.2705522]]]},"properties":{"osm_id":"821606609","code":7202,"fclass":"park","name":"幸福林带C区"}},
{"type":"Feature","geometry":{"type":"Polygon","coordinates":[[[108.9653929,34.2658619],[108.9653824,34.2658233],[108.9653984,34.2657617],[108.9654437,34.2657166],[108.9655348,34.2656937],[108.9660352,34.2656861],[108.9660322,34.2659602],[108.9655517,34.2659609],[108.9654754,34.2659487],[108.9654318,34.2659257],[108.9654088,34.2658946],[108.9653929,34.2658619]]]},"properties":{"osm_id":"287208778","code":7202,"fclass":"park","name":""}},
{"type":"Feature","geometry":{"type":"Polygon","coordinates":[[[109.0556303,34.2668443],[109.0555467,34.2663884],[109.0558142,34.2663538],[109.0562489,34.2663331],[109.0566334,34.2663815],[109.0567839,34.2662986],[109.0569393,34.266207],[109.0571549,34.2661632],[109.0573523,34.2663469],[109.0582468,34.2664091],[109.0584892,34.2664367],[109.058641,34.2666832],[109.0583669,34.2668816],[109.058297,34.2670654],[109.0582384,34.2672519],[109.0583555,34.2673003],[109.0580391,34.2682086],[109.0578675,34.2681649],[109.0578623,34.2681017],[109.057762,34.2680879],[109.0577703,34.2678392],[109.0577369,34.2676734],[109.0576031,34.2676941],[109.0575531,34.2675781],[109.0574408,34.2672711],[109.057371,34.2669755],[109.0572609,34.2669915],[109.0564883,34.2671207],[109.0560482,34.2671898],[109.0555634,34.2672865],[109.0556303,34.2671552],[109.0556386,34.2670032],[109.0556303,34.2668443]]]},"properties":{"osm_id":"249184719","code":7202,"fclass":"park","name":"纺织公园"}},
{"type":"Feature","geometry":{"type":"Polygon","coordinates":[[[108.9666844,34.26665],[108.9665649,34.2666497],[108.9665671,34.2661703],[108.9666469,34.2661598],[108.9668243,34.2660237],[108.9669171,34.2659176],[108.966913,34.2672907],[108.9669637,34.2712173],[108.9667234,34.2712697],[108.9667229,34.2710865],[108.9666943,34.2710345],[108.9665762,34.2710346],[108.9665747,34.2700675],[108.9666823,34.2700674],[108.9666821,34.2698553],[108.9665744,34.2698554],[108.9665738,34.2688808],[108.9666876,34.2688808],[108.9666876,34.2686968],[108.9665675,34.2686967],[108.9665683,34.2678766],[108.9666903,34.2678768],[108.9666907,34.2676677],[108.966569,34.2676675],[108.9665712,34.2668664],[108.9666836,34.2668667],[108.9666844,34.26665]]]},"properties":{"osm_id":"287208777","code":7202,"fclass":"park","name":"环城公园"}},
{"type":"Feature","geometry":{"type":"Polygon","coordinates":[[[109.038135,34.2755142],[109.037671,34.2754752],[109.0377024,34.2717642],[109.0377653,34.2707633],[109.0380957,34.2696778],[109.0382372,34.2690019],[109.0381114,34.268001],[109.0391653,34.2647836],[109.0400383,34.2624956],[109.0403214,34.2627881],[109.0398417,34.2644131],[109.0392203,34.266311],[109.0389293,34.267351],[109.0387563,34.2685664],[109.038135,34.2755142]]]},"properties":{"osm_id":"1052867630","code":7202,"fclass":"park","name":""}},
{"type":"Feature","geometry":{"type":"Polygon","coordinates":[[[109.096493,34.2875129],[109.0964472,34.287463],[109.0955217,34.2864534],[109.0973902,34.2856529],[109.099968,34.2828593],[109.1024711,34.2813467],[109.1043018,34.2790006],[109.1065994,34.2773027],[109.1100552,34.2748638],[109.1124276,34.2723785],[109.1176953,34.2664661],[109.120572,34.2654781],[109.123318,34.2635329],[109.1278572,34.2613561],[109.1278681,34.2616909],[109.1262684,34.262706],[109.120105,34.2666359],[109.1175952,34.2691353],[109.1147126,34.2721548],[109.1107163,34.2764808],[109.1035916,34.2821487],[109.1021942,34.2828314],[109.1008785,34.2837776],[109.099822,34.2849625],[109.0975767,34.2866826],[109.096493,34.2875129]]]},"properties":{"osm_id":"510046944","code":7202,"fclass":"park","name":""}},
{"type":"Feature","geometry":{"type":"Polygon","coordinates":[[[109.0095073,34.2785403],[109.0094669,34.2712784],[109.0095432,34.2711515],[109.0109554,34.2711779],[109.0110489,34.2712689],[109.0110531,34.2785246],[109.0109614,34.2786092],[109.0095717,34.2786112],[109.0095073,34.2785403]]]},"properties":{"osm_id":"821606607","code":7202,"fclass":"park","name":"幸福林带B区"}},
{"type":"Feature","geometry":{"type":"Polygon","coordinates":[[[108.9627922,34.2780714],[108.9624945,34.2780659],[108.9624947,34.2777645],[108.9636594,34.2777773],[108.9636579,34.2778811],[108.963873,34.2778832],[108.9638744,34.2777751],[108.9651533,34.2777859],[108.9651521,34.2778893],[108.9653827,34.2778909],[108.9653836,34.2777926],[108.96651,34.2777988],[108.9665094,34.2778932],[108.966728,34.277894],[108.9667289,34.2777046],[108.9666136,34.2777043],[108.9666163,34.2767824],[108.9667386,34.2767825],[108.9667388,34.2765948],[108.966617,34.2765947],[108.9666167,34.2757093],[108.9667387,34.2757093],[108.9667384,34.27551],[108.9666182,34.2755102],[108.9666163,34.2746238],[108.9667379,34.2746236],[108.9667374,34.274414],[108.9666171,34.2744142],[108.9666145,34.2735307],[108.9667244,34.2735305],[108.9667238,34.2733383],[108.9666037,34.2733386],[108.9666009,34.2724073],[108.9667536,34.2724024],[108.966717,34.2717831],[108.9670437,34.2717907],[108.9670422,34.2719382],[108.9670284,34.2723248],[108.9670665,34.273865],[108.9670805,34.2781947],[108.9669637,34.2782796],[108.9659645,34.2782463],[108.9658056,34.278241],[108.9655814,34.27816],[108.9647502,34.2781561],[108.9638115,34.2781754],[108.9637134,34.2780751],[108.9630315,34.2780759],[108.9627922,34.2780714]]]},"properties":{"osm_id":"287208776","code":7202,"fclass":"park","name":"环城公园"}},
{"type":"Feature","geometry":{"type":"Polygon","coordinates":[[[109.0821487,34.2767674],[109.0820844,34.2765724],[109.0840638,34.276138],[109.0844071,34.2763374],[109.0846164,34.276528],[109.0846968,34.2766832],[109.0847612,34.2770378],[109.0841014,34.2768915],[109.083522,34.2767896],[109.0829373,34.2767319],[109.0825779,34.2767186],[109.0821487,34.2767674]]]},"properties":{"osm_id":"879055412","code":7202,"fclass":"park","name":""}},
{"type":"Feature","geometry":{"type":"Polygon","coordinates":[[[108.9240928,34.2626435],[108.9240921,34.2625416],[108.925788,34.2625648],[108.9257843,34.2639084],[108.9257615,34.2639086],[108.9251089,34.2639117],[108.9251042,34.2640139],[108.9251019,34.2640612],[108.9249989,34.2640579],[108.9249965,34.2641689],[108.9248012,34.2641701],[108.9247397,34.2640302],[108.9243579,34.2639403],[108.9243243,34.2637632],[108.9241001,34.2637721],[108.9240997,34.2636901],[108.9240928,34.2626435]]]},"properties":{"osm_id":"245153373","code":7202,"fclass":"park","name":"西安儿童公园"}},
{"type":"Feature","geometry":{"type":"Polygon","coordinates":[[[108.8031932,34.2649532],[108.8028048,34.2649325],[108.8029771,34.2626804],[108.8048616,34.2625108],[108.8049728,34.2627253],[108.8065499,34.2629181],[108.8072553,34.262927],[108.8075504,34.2631753],[108.8080975,34.263193],[108.8080576,34.2626917],[108.8082764,34.2626632],[108.8081,34.2614502],[108.8117991,34.2614478],[108.8118285,34.2617787],[108.8127083,34.2617942],[108.8129309,34.2627851],[108.812936,34.2645137],[108.8127199,34.2647829],[108.8120496,34.264845],[108.8121217,34.265531],[108.8128483,34.2654973],[108.8128765,34.2658571],[108.8126166,34.2658675],[108.8126009,34.2667554],[108.8055647,34.2667024],[108.8055016,34.2664743],[108.8036052,34.2664373],[108.8034153,34.265101],[108.8031932,34.2649532]]]},"properties":{"osm_id":"997806684","code":7202,"fclass":"park","name":"阿房宫考古遗址公园"}},
{"type":"Feature","geometry":{"type":"Polygon","coordinates":[[[108.8663504,34.2651337],[108.8663498,34.2640205],[108.8672814,34.2640201],[108.8672821,34.2651334],[108.8663504,34.2651337]]]},"properties":{"osm_id":"390178495","code":7202,"fclass":"park","name":"西钞广场"}},
{"type":"Feature","geometry":{"type":"Polygon","coordinates":[[[108.9483912,34.2651402],[108.9483769,34.2648649],[108.9491535,34.264845],[108.9491581,34.2649686],[108.9487201,34.2649797],[108.9483912,34.2651402]]]},"properties":{"osm_id":"245283771","code":7202,"fclass":"park","name":"明秦王府城墙遗址"}},
{"type":"Feature","geometry":{"type":"Polygon","coordinates":[[[108.8356725,34.2681403],[108.8353952,34.268145],[108.8354873,34.2668816],[108.8361416,34.2618828],[108.8416342,34.2645325],[108.8406342,34.266243],[108.8380159,34.2662335],[108.8373839,34.2662223],[108.8360482,34.267871],[108.8356596,34.2684141],[108.8356385,34.2684128],[108.8356725,34.2681403]]]},"properties":{"osm_id":"1004234795","code":7202,"fclass":"park","name":"红光公园"}},
{"type":"Feature","geometry":{"type":"Polygon","coordinates":[[[108.9479716,34.2658415],[108.9479659,34.2657851],[108.9486126,34.2651827],[108.9487014,34.2651424],[108.9487783,34.2651298],[108.9488606,34.265126],[108.9501317,34.2650947],[108.9502488,34.2651058],[108.950337,34.2651318],[108.9503728,34.265146],[108.9504182,34.2651679],[108.9510519,34.2657308],[108.9510618,34.2657643],[108.9510247,34.2658306],[108.9479716,34.2658415]]]},"properties":{"osm_id":"387465812","code":7202,"fclass":"park","name":"新城广场"}},
{"type":"Feature","geometry":{"type":"Polygon","coordinates":[[[108.9429962,34.2657549],[108.9428293,34.265664],[108.9428375,34.2652121],[108.9433809,34.265217],[108.9433751,34.26575],[108.9429962,34.2657549]]]},"properties":{"osm_id":"387465810","code":7202,"fclass":"park","name":""}},
{"type":"Feature","geometry":{"type":"Polygon","coordinates":[[[108.939028,34.2657978],[108.939024,34.2653908],[108.9390883,34.265323],[108.939151,34.2653895],[108.9391663,34.2657978],[108.939028,34.2657978]]]},"properties":{"osm_id":"434568054","code":7202,"fclass":"park","name":""}},
{"type":"Feature","geometry":{"type":"Polygon","coordinates":[[[108.9415337,34.2658615],[108.9415121,34.2655036],[108.9419971,34.2654836],[108.9420187,34.2658415],[108.9415337,34.2658615]]]},"properties":{"osm_id":"390178498","code":7202,"fclass":"park","name":""}},
{"type":"Feature","geometry":{"type":"Polygon","coordinates":[[[108.9194707,34.2683914],[108.9180949,34.2684006],[108.9181564,34.2644102],[108.9184948,34.2632368],[108.9187814,34.2613419],[108.9188726,34.2612665],[108.9189768,34.2612558],[108.9191462,34.2612773],[108.9192877,34.2613744],[108.9192694,34.2618765],[108.9194003,34.262015],[108.9194929,34.2620718],[108.9197668,34.26224],[108.919841,34.2622981],[108.9198663,34.2623179],[108.9198651,34.2624284],[108.9198579,34.263077],[108.9198052,34.2678125],[108.919697,34.2709248],[108.9194473,34.2709471],[108.9194198,34.2707082],[108.9194979,34.2706651],[108.9194949,34.2704452],[108.9194945,34.2704109],[108.9194928,34.2702868],[108.9194905,34.2701228],[108.9194895,34.270043],[108.9194797,34.2693251],[108.9194707,34.2683914]]]},"properties":{"osm_id":"245153369","code":7202,"fclass":"park","name":"环城西苑"}},
{"type":"Feature","geometry":{"type":"Polygon","coordinates":[[[107.7209418,34.2645864],[107.7207216,34.2641808],[107.7210195,34.2640681],[107.7212273,34.2644902],[107.7209418,34.2645864]]]},"properties":{"osm_id":"981162365","code":7202,"fclass":"park","name":""}},
{"type":"Feature","geometry":{"type":"Polygon","coordinates":[[[107.7500607,34.265398],[107.7498488,34.264958],[107.7500065,34.2648643],[107.7515051,34.2644569],[107.7516136,34.2644895],[107.7517565,34.264901],[107.7500607,34.265398]]]},"properties":{"osm_id":"924245833","code":7202,"fclass":"park","name":"南城公园"}},
{"type":"Feature","geometry":{"type":"Polygon","coordinates":[[[108.2557648,34.265364],[108.2557384,34.2651839],[108.2586443,34.2650529],[108.2585981,34.2653913],[108.2557648,34.265364]]]},"properties":{"osm_id":"591364960","code":7202,"fclass":"park","name":""}},
{"type":"Feature","geometry":{"type":"Polygon","coordinates":[[[108.2152544,34.267207],[108.2151446,34.2670846],[108.2151831,34.2654763],[108.2152672,34.2654365],[108.2172505,34.2653489],[108.2173296,34.2654272],[108.2174656,34.2670839],[108.2174227,34.2672373],[108.2152544,34.267207]]]},"properties":{"osm_id":"591364711","code":7202,"fclass":"park","name":""}},
{"type":"Feature","geometry":{"type":"Polygon","coordinates":[[[107.74424,34.2671212],[107.744099,34.26671],[107.7441316,34.2665958],[107.747629,34.265594],[107.7477523,34.2656246],[107.7478447,34.2658945],[107.7469581,34.2661497],[107.7469711,34.266237],[107.7454971,34.2666796],[107.7455299,34.2667534],[107.74424,34.2671212]]]},"properties":{"osm_id":"1136314347","code":7202,"fclass":"park","name":""}},
{"type":"Feature","geometry":{"type":"Polygon","coordinates":[[[107.7584024,34.2699843],[107.7577828,34.2685039],[107.7615272,34.2674289],[107.7584024,34.2699843]]]},"properties":{"osm_id":"505445014","code":7202,"fclass":"park","name":"张载文化广场"}},
{"type":"Feature","geometry":{"type":"Polygon","coordinates":[[[108.0733168,34.269849],[108.0733078,34.2698043],[108.0733348,34.2693748],[108.0734088,34.2693077],[108.0743453,34.2693152],[108.0744283,34.2693048],[108.074486,34.26926],[108.0745167,34.2692078],[108.0745365,34.2692093],[108.0745113,34.2698401],[108.074495,34.2698654],[108.0744608,34.2698878],[108.0744265,34.2698997],[108.0733872,34.2698908],[108.0733421,34.2698759],[108.0733168,34.269849]]]},"properties":{"osm_id":"1232567579","code":7202,"fclass":"park","name":"杨凌站站前广场"}},
{"type":"Feature","geometry":{"type":"Polygon","coordinates":[[[107.8368584,34.2723511],[107.8366823,34.2712208],[107.8374861,34.2710879],[107.8375371,34.27109],[107.8375652,34.2711196],[107.8377745,34.2722161],[107.837754,34.2722519],[107.8368584,34.2723511]]]},"properties":{"osm_id":"1138619368","code":7202,"fclass":"park","name":"站前广场"}},
{"type":"Feature","geometry":{"type":"Polygon","coordinates":[[[107.7410952,34.2727269],[107.7408779,34.2722903],[107.7413366,34.272144],[107.7416236,34.2727934],[107.7414895,34.2728289],[107.7410952,34.2727269]]]},"properties":{"osm_id":"1135266528","code":7202,"fclass":"park","name":""}},
{"type":"Feature","geometry":{"type":"Polygon","coordinates":[[[107.7181712,34.2726786],[107.7181207,34.2726307],[107.7181379,34.2726183],[107.7191226,34.2731903],[107.7194928,34.2734686],[107.7197447,34.2738448],[107.7197841,34.2739626],[107.7192251,34.2734489],[107.7188825,34.2731369],[107.7185241,34.2728913],[107.7182913,34.2727451],[107.7181712,34.2726786]]]},"properties":{"osm_id":"980947573","code":7202,"fclass":"park","name":""}},
{"type":"Feature","geometry":{"type":"Polygon","coordinates":[[[108.8773022,34.2664948],[108.8772898,34.265837],[108.8778071,34.2658359],[108.8777784,34.2664924],[108.8773022,34.2664948]]]},"properties":{"osm_id":"390178038","code":7202,"fclass":"park","name":"土门小树林公园"}},
{"type":"Feature","geometry":{"type":"Polygon","coordinates":[[[108.919555,34.2618613],[108.9195024,34.2615389],[108.9201844,34.2618713],[108.9204923,34.261865],[108.9204923,34.2621201],[108.9206421,34.2621201],[108.92065,34.2630274],[108.9204993,34.2630272],[108.9204992,34.2632521],[108.9206605,34.2632522],[108.9206598,34.264211],[108.9205174,34.264211],[108.9205173,34.2644184],[108.9206706,34.2644185],[108.9206698,34.2654033],[108.9205272,34.2654032],[108.920527,34.265582],[108.920673,34.2655821],[108.9206719,34.2665244],[108.9205333,34.2665243],[108.9205331,34.2667118],[108.9206713,34.2667119],[108.9206694,34.2677033],[108.9205233,34.2677031],[108.9205227,34.2679229],[108.9206608,34.2679232],[108.9206575,34.2688528],[108.9205262,34.2688524],[108.920525,34.269105],[108.9206554,34.2691055],[108.9206496,34.2700333],[108.9205104,34.2700326],[108.9205084,34.2702902],[108.920646,34.270291],[108.9206398,34.2709685],[108.920073,34.2709857],[108.9200784,34.2622071],[108.919555,34.2618613]]]},"properties":{"osm_id":"272524654","code":7202,"fclass":"park","name":""}},
{"type":"Feature","geometry":{"type":"Polygon","coordinates":[[[108.900236,34.2683818],[108.8986054,34.2683711],[108.8986255,34.2669124],[108.8986962,34.2665108],[108.8986974,34.2658567],[108.8988648,34.2658184],[108.8988543,34.2649128],[108.9000563,34.2648672],[108.9000592,34.2649932],[108.900195,34.2650027],[108.9002227,34.265191],[108.9005353,34.2651964],[108.9005498,34.2663054],[108.9003436,34.2663048],[108.9003404,34.2666189],[108.9004274,34.2666276],[108.9004098,34.2674786],[108.9006041,34.2676316],[108.9007285,34.2676322],[108.9007327,34.2682504],[108.9002318,34.2682504],[108.900236,34.2683818]]]},"properties":{"osm_id":"246573898","code":7202,"fclass":"park","name":"劳动公园"}},
{"type":"Feature","geometry":{"type":"Polygon","coordinates":[[[108.850798,34.2669143],[108.8507591,34.2665852],[108.8520737,34.2666065],[108.8520615,34.2667039],[108.8518623,34.2667295],[108.8514745,34.2668114],[108.8511923,34.2669042],[108.8509793,34.2669956],[108.8508972,34.2670352],[108.8508362,34.2669821],[108.850798,34.2669143]]]},"properties":{"osm_id":"1329421627","code":7202,"fclass":"park","name":""}},
{"type":"Feature","geometry":{"type":"Polygon","coordinates":[[[108.94884,34.2679581],[108.9480798,34.2679614],[108.9480838,34.2674474],[108.951011,34.2674172],[108.9510164,34.2679965],[108.9499261,34.267982],[108.9499235,34.2681151],[108.9510138,34.2681295],[108.9509947,34.2686199],[108.9498726,34.2686435],[108.9498645,34.2688215],[108.9494336,34.2688249],[108.9494417,34.2686401],[108.9489742,34.2686435],[108.948962,34.2683982],[108.9486367,34.2683948],[108.9486245,34.2682705],[108.9488319,34.2682638],[108.94884,34.2679581]]]},"properties":{"osm_id":"334970225","code":7202,"fclass":"park","name":""}},
{"type":"Feature","geometry":{"type":"Polygon","coordinates":[[[108.7496842,34.2697549],[108.7494475,34.2695066],[108.7509785,34.2685111],[108.7523847,34.269994],[108.7524791,34.2699306],[108.7536657,34.2712039],[108.7536857,34.2713399],[108.752272,34.2722607],[108.7521202,34.2720927],[108.752275,34.2719949],[108.7521202,34.2718445],[108.7521809,34.2718094],[108.7512796,34.2708288],[108.7512857,34.2706834],[108.7501508,34.2694772],[108.7496842,34.2697549]]]},"properties":{"osm_id":"1228381301","code":7202,"fclass":"park","name":"西安西站站前广场"}},
{"type":"Feature","geometry":{"type":"Polygon","coordinates":[[[108.9334458,34.2703175],[108.9334237,34.2700515],[108.9335723,34.2700066],[108.933787,34.2699398],[108.9338145,34.2699331],[108.9337493,34.269847],[108.9336712,34.2697286],[108.9344262,34.269738],[108.9344434,34.2696633],[108.9361294,34.2696193],[108.9366114,34.2697089],[108.9366934,34.2697501],[108.9367907,34.2699762],[108.9377632,34.2699869],[108.9376367,34.2708703],[108.9369149,34.2710096],[108.9369283,34.2711825],[108.9334887,34.2711588],[108.9335539,34.2704068],[108.9334458,34.2703175]]]},"properties":{"osm_id":"245153371","code":7202,"fclass":"park","name":"莲湖公园"}},
{"type":"Feature","geometry":{"type":"Polygon","coordinates":[[[108.6638224,34.2658467],[108.662823,34.2616125],[108.6630855,34.2615674],[108.6630358,34.261331],[108.6635083,34.2612576],[108.6635364,34.2613505],[108.6641064,34.2612508],[108.6641272,34.2613329],[108.6647748,34.2612267],[108.6647543,34.2611215],[108.6660854,34.2611142],[108.6662239,34.2620565],[108.6664329,34.2624697],[108.6666497,34.2626269],[108.6670803,34.2627985],[108.667362,34.2627657],[108.6693512,34.2624218],[108.6700507,34.2621279],[108.6705185,34.2613275],[108.6707662,34.2612632],[108.6708179,34.2611258],[108.671953,34.2611178],[108.6729861,34.2611106],[108.6722193,34.2622387],[108.6715834,34.2628314],[108.6710546,34.2637497],[108.6686153,34.265151],[108.6686981,34.269969],[108.6686247,34.2700165],[108.6685474,34.2700019],[108.6680392,34.2702396],[108.6685999,34.2703211],[108.6686867,34.2704104],[108.6687374,34.2743177],[108.6688385,34.2753667],[108.6727036,34.2753798],[108.673113,34.2754268],[108.6739378,34.2754337],[108.6739999,34.2755055],[108.6749939,34.2754988],[108.6749975,34.2754257],[108.6756508,34.2754213],[108.6761471,34.2753789],[108.6792325,34.2753976],[108.6796043,34.2754366],[108.6803783,34.2754373],[108.6805027,34.275515],[108.6805262,34.2756473],[108.6688632,34.2756738],[108.6694236,34.2800374],[108.6685618,34.2800221],[108.6681409,34.2791982],[108.6676754,34.2785302],[108.6639943,34.2741964],[108.664503,34.2688037],[108.6646494,34.268629],[108.664999,34.2682191],[108.6649746,34.2678562],[108.664438,34.2672313],[108.6644949,34.2657866],[108.6638224,34.2658467]]]},"properties":{"osm_id":"878896631","code":7202,"fclass":"park","name":"新渭沙湿地公园"}},
{"type":"Feature","geometry":{"type":"Polygon","coordinates":[[[108.8762766,34.2711575],[108.8762675,34.2706649],[108.8833315,34.2706231],[108.883582,34.2706228],[108.8837775,34.2706256],[108.8838781,34.2706258],[108.8861805,34.2706312],[108.886154,34.2712644],[108.8776778,34.2711842],[108.8775582,34.2711723],[108.8762766,34.2711575]]]},"properties":{"osm_id":"265564800","code":7202,"fclass":"park","name":""}},
{"type":"Feature","geometry":{"type":"Polygon","coordinates":[[[108.8871095,34.2712546],[108.8870963,34.2706784],[108.8945905,34.2708019],[108.9071062,34.2708959],[108.9071084,34.2713846],[108.9065349,34.2713828],[108.9049303,34.2713571],[108.8967561,34.2713023],[108.8871095,34.2712546]]]},"properties":{"osm_id":"265564799","code":7202,"fclass":"park","name":""}},
{"type":"Feature","geometry":{"type":"Polygon","coordinates":[[[108.9130838,34.2714225],[108.9079685,34.2714019],[108.9079786,34.2708869],[108.9082924,34.2708811],[108.9152093,34.2709273],[108.9157677,34.2709983],[108.916973,34.270988],[108.9169524,34.2714152],[108.9130838,34.2714225]]]},"properties":{"osm_id":"265564798","code":7202,"fclass":"park","name":"天朗城市公园"}},
{"type":"Feature","geometry":{"type":"Polygon","coordinates":[[[108.9037505,34.2730126],[108.9034805,34.2730121],[108.9034835,34.2718606],[108.9034837,34.2717993],[108.9062745,34.2718043],[108.9062704,34.2733357],[108.9053397,34.273334],[108.90534,34.2732086],[108.9053402,34.273114],[108.9059383,34.2731151],[108.9059388,34.2729257],[108.9053657,34.2729247],[108.905367,34.2724093],[108.90621,34.2724108],[108.9062109,34.27208],[108.9042143,34.2720764],[108.9042134,34.2724081],[108.9049795,34.2724094],[108.9049781,34.2729224],[108.9044725,34.2729215],[108.904472,34.2730943],[108.9050785,34.2730954],[108.9050782,34.2732257],[108.9050779,34.273321],[108.9041876,34.2733194],[108.9037496,34.2733186],[108.9037505,34.2730126]]]},"properties":{"osm_id":"388048624","code":7202,"fclass":"park","name":""}},
{"type":"Feature","geometry":{"type":"Polygon","coordinates":[[[108.9515364,34.2732721],[108.9515364,34.2730695],[108.9516867,34.2730238],[108.9516828,34.2724607],[108.9526673,34.2724617],[108.9526673,34.2721284],[108.9529758,34.272135],[108.9529679,34.2718801],[108.9527148,34.2718866],[108.9527148,34.2716971],[108.9554432,34.2717102],[108.9554195,34.2718866],[108.955554,34.2718801],[108.955554,34.2740302],[108.9547394,34.2740368],[108.954597,34.2742459],[108.9536005,34.2742655],[108.9536005,34.2744942],[108.9527148,34.2745008],[108.952699,34.2741675],[108.9522482,34.2741609],[108.9520821,34.2744223],[108.9519081,34.2744158],[108.9517657,34.2739126],[108.9517816,34.2732787],[108.9515364,34.2732721]]]},"properties":{"osm_id":"245283775","code":7202,"fclass":"park","name":"革命公园"}},
{"type":"Feature","geometry":{"type":"Polygon","coordinates":[[[108.9275611,34.2777178],[108.9200481,34.2776641],[108.9200928,34.2714649],[108.9206351,34.2714746],[108.9206268,34.2723731],[108.9204911,34.2723722],[108.9204886,34.2726068],[108.9206371,34.272608],[108.9206177,34.274211],[108.9204885,34.2742099],[108.9204855,34.2744272],[108.9206149,34.2744284],[108.9206048,34.2751062],[108.9204646,34.2751048],[108.9204608,34.2753469],[108.9205899,34.2753483],[108.920578,34.2760392],[108.9204414,34.2760376],[108.920437,34.276281],[108.9205817,34.2762829],[108.9205663,34.2771027],[108.9204484,34.2771012],[108.9204437,34.2773469],[108.9207549,34.277351],[108.9207572,34.2772321],[108.9218617,34.2772469],[108.9218597,34.2773512],[108.9220638,34.2773539],[108.9220657,34.2772531],[108.9233401,34.2772698],[108.923338,34.277379],[108.9235525,34.2773818],[108.9235546,34.2772673],[108.9248327,34.2772833],[108.9248308,34.2773889],[108.9250113,34.2773911],[108.925013,34.2772982],[108.9262893,34.2773136],[108.9262873,34.2774243],[108.9265341,34.2774273],[108.9265361,34.2773141],[108.9277788,34.2773293],[108.9277768,34.2774416],[108.9280129,34.2774446],[108.9280149,34.2773404],[108.9282125,34.277343],[108.9282298,34.2777921],[108.9275611,34.2777178]]]},"properties":{"osm_id":"272524652","code":7202,"fclass":"park","name":""}},
{"type":"Feature","geometry":{"type":"Polygon","coordinates":[[[108.9180764,34.2757299],[108.9180657,34.2720242],[108.9187255,34.2715055],[108.9196535,34.2714922],[108.9197019,34.2716727],[108.9196919,34.2754918],[108.9196672,34.2772689],[108.9195748,34.2774013],[108.9191804,34.277442],[108.9191558,34.2776915],[108.9192605,34.2777374],[108.9195355,34.2777202],[108.9195835,34.2778594],[108.9194819,34.2779861],[108.91916,34.2779064],[108.918822,34.2775961],[108.9180978,34.2764702],[108.9180764,34.2757299]]]},"properties":{"osm_id":"763975766","code":7202,"fclass":"park","name":""}},
{"type":"Feature","geometry":{"type":"Polygon","coordinates":[[[108.9397696,34.2778942],[108.9286465,34.277767],[108.928647,34.2773486],[108.929254,34.2773564],[108.9292521,34.2774553],[108.9294809,34.2774583],[108.9294829,34.2773575],[108.930728,34.2773747],[108.9307258,34.2774806],[108.9309612,34.2774839],[108.9309636,34.2773712],[108.932183,34.2773886],[108.9321807,34.2774996],[108.9324009,34.2775028],[108.9324032,34.2773933],[108.9336702,34.2774112],[108.9336678,34.2775276],[108.9339069,34.2775309],[108.9339094,34.2774049],[108.935174,34.2774218],[108.9351719,34.277531],[108.9354049,34.277534],[108.9354068,34.2774263],[108.9366428,34.277441],[108.9366409,34.2775485],[108.9368588,34.277551],[108.9368605,34.2774449],[108.9381165,34.2774578],[108.938115,34.2775582],[108.9383458,34.2775604],[108.9383471,34.2774609],[108.9395794,34.2774716],[108.9395779,34.2775971],[108.9398245,34.2775932],[108.939837,34.277481],[108.9410986,34.2774911],[108.9410973,34.2775947],[108.9413245,34.2775965],[108.9413258,34.2774865],[108.9417782,34.2774902],[108.9417834,34.2775837],[108.9417785,34.2776771],[108.9417634,34.2777699],[108.9417383,34.2778611],[108.9417054,34.2779457],[108.9416639,34.2780276],[108.9416141,34.2781064],[108.9415564,34.2781813],[108.9410266,34.2782859],[108.9409949,34.2779591],[108.9397696,34.2778942]]]},"properties":{"osm_id":"283397525","code":7202,"fclass":"park","name":""}},
{"type":"Feature","geometry":{"type":"Polygon","coordinates":[[[108.9433837,34.2777996],[108.9433747,34.2777211],[108.9433765,34.2776423],[108.9433889,34.2775642],[108.9438207,34.2775678],[108.9438193,34.2776694],[108.9441415,34.2776726],[108.9441431,34.2775641],[108.9453654,34.2775777],[108.9453634,34.2776937],[108.9456595,34.2776974],[108.9456617,34.2775832],[108.9468915,34.2775999],[108.9468894,34.2776989],[108.9471726,34.2777031],[108.9471752,34.2775834],[108.9484175,34.2776027],[108.9484151,34.2777073],[108.9486836,34.2777116],[108.9486864,34.2775972],[108.9499481,34.277618],[108.9499455,34.277726],[108.9501902,34.27773],[108.9501931,34.2776062],[108.9514922,34.2776273],[108.9514898,34.2777302],[108.9517113,34.2777337],[108.9517138,34.2776265],[108.9530158,34.2776464],[108.9530262,34.277764],[108.9532346,34.2777695],[108.9532372,34.2776471],[108.9545356,34.2776654],[108.9545334,34.2777783],[108.9547774,34.2777816],[108.9547796,34.277669],[108.9556432,34.27768],[108.9556429,34.2778996],[108.9533173,34.2778996],[108.9528778,34.2779092],[108.9508422,34.2779536],[108.949684,34.2779305],[108.9442014,34.2778996],[108.9441174,34.2782315],[108.9439152,34.2783286],[108.9436877,34.2782392],[108.9436244,34.2781921],[108.9435671,34.2781401],[108.9435165,34.2780835],[108.9434729,34.2780231],[108.9434331,34.2779515],[108.9434032,34.2778767],[108.9433837,34.2777996]]]},"properties":{"osm_id":"283397532","code":7202,"fclass":"park","name":""}},
{"type":"Feature","geometry":{"type":"Polygon","coordinates":[[[108.9249717,34.2788866],[108.9249689,34.278835],[108.9256918,34.2787976],[108.9256861,34.2784157],[108.9260405,34.278418],[108.9262316,34.2784784],[108.92635,34.2785543],[108.9264697,34.2786657],[108.9265907,34.2787244],[108.9266728,34.2787343],[108.9281766,34.2786772],[108.928192,34.2787267],[108.9256606,34.2788491],[108.9249717,34.2788866]]]},"properties":{"osm_id":"269122218","code":7202,"fclass":"park","name":""}},
{"type":"Feature","geometry":{"type":"Polygon","coordinates":[[[108.9342399,34.2787663],[108.9286251,34.2787312],[108.9286258,34.2786835],[108.9302274,34.2786996],[108.9302954,34.2786669],[108.9305609,34.2785532],[108.9328663,34.2785569],[108.9382223,34.2786168],[108.9389908,34.2786118],[108.9390041,34.2789638],[108.9389642,34.2791],[108.9362805,34.2788939],[108.9355856,34.2788529],[108.9342399,34.2787663]]]},"properties":{"osm_id":"269121979","code":7202,"fclass":"park","name":"陇海铁路主题公园"}},
{"type":"Feature","geometry":{"type":"Polygon","coordinates":[[[108.9451942,34.2791558],[108.9436405,34.2791502],[108.9436744,34.2791001],[108.9440432,34.2790156],[108.9443492,34.2789455],[108.9444513,34.2788377],[108.9444683,34.2786971],[108.9448446,34.2787763],[108.9453018,34.2787815],[108.9451942,34.2791558]]]},"properties":{"osm_id":"283397531","code":7202,"fclass":"park","name":""}},
{"type":"Feature","geometry":{"type":"Polygon","coordinates":[[[107.6074856,34.2773164],[107.6073612,34.2764653],[107.6080036,34.2763487],[107.6084506,34.2762701],[107.6089023,34.2761855],[107.6094512,34.2760858],[107.6095112,34.2771462],[107.6074856,34.2773164]]]},"properties":{"osm_id":"1208703173","code":7202,"fclass":"park","name":"岐山站站前广场"}},
{"type":"Feature","geometry":{"type":"Polygon","coordinates":[[[107.7394092,34.2803796],[107.7393189,34.2802276],[107.7393296,34.2801954],[107.7393738,34.2801691],[107.7396145,34.2800813],[107.7396552,34.2800828],[107.7396959,34.2800974],[107.7397029,34.2801252],[107.7396906,34.2801515],[107.7395437,34.2803635],[107.7395101,34.2803782],[107.7394747,34.2803884],[107.7394092,34.2803796]]]},"properties":{"osm_id":"1130860162","code":7202,"fclass":"park","name":""}},
{"type":"Feature","geometry":{"type":"Polygon","coordinates":[[[108.0651714,34.2855288],[108.0627199,34.2855246],[108.0627451,34.2854362],[108.0627991,34.2853322],[108.0628863,34.2851867],[108.0630014,34.2850283],[108.0631199,34.2848778],[108.0632554,34.2847335],[108.063438,34.2845824],[108.0636191,34.2844741],[108.0638108,34.2843689],[108.0640241,34.2842818],[108.0642613,34.2842043],[108.0644931,34.2841662],[108.0646824,34.2841575],[108.0649054,34.284156],[108.0651726,34.2841619],[108.0651714,34.2855288]]]},"properties":{"osm_id":"1143917241","code":7202,"fclass":"park","name":"读书广场"}},
{"type":"Feature","geometry":{"type":"Polygon","coordinates":[[[107.7266247,34.289823],[107.725187,34.2893869],[107.7253544,34.2881566],[107.7254059,34.2881317],[107.7262513,34.2881956],[107.7267234,34.2882275],[107.7268993,34.2882877],[107.7270452,34.2883409],[107.7271311,34.2884083],[107.727174,34.2885289],[107.7271268,34.2887132],[107.7266247,34.289823]]]},"properties":{"osm_id":"980976793","code":7202,"fclass":"park","name":""}},
{"type":"Feature","geometry":{"type":"Polygon","coordinates":[[[107.7483272,34.2929787],[107.7480354,34.2924495],[107.7490161,34.2917896],[107.7499095,34.2909834],[107.7526561,34.2883454],[107.7533084,34.2882178],[107.7557975,34.2865725],[107.7565125,34.2861534],[107.7563683,34.2859279],[107.7562557,34.2857019],[107.7570603,34.285631],[107.7581439,34.2855955],[107.7592276,34.2856664],[107.7599334,34.2858567],[107.7602307,34.2859368],[107.7627432,34.2870504],[107.7649801,34.2880418],[107.7651196,34.2882546],[107.7630261,34.2910097],[107.7613779,34.2933094],[107.7608824,34.2937597],[107.7590911,34.29501],[107.7580213,34.2954703],[107.757448,34.2956925],[107.7566835,34.2959498],[107.754918,34.2963567],[107.7518743,34.296924],[107.7513222,34.2969883],[107.7503667,34.2969956],[107.7490604,34.297016],[107.7487954,34.2969396],[107.7487153,34.296736],[107.7486763,34.2949754],[107.7485112,34.2939027],[107.7483272,34.2929787]]]},"properties":{"osm_id":"13185783","code":7202,"fclass":"park","name":"平阳湖公园"}},
{"type":"Feature","geometry":{"type":"Polygon","coordinates":[[[107.7346498,34.2937458],[107.7341555,34.2935061],[107.7344798,34.2927014],[107.7349716,34.2928593],[107.7350033,34.2928695],[107.7353926,34.2929689],[107.7370192,34.2933841],[107.7379953,34.2936986],[107.7381121,34.2937362],[107.7381518,34.293749],[107.7388766,34.2941514],[107.7400091,34.2954145],[107.7407505,34.2961816],[107.7407937,34.2962263],[107.740822,34.2962556],[107.7411304,34.2965747],[107.7417872,34.2969209],[107.742476,34.2971082],[107.7430897,34.2971922],[107.7427046,34.2973419],[107.7424904,34.2975356],[107.7421791,34.2976186],[107.7417204,34.2976333],[107.7412124,34.2976268],[107.7407166,34.2975721],[107.7403237,34.2973345],[107.7398568,34.2970547],[107.7394982,34.2969232],[107.7393436,34.296691],[107.7391431,34.2965136],[107.7383783,34.2960414],[107.7371763,34.2952796],[107.7358397,34.2943906],[107.735704,34.2942935],[107.7356606,34.294271],[107.7346498,34.2937458]]]},"properties":{"osm_id":"856283346","code":7202,"fclass":"park","name":"槐树林公园"}},
{"type":"Feature","geometry":{"type":"Polygon","coordinates":[[[107.7469992,34.2967949],[107.7462613,34.296796],[107.7462816,34.2962278],[107.7465053,34.2962295],[107.7465235,34.2963101],[107.7470012,34.2963135],[107.7470094,34.2963521],[107.7469403,34.2964445],[107.7469281,34.2965469],[107.7469362,34.296656],[107.746989,34.29674],[107.7469992,34.2967949]]]},"properties":{"osm_id":"1136121452","code":7202,"fclass":"park","name":""}},
{"type":"Feature","geometry":{"type":"Polygon","coordinates":[[[107.6097559,34.3042238],[107.6061514,34.3037985],[107.6061675,34.3035946],[107.6062265,34.3033864],[107.6063391,34.3032756],[107.6066556,34.3031471],[107.6118102,34.3029079],[107.6122447,34.3028503],[107.6145618,34.3025268],[107.6169755,34.3022122],[107.6170506,34.3023185],[107.617233,34.3023673],[107.6173725,34.3024603],[107.6174905,34.30258],[107.6176675,34.302611],[107.6178874,34.3025622],[107.6181609,34.3025578],[107.618413,34.3025977],[107.6186383,34.3027129],[107.6189387,34.3029655],[107.6189923,34.3033376],[107.6162407,34.3035503],[107.6162461,34.3036345],[107.6132423,34.3038428],[107.6122232,34.3040156],[107.6118692,34.3040776],[107.6097559,34.3042238]]]},"properties":{"osm_id":"879270679","code":7202,"fclass":"park","name":""}},
{"type":"Feature","geometry":{"type":"Polygon","coordinates":[[[107.6307285,34.3055841],[107.6307017,34.3042769],[107.6314098,34.304206],[107.6314312,34.3030804],[107.6353204,34.3030671],[107.6352507,34.3056107],[107.6307285,34.3055841]]]},"properties":{"osm_id":"789257676","code":7202,"fclass":"park","name":""}},
{"type":"Feature","geometry":{"type":"Polygon","coordinates":[[[107.6406097,34.3055664],[107.6405775,34.3037495],[107.6419401,34.3040907],[107.6446867,34.3046003],[107.6468217,34.3055885],[107.6466662,34.3057525],[107.6460439,34.3056107],[107.6453358,34.3055398],[107.6406097,34.3055664]]]},"properties":{"osm_id":"789257677","code":7202,"fclass":"park","name":""}},
{"type":"Feature","geometry":{"type":"Polygon","coordinates":[[[109.0818912,34.2781238],[109.0812797,34.2772062],[109.0822614,34.2770688],[109.0834094,34.2771176],[109.0842677,34.277286],[109.0846646,34.2774102],[109.0843857,34.2776894],[109.084214,34.2778002],[109.0838922,34.2779243],[109.0818912,34.2781238]]]},"properties":{"osm_id":"879055409","code":7202,"fclass":"park","name":""}},
{"type":"Feature","geometry":{"type":"Polygon","coordinates":[[[108.9671991,34.2794286],[108.9647665,34.2794164],[108.9647893,34.2789391],[108.9653832,34.2790087],[108.967057,34.279113],[108.9671671,34.2792162],[108.9671991,34.2794286]]]},"properties":{"osm_id":"374649893","code":7202,"fclass":"park","name":""}},
{"type":"Feature","geometry":{"type":"Polygon","coordinates":[[[108.9579714,34.2823432],[108.9578245,34.2823431],[108.9578255,34.2822351],[108.9578253,34.2815002],[108.9578307,34.2813954],[108.9588379,34.2814078],[108.9612395,34.2814374],[108.9612359,34.2815186],[108.9612358,34.2823085],[108.961235,34.2823452],[108.961064,34.2823451],[108.9610639,34.2825486],[108.9579712,34.2825467],[108.9579714,34.2823432]]]},"properties":{"osm_id":"1043635204","code":7202,"fclass":"park","name":"西安站北广场"}},
{"type":"Feature","geometry":{"type":"Polygon","coordinates":[[[109.0095435,34.2890672],[109.0095017,34.2791467],[109.0095862,34.2790763],[109.0109255,34.2790922],[109.0110082,34.2792129],[109.0110913,34.2890891],[109.0110112,34.2891955],[109.0096468,34.2891603],[109.0095435,34.2890672]]]},"properties":{"osm_id":"821606606","code":7202,"fclass":"park","name":"幸福林带A区"}},
{"type":"Feature","geometry":{"type":"Polygon","coordinates":[[[108.9669379,34.2859381],[108.9668989,34.2849299],[108.9674541,34.284925],[108.9674648,34.2854038],[108.9686812,34.2852216],[108.968676,34.2849449],[108.9701071,34.2850197],[108.9701368,34.2841691],[108.9708103,34.2841649],[108.9708824,34.2851294],[108.9709313,34.2851964],[108.9710771,34.2852085],[108.9712622,34.286717],[108.9711742,34.2867645],[108.9700093,34.2869521],[108.9699772,34.2868194],[108.9684814,34.2870264],[108.9669989,34.2870957],[108.9669379,34.2859381]]]},"properties":{"osm_id":"1213239209","code":7202,"fclass":"park","name":"大华1935（大华纺织厂旧址）"}},
{"type":"Feature","geometry":{"type":"Polygon","coordinates":[[[109.089019,34.2878571],[109.0885877,34.2871185],[109.08872,34.2869842],[109.0888528,34.2866622],[109.0890541,34.2864715],[109.0896349,34.2859511],[109.0904363,34.2852998],[109.092061,34.2843274],[109.0930902,34.2836686],[109.0950373,34.2859265],[109.0944477,34.2860133],[109.092774,34.2856144],[109.0915402,34.2861285],[109.0904888,34.2871656],[109.0899202,34.2880964],[109.089019,34.2878571]]]},"properties":{"osm_id":"289669836","code":7202,"fclass":"park","name":""}},
{"type":"Feature","geometry":{"type":"Polygon","coordinates":[[[108.9650367,34.3056603],[108.9509302,34.3051285],[108.9511153,34.2996028],[108.9511266,34.2972859],[108.951282,34.2944597],[108.9512894,34.2942462],[108.9520264,34.2942291],[108.9520058,34.2936302],[108.9530148,34.2936134],[108.952998,34.292879],[108.9536321,34.292868],[108.9536497,34.2933999],[108.9543998,34.2933861],[108.9544351,34.2922553],[108.9520258,34.2921452],[108.952136,34.291741],[108.9522421,34.289393],[108.9523904,34.2870208],[108.9519334,34.2862222],[108.9517788,34.283544],[108.9517867,34.2825443],[108.9664744,34.282524],[108.9664462,34.2844389],[108.9650244,34.2844427],[108.9650017,34.284165],[108.9645611,34.2841762],[108.9645702,34.2845778],[108.9648587,34.2845684],[108.9648225,34.2857737],[108.9648064,34.2864055],[108.966378,34.2864693],[108.9664552,34.289557],[108.9664794,34.2926599],[108.9650028,34.2927159],[108.965008,34.2941557],[108.9659524,34.2941858],[108.9660098,34.2933927],[108.9661924,34.2933496],[108.9662655,34.2932461],[108.9662446,34.2928107],[108.9664742,34.2928021],[108.9664971,34.3017764],[108.9654742,34.3018018],[108.9651106,34.303502],[108.9650367,34.3056603]]]},"properties":{"osm_id":"152429838","code":7202,"fclass":"park","name":"大明宫国家遗址公园"}},
{"type":"Feature","geometry":{"type":"Polygon","coordinates":[[[109.0104559,34.2948857],[109.0104402,34.2947363],[109.010627,34.2943481],[109.0106604,34.2943351],[109.0118244,34.2947006],[109.0118893,34.2947672],[109.0118893,34.2948435],[109.011848,34.2948955],[109.0105051,34.2949182],[109.0104559,34.2948857]]]},"properties":{"osm_id":"1039924614","code":7202,"fclass":"park","name":""}},
{"type":"Feature","geometry":{"type":"Polygon","coordinates":[[[109.0732338,34.3030369],[109.0729293,34.3028749],[109.0727008,34.303093],[109.0728023,34.3029402],[109.0728399,34.3027807],[109.0729414,34.3025664],[109.0729847,34.3024749],[109.0731135,34.3022268],[109.0737733,34.3015665],[109.0741107,34.3012722],[109.0746333,34.3007622],[109.0755865,34.2999756],[109.0761337,34.2995457],[109.0765628,34.2990937],[109.0776732,34.2977509],[109.0788002,34.2963803],[109.0788889,34.2962964],[109.0790338,34.296155],[109.0802929,34.2949263],[109.0811567,34.2940553],[109.083097,34.2922041],[109.083772,34.2913978],[109.0843192,34.2906808],[109.0851836,34.2894577],[109.0854662,34.2891211],[109.0858995,34.2886595],[109.0865041,34.2881285],[109.0869482,34.2878271],[109.0871008,34.2877015],[109.0873242,34.2875362],[109.0874678,34.2874536],[109.0875988,34.2873716],[109.0877446,34.2873086],[109.0878351,34.2872941],[109.0879865,34.2873044],[109.0881464,34.2873404],[109.0883223,34.2873421],[109.0884472,34.2872797],[109.0885789,34.287121],[109.0887159,34.2873747],[109.089019,34.2878571],[109.0859782,34.2907784],[109.0861481,34.2912346],[109.0859766,34.2918359],[109.0852966,34.2922217],[109.0844744,34.2929512],[109.0838756,34.2930183],[109.0824952,34.2942762],[109.0821297,34.2942091],[109.0810538,34.2953747],[109.0806174,34.2969595],[109.0797511,34.297585],[109.079008,34.298223],[109.0780702,34.29944],[109.077178,34.300297],[109.0759845,34.3010636],[109.0745382,34.3020156],[109.0732338,34.3030369]]]},"properties":{"osm_id":"289669833","code":7202,"fclass":"park","name":""}},
{"type":"Feature","geometry":{"type":"Polygon","coordinates":[[[108.9838454,34.2976088],[108.9838002,34.2950971],[108.984928,34.2950971],[108.9839699,34.2976193],[108.9838454,34.2976088]]]},"properties":{"osm_id":"1272338204","code":7202,"fclass":"park","name":"东元公园"}},
{"type":"Feature","geometry":{"type":"Polygon","coordinates":[[[108.6952673,34.2849888],[108.6952673,34.2802575],[108.6953172,34.2802046],[108.6964347,34.2802022],[108.6964272,34.2796001],[108.6967125,34.2791449],[108.6967873,34.2788682],[108.6967623,34.2788545],[108.6969256,34.2783334],[108.6969815,34.2779506],[108.6969755,34.2772608],[108.697285,34.2766008],[108.6975047,34.2763071],[108.6979081,34.2760232],[108.6979065,34.2753969],[108.6995236,34.2753992],[108.6998052,34.2754421],[108.7006838,34.2754437],[108.7007757,34.2754569],[108.7008276,34.2755312],[108.7012588,34.2755304],[108.7012787,34.2754842],[108.7013386,34.2754562],[108.7056819,34.2754496],[108.7057718,34.2755618],[108.7057557,34.2778627],[108.7056499,34.277939],[108.7012986,34.2779393],[108.7012466,34.2779019],[108.70082,34.2778797],[108.7007411,34.2779366],[108.6996867,34.2779363],[108.6994571,34.2779611],[108.6992055,34.2780172],[108.698874,34.2781541],[108.6985845,34.2783224],[108.6983688,34.2785171],[108.6981731,34.2787548],[108.6980513,34.2790072],[108.6979694,34.2793026],[108.6979434,34.2795402],[108.6979414,34.2796194],[108.6978596,34.2796804],[108.6977963,34.2802041],[108.6979347,34.2802764],[108.6979347,34.2812419],[108.6979627,34.2814399],[108.6980445,34.2818111],[108.6981564,34.2821543],[108.6983301,34.2825421],[108.6973716,34.2834809],[108.6973676,34.2850698],[108.6953513,34.2850818],[108.6953009,34.2850443],[108.6952673,34.2849888]]]},"properties":{"osm_id":"1018195611","code":7202,"fclass":"park","name":"沣西公园"}},
{"type":"Feature","geometry":{"type":"Polygon","coordinates":[[[108.7660599,34.2851856],[108.7657928,34.2849724],[108.7658019,34.2845036],[108.7659081,34.2842503],[108.7661479,34.2839194],[108.7661721,34.2837138],[108.7662052,34.2806084],[108.7664721,34.2802826],[108.7704649,34.2802935],[108.7704748,34.2801963],[108.7709586,34.2802001],[108.7710089,34.2814528],[108.7709395,34.2849298],[108.7706694,34.2851881],[108.7660599,34.2851856]]]},"properties":{"osm_id":"1001795261","code":7202,"fclass":"park","name":""}},
{"type":"Feature","geometry":{"type":"Polygon","coordinates":[[[108.7769884,34.2864686],[108.7769793,34.280228],[108.7817675,34.2802131],[108.7814062,34.2812209],[108.7820837,34.2813179],[108.7819302,34.2822062],[108.7825626,34.2822734],[108.7818127,34.2846621],[108.780837,34.2850876],[108.7804214,34.2864611],[108.7793103,34.2864635],[108.7769884,34.2864686]]]},"properties":{"osm_id":"1047588443","code":7202,"fclass":"park","name":""}},
{"type":"Feature","geometry":{"type":"Polygon","coordinates":[[[108.8966696,34.2839494],[108.8936836,34.283957],[108.8936987,34.2833051],[108.8941023,34.283295],[108.8941084,34.2832323],[108.8937412,34.2832248],[108.8937412,34.2831496],[108.896442,34.2831646],[108.8966696,34.2839494]]]},"properties":{"osm_id":"1213384022","code":7202,"fclass":"park","name":"鑫苑体育运动公园"}},
{"type":"Feature","geometry":{"type":"Polygon","coordinates":[[[108.7401583,34.2988283],[108.7401437,34.2983743],[108.740152,34.2979087],[108.7402051,34.2973283],[108.7403043,34.2968004],[108.7404175,34.2962912],[108.7405349,34.295861],[108.7407305,34.2953535],[108.7409432,34.2948435],[108.7412494,34.2942204],[108.7416789,34.2935439],[108.7448282,34.2891455],[108.7450682,34.2887741],[108.7451872,34.2884894],[108.745305,34.2881714],[108.7454078,34.2878331],[108.7454924,34.2873686],[108.7455356,34.2870708],[108.7455304,34.2866293],[108.7454675,34.2861674],[108.7454068,34.2859158],[108.7453201,34.2856557],[108.7452306,34.2853757],[108.7450278,34.2849429],[108.7448586,34.284677],[108.7446825,34.2844285],[108.7444263,34.2841127],[108.7426521,34.2821597],[108.7424534,34.281925],[108.7422459,34.2816415],[108.7420462,34.2813161],[108.7418386,34.2809529],[108.7416906,34.280624],[108.7437753,34.2797843],[108.7442836,34.2808353],[108.7475102,34.2834868],[108.7495701,34.2858448],[108.7494993,34.2875025],[108.7485401,34.2892487],[108.7427466,34.2949748],[108.7419741,34.2964284],[108.741796,34.2981568],[108.7432475,34.3018388],[108.7411475,34.301956],[108.7409272,34.3018753],[108.7407028,34.3013641],[108.7405158,34.3007783],[108.740368,34.3002171],[108.7402545,34.2997504],[108.740192,34.2992516],[108.7401583,34.2988283]]]},"properties":{"osm_id":"763958753","code":7202,"fclass":"park","name":""}},
{"type":"Feature","geometry":{"type":"Polygon","coordinates":[[[108.6522531,34.2747284],[108.6487985,34.2733098],[108.6498391,34.2735226],[108.652693,34.2745599],[108.6550855,34.2761912],[108.6555791,34.276404],[108.6569089,34.2771842],[108.6570811,34.2777867],[108.6573171,34.2781236],[108.6576605,34.2783896],[108.6584329,34.2787974],[108.6590552,34.2793293],[108.6592269,34.2796839],[108.6594414,34.2811555],[108.6595487,34.2815101],[108.6597633,34.281847],[108.6608147,34.2825562],[108.6616945,34.2834072],[108.6618447,34.2837796],[108.6620807,34.2861021],[108.6623382,34.2868644],[108.6625682,34.2872977],[108.6628747,34.287875],[108.6633253,34.2884955],[108.663733,34.2906229],[108.6636472,34.2913497],[108.6638832,34.2920766],[108.6642265,34.2927325],[108.666501,34.2963134],[108.6672268,34.2977755],[108.6682541,34.2993977],[108.6696805,34.3015585],[108.6705355,34.3031022],[108.6716943,34.304662],[108.673707,34.30756],[108.6757658,34.3099318],[108.6754982,34.3100771],[108.6747837,34.3092972],[108.6736894,34.3080654],[108.671829,34.3054332],[108.6692154,34.3019679],[108.667413,34.2997256],[108.6643875,34.2975364],[108.6632502,34.2962512],[108.6626344,34.2947798],[108.6619842,34.2935744],[108.6608791,34.2921296],[108.6574952,34.2847456],[108.6542702,34.2775565],[108.6536758,34.2760312],[108.6522531,34.2747284]]]},"properties":{"osm_id":"763947192","code":7202,"fclass":"park","name":""}},
{"type":"Feature","geometry":{"type":"Polygon","coordinates":[[[108.6971395,34.2922204],[108.695061,34.292218],[108.695194,34.2914743],[108.6955097,34.2912791],[108.699857,34.2912966],[108.6996602,34.292189],[108.7009372,34.2923566],[108.7011708,34.2914575],[108.7014358,34.2912803],[108.7056323,34.2912795],[108.7057454,34.291359],[108.706612,34.2913689],[108.7067224,34.291271],[108.7130088,34.2912826],[108.713067,34.2913606],[108.7135107,34.2913589],[108.7135634,34.291303],[108.720697,34.291308],[108.7207914,34.2914208],[108.7214259,34.2913644],[108.7215724,34.291303],[108.7296189,34.2913028],[108.7297053,34.2913343],[108.7297012,34.2914089],[108.7304782,34.2914454],[108.7306108,34.291326],[108.7401657,34.291749],[108.7401585,34.2926813],[108.7390339,34.292687],[108.7387918,34.2924465],[108.7383938,34.2924457],[108.738185,34.2926839],[108.7304112,34.2926784],[108.7303657,34.2925828],[108.7296018,34.2926163],[108.729511,34.2926627],[108.7210652,34.2926505],[108.721034,34.2925902],[108.7204916,34.2925866],[108.7203695,34.2926532],[108.713609,34.2926373],[108.7134885,34.2925523],[108.7130749,34.2925498],[108.7129242,34.292664],[108.7069802,34.2926745],[108.7068924,34.2935532],[108.7067878,34.294312],[108.7066054,34.2952884],[108.7058727,34.2994057],[108.7042688,34.2992049],[108.7049103,34.2956789],[108.7051349,34.2944119],[108.7052428,34.2935182],[108.7053321,34.292409],[108.7031618,34.2923794],[108.7027868,34.2923743],[108.7020006,34.2923636],[108.7015265,34.2923571],[108.7011961,34.2923526],[108.7009913,34.2924554],[108.7007878,34.2923503],[108.6972105,34.2923306],[108.6971395,34.2922204]]]},"properties":{"osm_id":"1018671254","code":7202,"fclass":"park","name":"沣西新城环形公园三期"}},
{"type":"Feature","geometry":{"type":"Polygon","coordinates":[[[108.7129143,34.2960571],[108.7127621,34.2958385],[108.71321,34.2947398],[108.714476,34.2947441],[108.7153269,34.2948098],[108.715019,34.2963128],[108.7129143,34.2960571]]]},"properties":{"osm_id":"1018741388","code":7202,"fclass":"park","name":""}},
{"type":"Feature","geometry":{"type":"Polygon","coordinates":[[[108.8301099,34.2979591],[108.8300138,34.2977279],[108.8322491,34.2970025],[108.8322707,34.2970913],[108.8330464,34.2970381],[108.8329677,34.2966051],[108.8335857,34.2965621],[108.8367203,34.2955934],[108.8368492,34.2959021],[108.8301099,34.2979591]]]},"properties":{"osm_id":"288902517","code":7202,"fclass":"park","name":""}},
{"type":"Feature","geometry":{"type":"Polygon","coordinates":[[[108.7285398,34.3024692],[108.7281633,34.3024136],[108.7290288,34.298555],[108.7290924,34.298147],[108.7296229,34.2936828],[108.7296731,34.2936344],[108.7299542,34.2936606],[108.729997,34.2937101],[108.7294764,34.298166],[108.7294083,34.2985932],[108.7285398,34.3024692]]]},"properties":{"osm_id":"1018754056","code":7202,"fclass":"park","name":""}},
{"type":"Feature","geometry":{"type":"Polygon","coordinates":[[[108.9591202,34.2978636],[108.9590559,34.2978016],[108.9590934,34.2976465],[108.9591524,34.297518],[108.9591256,34.2974692],[108.9592061,34.297416],[108.9592543,34.2974559],[108.9593777,34.2973983],[108.9595118,34.2973806],[108.959662,34.297385],[108.959882,34.2973894],[108.9600536,34.297416],[108.9601234,34.2974648],[108.9601341,34.2975445],[108.9602092,34.297642],[108.9602629,34.2978016],[108.9601609,34.2979567],[108.9598981,34.298032],[108.959705,34.2980896],[108.9595172,34.2980143],[108.9592383,34.2979124],[108.9591202,34.2978636]]]},"properties":{"osm_id":"246278203","code":7202,"fclass":"park","name":"蓬莱岛遗址"}},
{"type":"Feature","geometry":{"type":"Polygon","coordinates":[[[109.096493,34.2875129],[109.0950105,34.2887479],[109.094517,34.2890937],[109.0939704,34.2893702],[109.0936238,34.2895353],[109.0935091,34.2895899],[109.0933261,34.2896698],[109.0923176,34.2904499],[109.0914598,34.2913115],[109.0908585,34.2920808],[109.0903977,34.2924372],[109.0893993,34.292914],[109.0886703,34.2935097],[109.0875867,34.2953356],[109.0861383,34.2968956],[109.0854941,34.2973813],[109.0845183,34.2984467],[109.083381,34.3001218],[109.0803018,34.3030909],[109.0785423,34.3049254],[109.0780702,34.3052977],[109.0776298,34.3055529],[109.0768601,34.3058404],[109.0767418,34.305895],[109.0765575,34.3059801],[109.0762136,34.3063062],[109.076064,34.3065197],[109.0759776,34.306643],[109.0759439,34.3066897],[109.0757206,34.3069992],[109.0744975,34.3078234],[109.072738,34.3087894],[109.0719186,34.3091999],[109.0716113,34.3088531],[109.075518,34.3066884],[109.0758855,34.3060814],[109.0764303,34.305715],[109.076979,34.3054833],[109.0790282,34.3035689],[109.0833054,34.2987413],[109.085516,34.2965284],[109.0856018,34.2964955],[109.0857004,34.2965046],[109.0870284,34.2943445],[109.0899003,34.2915387],[109.092251,34.2892421],[109.0947482,34.2868022],[109.0955217,34.2864534],[109.0964472,34.287463],[109.096493,34.2875129]]]},"properties":{"osm_id":"289669835","code":7202,"fclass":"park","name":""}},
{"type":"Feature","geometry":{"type":"Polygon","coordinates":[[[108.9663533,34.3042435],[108.9662288,34.3042399],[108.9662431,34.3029529],[108.966335,34.3029539],[108.9664928,34.3030647],[108.9664842,34.304146],[108.9663533,34.3042435]]]},"properties":{"osm_id":"1268564669","code":7202,"fclass":"park","name":""}},
{"type":"Feature","geometry":{"type":"Polygon","coordinates":[[[109.0239563,34.3085458],[109.0238874,34.3055509],[109.024051,34.3049252],[109.0246304,34.3041852],[109.0257164,34.3035618],[109.0265371,34.303086],[109.0270873,34.3025704],[109.0278709,34.3017298],[109.028026,34.3014138],[109.0282132,34.3008922],[109.0286506,34.2988961],[109.0286086,34.2982998],[109.0285748,34.2973757],[109.0287004,34.2966955],[109.0297965,34.2969066],[109.0284299,34.3010606],[109.028255,34.3055177],[109.0281853,34.3062137],[109.0276848,34.3084378],[109.0271906,34.3094059],[109.0265064,34.3102694],[109.0256809,34.3116278],[109.0253749,34.3121108],[109.0250002,34.3122026],[109.0253087,34.3117683],[109.0254067,34.3114143],[109.0254637,34.3112084],[109.02534,34.3105964],[109.0248446,34.3100374],[109.0242569,34.3093955],[109.0239563,34.3085458]]]},"properties":{"osm_id":"289669839","code":7202,"fclass":"park","name":""}},
{"type":"Feature","geometry":{"type":"Polygon","coordinates":[[[109.0732338,34.3030369],[109.0736844,34.303582],[109.0739258,34.304096],[109.0737541,34.3045391],[109.072751,34.305062],[109.07119,34.3056292],[109.0694687,34.3066052],[109.0685203,34.3055992],[109.0684808,34.3055573],[109.0687576,34.3053287],[109.068588,34.3051187],[109.0696376,34.304407],[109.0699719,34.3048758],[109.071075,34.3043139],[109.0712408,34.3041952],[109.072142,34.30355],[109.0727008,34.303093],[109.0729293,34.3028749],[109.0732338,34.3030369]]]},"properties":{"osm_id":"289668823","code":7202,"fclass":"park","name":""}},
{"type":"Feature","geometry":{"type":"Polygon","coordinates":[[[108.9662503,34.305743],[108.9662353,34.3043729],[108.9662953,34.3043764],[108.966452,34.3045058],[108.9664692,34.3056597],[108.966349,34.3057412],[108.9662503,34.305743]]]},"properties":{"osm_id":"1268564668","code":7202,"fclass":"park","name":""}},
{"type":"Feature","geometry":{"type":"Polygon","coordinates":[[[109.1230182,34.306965],[109.1230086,34.3058585],[109.1246603,34.3058585],[109.1248379,34.3059219],[109.1250252,34.3060568],[109.1251836,34.3062868],[109.125174,34.3065367],[109.1250588,34.3067508],[109.1248811,34.3068738],[109.1247083,34.3069452],[109.1246123,34.306961],[109.1230182,34.306965]]]},"properties":{"osm_id":"245780582","code":7202,"fclass":"park","name":"向阳四区绿化带"}},
{"type":"Feature","geometry":{"type":"Polygon","coordinates":[[[108.967046,34.3071083],[108.9670395,34.3056921],[108.9672541,34.3056886],[108.967252,34.3071881],[108.9671576,34.3071792],[108.967046,34.3071083]]]},"properties":{"osm_id":"1268564667","code":7202,"fclass":"park","name":""}},
{"type":"Feature","geometry":{"type":"Polygon","coordinates":[[[108.9663961,34.3071863],[108.9662447,34.3071769],[108.966261,34.3060143],[108.96634,34.3060069],[108.9664659,34.3061222],[108.966469,34.307101],[108.9664598,34.3071286],[108.9663961,34.3071863]]]},"properties":{"osm_id":"1268564666","code":7202,"fclass":"park","name":""}},
{"type":"Feature","geometry":{"type":"Polygon","coordinates":[[[109.1207701,34.3073354],[109.1207509,34.3067286],[109.1215623,34.3067048],[109.1215719,34.3073235],[109.1207701,34.3073354]]]},"properties":{"osm_id":"245780091","code":7202,"fclass":"park","name":"向阳二区公园"}},
{"type":"Feature","geometry":{"type":"Polygon","coordinates":[[[108.6511974,34.2974655],[108.6506975,34.2967475],[108.6507511,34.2963132],[108.6511481,34.2960739],[108.6526716,34.2957194],[108.657006,34.2952939],[108.6621666,34.2945582],[108.6630034,34.2965525],[108.6642909,34.2978555],[108.6668444,34.2996724],[108.6680567,34.3008689],[108.6692433,34.3025883],[108.6685245,34.3031201],[108.6681704,34.3039975],[108.6646879,34.3034923],[108.6638725,34.3021984],[108.6640184,34.30125],[108.6635034,34.3004524],[108.662967,34.3005853],[108.6610679,34.2975098],[108.6606324,34.2973148],[108.6524033,34.2976693],[108.6519742,34.2978998],[108.6518133,34.2988127],[108.6516373,34.298919],[108.6511974,34.2974655]]]},"properties":{"osm_id":"763947176","code":7202,"fclass":"park","name":""}},
{"type":"Feature","geometry":{"type":"Polygon","coordinates":[[[108.9317036,34.3001827],[108.9317035,34.3000009],[108.9317482,34.2999621],[108.9320106,34.299963],[108.9320404,34.2999905],[108.9320404,34.3001827],[108.9317036,34.3001827]]]},"properties":{"osm_id":"810223791","code":7202,"fclass":"park","name":""}},
{"type":"Feature","geometry":{"type":"Polygon","coordinates":[[[108.8436261,34.3124788],[108.8435457,34.3115621],[108.8438376,34.3104155],[108.843882,34.3098677],[108.8439674,34.3044837],[108.8441664,34.3030972],[108.8441821,34.3024541],[108.8441402,34.3005299],[108.8441952,34.2947125],[108.8561615,34.2948536],[108.8561809,34.2942597],[108.8611135,34.2942884],[108.8611364,34.2935818],[108.8611798,34.2922503],[108.861382,34.2922542],[108.8614099,34.2900268],[108.8620345,34.2898295],[108.8620243,34.294288],[108.8668677,34.2942428],[108.8668595,34.2949971],[108.8707695,34.2950369],[108.8705875,34.3007321],[108.8701558,34.3150132],[108.8473785,34.3151284],[108.8473785,34.314455],[108.8445568,34.3145081],[108.8445935,34.3124413],[108.8436261,34.3124788]]]},"properties":{"osm_id":"821525318","code":7202,"fclass":"park","name":"未央宫国家考古遗址公园"}},
{"type":"Feature","geometry":{"type":"Polygon","coordinates":[[[108.7211268,34.303495],[108.7204684,34.3034062],[108.7207224,34.3021208],[108.7221282,34.3023103],[108.7218983,34.3034746],[108.7211507,34.3033739],[108.7211268,34.303495]]]},"properties":{"osm_id":"1019369973","code":7202,"fclass":"park","name":""}},
{"type":"Feature","geometry":{"type":"Polygon","coordinates":[[[108.6943842,34.3183444],[108.6931568,34.3184381],[108.6923253,34.3181944],[108.6913758,34.3177691],[108.6903781,34.3173615],[108.6888921,34.3167235],[108.6874062,34.3159969],[108.6859685,34.3152569],[108.6850941,34.3147252],[108.6839461,34.3140828],[108.6825406,34.3133561],[108.6814485,34.312714],[108.6808608,34.3118011],[108.6804814,34.3115191],[108.6801547,34.3113537],[108.6795786,34.3108737],[108.6789891,34.3103403],[108.6784226,34.3097155],[108.6783808,34.3093461],[108.6774926,34.3083079],[108.6768368,34.3074322],[108.6761167,34.3065186],[108.6755452,34.3055202],[108.674644,34.3041323],[108.6739723,34.3030955],[108.6730217,34.3015935],[108.6720666,34.2998883],[108.6713545,34.2983906],[108.6711659,34.2981067],[108.6700603,34.2964418],[108.6694264,34.2952623],[108.66904,34.2938782],[108.66861,34.29165],[108.6685406,34.2895588],[108.6686012,34.2886217],[108.6697068,34.2890597],[108.6699524,34.291297],[108.6702438,34.2924833],[108.6709983,34.2942085],[108.6716257,34.295367],[108.6734585,34.2979908],[108.6755363,34.3008774],[108.6768778,34.3027641],[108.6774579,34.3035101],[108.6788996,34.3051144],[108.6795711,34.3057064],[108.6801316,34.3060643],[108.690944,34.3151442],[108.6937748,34.3175017],[108.6943842,34.3183444]]]},"properties":{"osm_id":"256012786","code":7202,"fclass":"park","name":"滨河南路"}},
{"type":"Feature","geometry":{"type":"Polygon","coordinates":[[[108.7269087,34.3058578],[108.7244146,34.3054138],[108.7244327,34.3052428],[108.7246798,34.3041309],[108.7247325,34.3040678],[108.7267307,34.3043723],[108.7265036,34.3053101],[108.7271685,34.3054151],[108.7270722,34.3057783],[108.7269087,34.3058578]]]},"properties":{"osm_id":"1019369952","code":7202,"fclass":"park","name":"白马河公园"}},
{"type":"Feature","geometry":{"type":"Polygon","coordinates":[[[108.4145807,34.3069562],[108.4145765,34.3062617],[108.4164447,34.3062541],[108.4164489,34.3069486],[108.4145807,34.3069562]]]},"properties":{"osm_id":"394767381","code":7202,"fclass":"park","name":"陕柴广场"}},
{"type":"Feature","geometry":{"type":"Polygon","coordinates":[[[108.8244582,34.3133998],[108.824349,34.3127155],[108.8244431,34.3121139],[108.8244977,34.3118332],[108.8248709,34.3114271],[108.8248801,34.3110186],[108.8249772,34.3108181],[108.8250136,34.3107679],[108.825399,34.3107579],[108.8255021,34.3106025],[108.8255477,34.3103694],[108.8255901,34.309843],[108.8274837,34.3098305],[108.8274746,34.3107504],[108.8274503,34.3125826],[108.8275704,34.3126228],[108.8289802,34.312644],[108.8296883,34.3126529],[108.8300509,34.3126582],[108.8300466,34.3129648],[108.8300466,34.3138333],[108.8300552,34.3140849],[108.8285875,34.3140566],[108.8282806,34.3140619],[108.827579,34.3139946],[108.8264525,34.313851],[108.8251307,34.3136791],[108.8247058,34.3136064],[108.8245614,34.3135501],[108.8244582,34.3133998]]]},"properties":{"osm_id":"1287974283","code":7202,"fclass":"park","name":"汉太液池遗址"}},
{"type":"Feature","geometry":{"type":"Polygon","coordinates":[[[108.7783864,34.313235],[108.7782365,34.3131213],[108.7783169,34.3130903],[108.778376,34.313077],[108.7784401,34.3130489],[108.7785423,34.3130593],[108.7786066,34.3130992],[108.7786439,34.3131286],[108.7783864,34.313235]]]},"properties":{"osm_id":"154659592","code":7202,"fclass":"park","name":""}},
{"type":"Feature","geometry":{"type":"Polygon","coordinates":[[[108.7771449,34.3138947],[108.7770075,34.3137812],[108.7784581,34.3132602],[108.7785182,34.3133328],[108.7785611,34.3134551],[108.7785096,34.3134463],[108.7783723,34.3134285],[108.7782263,34.3134161],[108.7781062,34.3134569],[108.7777886,34.313581],[108.7775139,34.3136908],[108.7775826,34.3138167],[108.7775654,34.3138681],[108.7775139,34.3138007],[108.7774539,34.3137617],[108.7772221,34.3137458],[108.7771792,34.3137688],[108.7771706,34.3137936],[108.7771449,34.3138947]]]},"properties":{"osm_id":"153194376","code":7202,"fclass":"park","name":""}},
{"type":"Feature","geometry":{"type":"Polygon","coordinates":[[[109.1199253,34.3090908],[109.1199172,34.3087336],[109.1200228,34.308732],[109.1200212,34.3086608],[109.120636,34.3086512],[109.1206458,34.3090796],[109.1199253,34.3090908]]]},"properties":{"osm_id":"246767567","code":7202,"fclass":"park","name":""}},
{"type":"Feature","geometry":{"type":"Polygon","coordinates":[[[109.1185773,34.3091515],[109.1185761,34.3090878],[109.1192792,34.3090785],[109.1192805,34.3091423],[109.1185773,34.3091515]]]},"properties":{"osm_id":"246764337","code":7202,"fclass":"park","name":""}},
{"type":"Feature","geometry":{"type":"Polygon","coordinates":[[[109.1177376,34.3091713],[109.1177373,34.3090969],[109.1184726,34.3090953],[109.1184729,34.3091697],[109.1177376,34.3091713]]]},"properties":{"osm_id":"246764338","code":7202,"fclass":"park","name":""}},
{"type":"Feature","geometry":{"type":"Polygon","coordinates":[[[109.0279699,34.3120024],[109.0261165,34.3121295],[109.02714,34.3110961],[109.0280142,34.3109915],[109.02835,34.3109758],[109.0292559,34.310149],[109.0292306,34.3096676],[109.0286794,34.3091129],[109.028577,34.308439],[109.0289425,34.3078348],[109.030082,34.3069434],[109.030395,34.3062797],[109.0307838,34.3063136],[109.0307406,34.3067086],[109.0305774,34.3077786],[109.0304971,34.3085744],[109.03042,34.3088263],[109.0300386,34.3097487],[109.0296093,34.3102314],[109.0290202,34.3108214],[109.0287151,34.311045],[109.0282662,34.3118481],[109.0279699,34.3120024]]]},"properties":{"osm_id":"289555469","code":7202,"fclass":"park","name":""}},
{"type":"Feature","geometry":{"type":"Polygon","coordinates":[[[108.9644741,34.3111918],[108.9644718,34.3111745],[108.9644805,34.3111507],[108.9645086,34.3111319],[108.9645088,34.311113],[108.964512,34.3108556],[108.9647604,34.3108487],[108.9647578,34.3107381],[108.9651267,34.3104668],[108.9651943,34.3104647],[108.9657029,34.3101396],[108.9662268,34.3098047],[108.9662409,34.3097308],[108.9662519,34.3075642],[108.9663476,34.3075673],[108.9664758,34.307698],[108.9664412,34.3099934],[108.9663419,34.3099934],[108.9663216,34.3100054],[108.9663269,34.3102194],[108.9664444,34.3102181],[108.9664444,34.3103417],[108.9664331,34.3103802],[108.9664187,34.3104082],[108.9663875,34.3104427],[108.9663554,34.3104666],[108.9663173,34.310479],[108.9662668,34.3104813],[108.9657768,34.310476],[108.9657027,34.3104796],[108.9656191,34.3104885],[108.9654866,34.3105208],[108.9653948,34.3105585],[108.9652972,34.3106156],[108.965213,34.3106843],[108.9649151,34.3109779],[108.964829,34.311045],[108.9647563,34.3110875],[108.9646688,34.3111255],[108.9645975,34.3111553],[108.9645204,34.3111791],[108.9644741,34.3111918]]]},"properties":{"osm_id":"1268564628","code":7202,"fclass":"park","name":""}},
{"type":"Feature","geometry":{"type":"Polygon","coordinates":[[[109.1201503,34.3096623],[109.1198718,34.309662],[109.1198722,34.3094257],[109.1201507,34.309426],[109.1201503,34.3096623]]]},"properties":{"osm_id":"246765365","code":7202,"fclass":"park","name":""}},
{"type":"Feature","geometry":{"type":"Polygon","coordinates":[[[109.1186931,34.3097017],[109.1186898,34.3094381],[109.1194489,34.3094317],[109.1194521,34.3096953],[109.1186931,34.3097017]]]},"properties":{"osm_id":"246764796","code":7202,"fclass":"park","name":""}},
{"type":"Feature","geometry":{"type":"Polygon","coordinates":[[[109.119511,34.3098143],[109.1195098,34.3096241],[109.1198131,34.3096228],[109.1198143,34.309813],[109.119511,34.3098143]]]},"properties":{"osm_id":"246765363","code":7202,"fclass":"park","name":""}},
{"type":"Feature","geometry":{"type":"Polygon","coordinates":[[[108.9672403,34.310422],[108.9672061,34.3103631],[108.9672109,34.3096841],[108.9695777,34.3111534],[108.9696538,34.3112128],[108.9692848,34.3112199],[108.9691496,34.3111995],[108.9690187,34.3111605],[108.9688995,34.3111011],[108.9687622,34.3110115],[108.9684025,34.3106732],[108.9683062,34.3106024],[108.9681355,34.3105185],[108.9680118,34.3104953],[108.9673875,34.3104821],[108.9673146,34.3104671],[108.9672403,34.310422]]]},"properties":{"osm_id":"1268564637","code":7202,"fclass":"park","name":""}},
{"type":"Feature","geometry":{"type":"Polygon","coordinates":[[[108.9638578,34.3119763],[108.9638489,34.311823],[108.9638591,34.3117972],[108.9638821,34.3117703],[108.9639102,34.3117614],[108.9643051,34.3117693],[108.9644199,34.3117809],[108.9644971,34.3117946],[108.9645915,34.3118204],[108.9646732,34.3118546],[108.9647414,34.3118847],[108.9648205,34.3119363],[108.9648862,34.3119969],[108.9649354,34.3120412],[108.9649953,34.3120949],[108.9651484,34.3122572],[108.9652505,34.3123441],[108.9654081,34.3124285],[108.9655203,34.3124685],[108.9656122,34.3124927],[108.9657111,34.3125064],[108.9662661,34.3125022],[108.9663446,34.3125122],[108.9663943,34.3125381],[108.9664249,34.312566],[108.9664498,34.312606],[108.9664568,34.3126455],[108.9664527,34.3133318],[108.9664194,34.3133158],[108.9663808,34.3132875],[108.9663379,34.3132507],[108.9663014,34.3132131],[108.966266,34.3131687],[108.9662429,34.3131204],[108.9662134,34.3130846],[108.9661651,34.3130482],[108.9660954,34.3130146],[108.9659436,34.3129733],[108.9658427,34.3129335],[108.9657939,34.3129047],[108.9657038,34.3128502],[108.9649238,34.3123614],[108.9648626,34.3123158],[108.9648283,34.3122711],[108.9648039,34.3122169],[108.9647834,34.3121837],[108.9647386,34.3121392],[108.9646051,34.3120577],[108.964486,34.3120045],[108.9643661,34.31198],[108.9638578,34.3119763]]]},"properties":{"osm_id":"1268564629","code":7202,"fclass":"park","name":""}},
{"type":"Feature","geometry":{"type":"Polygon","coordinates":[[[108.7786555,34.3138273],[108.7785353,34.3135969],[108.778604,34.3134977],[108.7787327,34.3136838],[108.7788272,34.3136979],[108.7789387,34.3138504],[108.7786555,34.3138273]]]},"properties":{"osm_id":"153194392","code":7202,"fclass":"park","name":""}},
{"type":"Feature","geometry":{"type":"Polygon","coordinates":[[[108.7775998,34.3139035],[108.7775998,34.3138167],[108.7776737,34.3137961],[108.7778487,34.3137476],[108.7779501,34.3137125],[108.7782147,34.3136211],[108.7782693,34.3136022],[108.7784667,34.3136129],[108.7784924,34.3136749],[108.7779259,34.3138929],[108.7775998,34.3139035]]]},"properties":{"osm_id":"153194365","code":7202,"fclass":"park","name":""}},
{"type":"Feature","geometry":{"type":"Polygon","coordinates":[[[108.7746568,34.3145798],[108.7746067,34.3143842],[108.7781987,34.3131348],[108.7783532,34.3132544],[108.7772926,34.3136347],[108.7746568,34.3145798]]]},"properties":{"osm_id":"154659206","code":7202,"fclass":"park","name":""}},
{"type":"Feature","geometry":{"type":"Polygon","coordinates":[[[108.777205,34.3140648],[108.7771964,34.3139443],[108.7775569,34.3139319],[108.7775311,34.3140489],[108.777205,34.3140648]]]},"properties":{"osm_id":"153194382","code":7202,"fclass":"park","name":""}},
{"type":"Feature","geometry":{"type":"Polygon","coordinates":[[[108.7760634,34.3142048],[108.7760548,34.3141304],[108.776999,34.3137954],[108.7771363,34.3139195],[108.777102,34.3139886],[108.7767758,34.3139496],[108.7767071,34.3139886],[108.7760634,34.3142048]]]},"properties":{"osm_id":"153194391","code":7202,"fclass":"park","name":""}},
{"type":"Feature","geometry":{"type":"Polygon","coordinates":[[[108.7791705,34.3140719],[108.7790332,34.3141339],[108.7790503,34.3139957],[108.7791705,34.3140719]]]},"properties":{"osm_id":"153194397","code":7202,"fclass":"park","name":""}},
{"type":"Feature","geometry":{"type":"Polygon","coordinates":[[[108.7780032,34.3142296],[108.7780032,34.3141871],[108.7786727,34.3139142],[108.7786898,34.3139531],[108.7780032,34.3142296]]]},"properties":{"osm_id":"153194383","code":7202,"fclass":"park","name":""}},
{"type":"Feature","geometry":{"type":"Polygon","coordinates":[[[108.7790932,34.3143501],[108.779016,34.3142137],[108.779222,34.3141091],[108.7793164,34.3142544],[108.7790932,34.3143501]]]},"properties":{"osm_id":"153194388","code":7202,"fclass":"park","name":""}},
{"type":"Feature","geometry":{"type":"Polygon","coordinates":[[[108.7780718,34.3144139],[108.7780633,34.3143767],[108.7783275,34.3142828],[108.7787413,34.3141357],[108.7789731,34.3141304],[108.7789731,34.3141818],[108.7783723,34.3144033],[108.7780718,34.3144139]]]},"properties":{"osm_id":"153194369","code":7202,"fclass":"park","name":""}},
{"type":"Feature","geometry":{"type":"Polygon","coordinates":[[[108.7766127,34.3144423],[108.7761321,34.3144671],[108.7761407,34.3143466],[108.7765698,34.314258],[108.7768616,34.3141835],[108.7770676,34.3141782],[108.7771449,34.3142332],[108.7770419,34.3142739],[108.7766127,34.3144423]]]},"properties":{"osm_id":"153194379","code":7202,"fclass":"park","name":""}},
{"type":"Feature","geometry":{"type":"Polygon","coordinates":[[[109.9316022,33.8675338],[109.9303698,33.866316],[109.9305423,33.8661114],[109.9311585,33.865569],[109.9305423,33.8644229],[109.9306902,33.8644126],[109.9318363,33.8637679],[109.932354,33.8633688],[109.9320459,33.8624375],[109.9327976,33.8623045],[109.9331797,33.8629902],[109.9333522,33.8632562],[109.9339931,33.8641363],[109.9343298,33.8640353],[109.9344368,33.8640033],[109.9346451,33.8643258],[109.9347079,33.8644229],[109.9345723,33.8644843],[109.9352009,33.8653541],[109.9341573,33.8658448],[109.9328716,33.8668789],[109.9316022,33.8675338]]]},"properties":{"osm_id":"315277450","code":7202,"fclass":"park","name":"莲湖公园"}},
{"type":"Feature","geometry":{"type":"Polygon","coordinates":[[[109.9249861,33.8653994],[109.9247789,33.8649227],[109.9254379,33.8646914],[109.9256451,33.8651878],[109.9249861,33.8653994]]]},"properties":{"osm_id":"402349153","code":7202,"fclass":"park","name":""}},
{"type":"Feature","geometry":{"type":"Polygon","coordinates":[[[109.8710806,33.866978],[109.8703556,33.8668946],[109.8704114,33.8653665],[109.8725863,33.8656444],[109.8721178,33.8666909],[109.8710806,33.866978]]]},"properties":{"osm_id":"1094314232","code":7202,"fclass":"park","name":""}},
{"type":"Feature","geometry":{"type":"Polygon","coordinates":[[[109.8962868,33.8749011],[109.8953049,33.874685],[109.8954042,33.8742239],[109.8961722,33.8744737],[109.8962197,33.8744133],[109.8965063,33.8745433],[109.8964819,33.8748032],[109.8963986,33.874869],[109.8962868,33.8749011]]]},"properties":{"osm_id":"1263438206","code":7202,"fclass":"park","name":""}},
{"type":"Feature","geometry":{"type":"Polygon","coordinates":[[[109.9120492,33.8858775],[109.911327,33.884516],[109.9134035,33.8830919],[109.9140355,33.8854153],[109.9120492,33.8858775]]]},"properties":{"osm_id":"1093992648","code":7202,"fclass":"park","name":""}},
{"type":"Feature","geometry":{"type":"Polygon","coordinates":[[[110.0804559,34.0757089],[110.0793294,34.0757644],[110.079664,34.0750161],[110.084973,34.0742955],[110.0863338,34.0745079],[110.0878395,34.074702],[110.0866684,34.075441],[110.0841588,34.0751362],[110.0823185,34.0753394],[110.0821401,34.0751824],[110.0804559,34.0757089]]]},"properties":{"osm_id":"1094314330","code":7202,"fclass":"park","name":""}},
{"type":"Feature","geometry":{"type":"Polygon","coordinates":[[[110.0926376,34.0757328],[110.0918344,34.0750032],[110.0931558,34.0745739],[110.0926376,34.0757328]]]},"properties":{"osm_id":"1094314276","code":7202,"fclass":"park","name":""}},
{"type":"Feature","geometry":{"type":"Polygon","coordinates":[[[110.0496943,34.0720198],[110.0496067,34.0717334],[110.0549564,34.0711218],[110.0555112,34.0710369],[110.0563953,34.0739576],[110.055673,34.0759643],[110.0558837,34.0778338],[110.0581558,34.078083],[110.0589834,34.0777839],[110.059194,34.0769613],[110.0587878,34.0766622],[110.0586072,34.0752912],[110.0616768,34.0749672],[110.061421,34.0771233],[110.0606837,34.0777216],[110.0616166,34.0800522],[110.0618122,34.0824201],[110.0612705,34.0824201],[110.0602172,34.0831928],[110.0592241,34.0833673],[110.0586523,34.0805881],[110.0581106,34.080127],[110.0559288,34.0806379],[110.0557181,34.0834919],[110.0571928,34.0836165],[110.0570573,34.0844764],[110.0576743,34.0846384],[110.0567413,34.086246],[110.0561244,34.0865451],[110.0548604,34.0861962],[110.0545595,34.0854983],[110.0535664,34.0850746],[110.0536868,34.0840153],[110.0526786,34.083791],[110.0526184,34.0827441],[110.0532354,34.0810243],[110.0522874,34.0789928],[110.0534159,34.0775845],[110.0532203,34.0764005],[110.0522874,34.0755031],[110.0516554,34.075366],[110.0508729,34.0735089],[110.0510234,34.0730851],[110.0508729,34.0725616],[110.0499585,34.0723091],[110.0496943,34.0720198]]]},"properties":{"osm_id":"1094334418","code":7202,"fclass":"park","name":""}},
{"type":"Feature","geometry":{"type":"Polygon","coordinates":[[[110.0855758,34.5379044],[110.0829465,34.535848],[110.0855222,34.5347617],[110.0866684,34.5342439],[110.0871244,34.5339901],[110.0909818,34.5328631],[110.0920047,34.5323555],[110.0926333,34.5328631],[110.0911913,34.5342845],[110.0909079,34.5348835],[110.0961434,34.5355839],[110.0962078,34.5379082],[110.0958932,34.5393097],[110.0940513,34.5431136],[110.0925707,34.5426099],[110.0906298,34.5418809],[110.0855758,34.5379044]]]},"properties":{"osm_id":"363847583","code":7202,"fclass":"park","name":""}},
{"type":"Feature","geometry":{"type":"Polygon","coordinates":[[[110.0927387,34.5430955],[110.0926931,34.5428768],[110.0927709,34.5427221],[110.0930069,34.5425852],[110.093259,34.542594],[110.09342,34.5426912],[110.0935353,34.5428481],[110.0935246,34.5430248],[110.0934334,34.5431729],[110.0932644,34.5432679],[110.0931008,34.5432833],[110.0929747,34.5432767],[110.092854,34.5432126],[110.0927387,34.5430955]]]},"properties":{"osm_id":"1312754432","code":7202,"fclass":"park","name":"宝莲灯"}},
{"type":"Feature","geometry":{"type":"Polygon","coordinates":[[[109.2018208,34.4669934],[109.201806,34.4652152],[109.2031059,34.46515],[109.2032167,34.4669472],[109.2018208,34.4669934]]]},"properties":{"osm_id":"1091085099","code":7202,"fclass":"park","name":""}},
{"type":"Feature","geometry":{"type":"Polygon","coordinates":[[[109.183867,34.4689954],[109.1808554,34.4689671],[109.1809317,34.4634013],[109.1839446,34.4634296],[109.183867,34.4689954]]]},"properties":{"osm_id":"1091085093","code":7202,"fclass":"park","name":"马陵冢遗址公园"}},
{"type":"Feature","geometry":{"type":"Polygon","coordinates":[[[108.9764977,34.4657752],[108.9758343,34.4648488],[108.9768646,34.4642675],[108.9773231,34.4639668],[108.9779072,34.4636538],[108.9788808,34.4632392],[108.9801404,34.4628003],[108.980621,34.4626783],[108.9807467,34.4626824],[108.9808083,34.4627312],[108.9808256,34.4628308],[108.9806315,34.4674652],[108.9796405,34.4674489],[108.9792441,34.4695661],[108.9797226,34.4711954],[108.9787826,34.4713261],[108.9784542,34.4702687],[108.9780861,34.4693397],[108.9776926,34.468441],[108.977013,34.4671828],[108.9764071,34.4662234],[108.976359,34.4661347],[108.9764977,34.4660506],[108.976543,34.4659293],[108.9764977,34.4657752]]]},"properties":{"osm_id":"1334821013","code":7202,"fclass":"park","name":"泾渭体育运动中心"}},
{"type":"Feature","geometry":{"type":"Polygon","coordinates":[[[109.4342525,34.4809842],[109.434216,34.4809418],[109.4342289,34.4804235],[109.4342482,34.4803704],[109.4351432,34.4803921],[109.4351628,34.4798427],[109.435408,34.4798486],[109.4355585,34.4798517],[109.4361377,34.479867],[109.436312,34.4798706],[109.4366087,34.4798833],[109.4365821,34.4804269],[109.4374381,34.4804553],[109.4374101,34.4809682],[109.4373867,34.4810351],[109.437356,34.4810797],[109.4361612,34.4810543],[109.4354503,34.4810396],[109.4342525,34.4809842]]]},"properties":{"osm_id":"1234306579","code":7202,"fclass":"park","name":"渭南西站站前广场"}},
{"type":"Feature","geometry":{"type":"Polygon","coordinates":[[[109.5098816,34.4858161],[109.5096409,34.484795],[109.5097541,34.4842816],[109.5098603,34.4843166],[109.5101345,34.4836108],[109.5100668,34.4835803],[109.5103009,34.4830775],[109.5107631,34.4822241],[109.5109171,34.48196],[109.5113177,34.4810711],[109.511256,34.4807663],[109.5124084,34.4793187],[109.512279,34.4792577],[109.5132957,34.4777948],[109.5134991,34.4775357],[109.514904,34.4778405],[109.5132033,34.4801162],[109.5125747,34.4807816],[109.5122728,34.4811321],[109.5118907,34.4819143],[109.511521,34.4827422],[109.5107076,34.4845911],[109.5106583,34.4848806],[109.5107384,34.4853886],[109.5111636,34.4862876],[109.5114594,34.4871206],[109.5111759,34.4871968],[109.5108986,34.4865568],[109.5109233,34.4859371],[109.510455,34.4859219],[109.5104303,34.4858051],[109.5100421,34.4858508],[109.5100298,34.4857848],[109.5098816,34.4858161]]]},"properties":{"osm_id":"897914239","code":7202,"fclass":"park","name":""}},
{"type":"Feature","geometry":{"type":"Polygon","coordinates":[[[109.5115005,34.4849487],[109.5114844,34.4846878],[109.5115435,34.4844004],[109.51267,34.482247],[109.512847,34.4818844],[109.5138233,34.4806241],[109.5144778,34.4798724],[109.5155292,34.4804959],[109.5152985,34.4808054],[109.5153146,34.4809027],[109.5152771,34.4810929],[109.5152878,34.4812432],[109.5152449,34.4813538],[109.5151162,34.481451],[109.5147406,34.4815306],[109.5145851,34.4816279],[109.5144832,34.4818004],[109.514333,34.4823266],[109.5141417,34.4822798],[109.5136463,34.4821585],[109.5135497,34.4823354],[109.5135873,34.4824106],[109.5135444,34.4825079],[109.5132976,34.4829545],[109.5130401,34.4835382],[109.5128416,34.4841661],[109.5127397,34.4851168],[109.512788,34.4862133],[109.5128363,34.486682],[109.512788,34.4867793],[109.5126217,34.4868279],[109.5123428,34.4869031],[109.5124228,34.4870661],[109.5127048,34.4870111],[109.5128122,34.4870226],[109.5128776,34.4870727],[109.5129103,34.4880388],[109.5127702,34.4884622],[109.5124853,34.4888164],[109.5124554,34.4885701],[109.5125627,34.488349],[109.5126056,34.4881854],[109.5125895,34.4879599],[109.5121979,34.4867616],[109.5116507,34.4854793],[109.5115005,34.4849487]]]},"properties":{"osm_id":"897914244","code":7202,"fclass":"park","name":""}},
{"type":"Feature","geometry":{"type":"Polygon","coordinates":[[[109.4545328,34.4887819],[109.4545116,34.4887352],[109.454547,34.4871424],[109.4547168,34.486454],[109.4550071,34.4859347],[109.4574703,34.4857772],[109.4618943,34.4856021],[109.4648035,34.4855905],[109.464938,34.4859697],[109.4647186,34.4859522],[109.4649451,34.4863314],[109.4654335,34.4867574],[109.465929,34.4874867],[109.4659432,34.4878892],[109.4658512,34.4883851],[109.466835,34.4884668],[109.4667926,34.4892661],[109.4643647,34.4890736],[109.4601106,34.4888811],[109.4545328,34.4887819]]]},"properties":{"osm_id":"897914238","code":7202,"fclass":"park","name":"南湖公园"}},
{"type":"Feature","geometry":{"type":"Polygon","coordinates":[[[109.5210273,34.489238],[109.5201945,34.4892123],[109.5202232,34.4885796],[109.5210561,34.4886052],[109.5210273,34.489238]]]},"properties":{"osm_id":"1313203124","code":7202,"fclass":"park","name":""}},
{"type":"Feature","geometry":{"type":"Polygon","coordinates":[[[109.4546377,34.4931696],[109.4546216,34.4900127],[109.4551849,34.4897695],[109.4551902,34.4903443],[109.4551419,34.4904106],[109.4551044,34.4909456],[109.4551956,34.4909589],[109.4552868,34.4960787],[109.4550454,34.4960124],[109.4548684,34.4959373],[109.4547557,34.4958311],[109.4546645,34.495725],[109.4546377,34.4931696]]]},"properties":{"osm_id":"897919165","code":7202,"fclass":"park","name":""}},
{"type":"Feature","geometry":{"type":"Polygon","coordinates":[[[109.4728876,34.4957646],[109.4728841,34.4913952],[109.476843,34.492139],[109.4770468,34.4958457],[109.4729771,34.495884],[109.4729072,34.4958244],[109.4728876,34.4957646]]]},"properties":{"osm_id":"289323064","code":7202,"fclass":"park","name":"朝阳公园"}},
{"type":"Feature","geometry":{"type":"Polygon","coordinates":[[[109.5080109,34.4939074],[109.5077801,34.4924452],[109.5082693,34.4906762],[109.5083863,34.490629],[109.5085761,34.4901148],[109.5090217,34.489334],[109.510588,34.4889963],[109.5114484,34.4893899],[109.5110317,34.4902168],[109.5110413,34.4905675],[109.5107024,34.491405],[109.5105745,34.4923149],[109.510666,34.4931066],[109.5109078,34.4938225],[109.5114023,34.4947479],[109.51148,34.4948888],[109.5105772,34.4951153],[109.5106505,34.4953261],[109.5115384,34.4951096],[109.511678,34.4951294],[109.5127015,34.4969816],[109.5128587,34.4973884],[109.5135663,34.499284],[109.5115344,34.5003023],[109.5112877,34.5002648],[109.5091084,34.4958662],[109.5091528,34.4957502],[109.5094845,34.4956504],[109.509455,34.4954853],[109.5086384,34.4956797],[109.5080109,34.4939074]]]},"properties":{"osm_id":"914034846","code":7202,"fclass":"park","name":"河公园"}},
{"type":"Feature","geometry":{"type":"Polygon","coordinates":[[[109.4549443,34.5002834],[109.4546199,34.5002788],[109.4546255,34.4993106],[109.4546423,34.4981626],[109.4546758,34.4975633],[109.454687,34.4972313],[109.4547933,34.4970562],[109.4549499,34.4968856],[109.4551569,34.4967841],[109.4554142,34.496738],[109.4553583,34.5005231],[109.4553695,34.5013668],[109.4549723,34.501376],[109.4549443,34.5002834]]]},"properties":{"osm_id":"897919176","code":7202,"fclass":"park","name":""}},
{"type":"Feature","geometry":{"type":"Polygon","coordinates":[[[109.7615984,34.5020043],[109.7612748,34.5019346],[109.7625837,34.4993709],[109.7666689,34.5011344],[109.7666389,34.5014057],[109.7659207,34.5030828],[109.7615984,34.5020043]]]},"properties":{"osm_id":"290517488","code":7202,"fclass":"park","name":""}},
{"type":"Feature","geometry":{"type":"Polygon","coordinates":[[[109.4546199,34.5020491],[109.4546031,34.50192],[109.4547429,34.5018785],[109.4552968,34.5018693],[109.4549835,34.5021459],[109.4551177,34.5026668],[109.4549387,34.5027083],[109.4550506,34.5030126],[109.4549499,34.5030448],[109.4552032,34.5037709],[109.4551817,34.5038562],[109.4553015,34.5043256],[109.4551646,34.5043771],[109.4552374,34.5046586],[109.4552266,34.5047198],[109.4553094,34.5049014],[109.4552923,34.5049377],[109.4552296,34.5049903],[109.4552217,34.5050474],[109.4552799,34.5052979],[109.4554043,34.5052718],[109.455431,34.5054559],[109.4548828,34.5055066],[109.4546423,34.5037871],[109.4546087,34.5030633],[109.4546087,34.5021551],[109.4546199,34.5020491]]]},"properties":{"osm_id":"897919177","code":7202,"fclass":"park","name":""}},
{"type":"Feature","geometry":{"type":"Polygon","coordinates":[[[109.4512757,34.5022228],[109.4512695,34.5018505],[109.4540126,34.5018719],[109.4540763,34.5018942],[109.4541277,34.5019275],[109.4541555,34.5019632],[109.4541807,34.5028774],[109.4543014,34.5043797],[109.4545126,34.5059021],[109.4547004,34.5066073],[109.4546657,34.506644],[109.4546124,34.506654],[109.452301,34.5066553],[109.452248,34.5066303],[109.4522106,34.5065745],[109.4522339,34.5060299],[109.4514054,34.506029],[109.4514178,34.5059697],[109.4514757,34.505692],[109.4514712,34.5022279],[109.4512757,34.5022228]]]},"properties":{"osm_id":"897919175","code":7202,"fclass":"park","name":"渭清公园"}},
{"type":"Feature","geometry":{"type":"Polygon","coordinates":[[[109.5203271,34.5069995],[109.5199005,34.506913],[109.5201807,34.5064142],[109.520347,34.5058351],[109.5203953,34.5055301],[109.5204007,34.5049819],[109.5204382,34.5047476],[109.5205294,34.5046636],[109.5243382,34.5045929],[109.5263123,34.504615],[109.5264303,34.5046857],[109.5265376,34.507201],[109.5265,34.5072364],[109.5207657,34.5070219],[109.5203271,34.5069995]]]},"properties":{"osm_id":"914034848","code":7202,"fclass":"park","name":"人和公园"}},
{"type":"Feature","geometry":{"type":"Polygon","coordinates":[[[109.4557611,34.5093973],[109.4549275,34.5057186],[109.4554646,34.505691],[109.4558506,34.5070693],[109.4558785,34.50718],[109.4557275,34.5071754],[109.4556995,34.5074519],[109.4559289,34.5074519],[109.4559401,34.5080328],[109.4561806,34.5080328],[109.4561415,34.5093742],[109.4557611,34.5093973]]]},"properties":{"osm_id":"897919178","code":7202,"fclass":"park","name":""}},
{"type":"Feature","geometry":{"type":"Polygon","coordinates":[[[109.5161145,34.506034],[109.5158624,34.5057246],[109.5165919,34.5052029],[109.5166617,34.5052118],[109.5182334,34.5065203],[109.51914,34.5069225],[109.5194136,34.5069402],[109.5197891,34.5070463],[109.5203524,34.5071568],[109.5266717,34.5074044],[109.5311134,34.5075458],[109.531682,34.5076077],[109.5320951,34.507758],[109.532358,34.5079216],[109.5330607,34.5085449],[109.5336079,34.5089516],[109.5342784,34.5097959],[109.5361452,34.5121519],[109.5365154,34.5125011],[109.5368909,34.5126824],[109.5372288,34.5128017],[109.5375454,34.5128592],[109.5377707,34.5128725],[109.5378404,34.5130006],[109.5356088,34.5146936],[109.5355176,34.5147378],[109.5353513,34.5146538],[109.5353567,34.5145477],[109.5353567,34.5142383],[109.535244,34.5139598],[109.5349597,34.5134515],[109.5343589,34.5126868],[109.5336669,34.5119398],[109.5331251,34.5114491],[109.5327388,34.5111706],[109.5312261,34.5094467],[109.5309364,34.5092124],[109.530577,34.5090621],[109.5303302,34.5089781],[109.5300405,34.5089472],[109.5275568,34.509009],[109.5270257,34.5090532],[109.5258616,34.5093052],[109.5232975,34.5098976],[109.5225089,34.510039],[109.5218812,34.5100523],[109.5215004,34.5100257],[109.5210068,34.5099197],[109.5203363,34.5096633],[109.5195692,34.5092124],[109.5189469,34.5087217],[109.5179009,34.507758],[109.5161145,34.506034]]]},"properties":{"osm_id":"914034847","code":7202,"fclass":"park","name":"河湿地公园"}},
{"type":"Feature","geometry":{"type":"Polygon","coordinates":[[[109.4565442,34.5123889],[109.4558226,34.5096047],[109.4561974,34.5097568],[109.4564268,34.5097891],[109.4565163,34.5101533],[109.4566002,34.5103469],[109.4566841,34.5108447],[109.456617,34.5108862],[109.4566393,34.5110291],[109.45674,34.5115546],[109.4569079,34.5115638],[109.4570253,34.5121262],[109.4568911,34.512163],[109.4569582,34.5124673],[109.4566673,34.5124857],[109.4565722,34.5124488],[109.4565442,34.5123889]]]},"properties":{"osm_id":"897919179","code":7202,"fclass":"park","name":""}},
{"type":"Feature","geometry":{"type":"Polygon","coordinates":[[[108.9894869,34.5123829],[108.9885386,34.5122384],[108.9887085,34.5112221],[108.9944862,34.5120577],[108.9941134,34.5164661],[108.9929513,34.5163622],[108.9920797,34.5150208],[108.9904517,34.5131101],[108.9894869,34.5123829]]]},"properties":{"osm_id":"1137798070","code":7202,"fclass":"park","name":"西安兵器博物馆"}},
{"type":"Feature","geometry":{"type":"Polygon","coordinates":[[[109.4572621,34.515604],[109.4569066,34.5139847],[109.4569879,34.5139504],[109.4572047,34.5139269],[109.4574789,34.5139332],[109.4578586,34.51558],[109.4572621,34.515604]]]},"properties":{"osm_id":"897919189","code":7202,"fclass":"park","name":""}},
{"type":"Feature","geometry":{"type":"Polygon","coordinates":[[[109.4558026,34.5137764],[109.4556845,34.5129857],[109.4561496,34.5129309],[109.457087,34.5169938],[109.4569541,34.5171094],[109.4562972,34.5172067],[109.4559872,34.5153821],[109.4562677,34.515303],[109.4561939,34.5148529],[109.45612,34.5148651],[109.4558026,34.5137764]]]},"properties":{"osm_id":"897919180","code":7202,"fclass":"park","name":""}},
{"type":"Feature","geometry":{"type":"Polygon","coordinates":[[[109.4826427,34.5192736],[109.4817798,34.5159141],[109.483651,34.5155755],[109.483772,34.5160276],[109.4839893,34.516799],[109.4836995,34.5168653],[109.4838621,34.5174804],[109.4841544,34.5174268],[109.4845356,34.5188865],[109.4840166,34.5189974],[109.4829004,34.5192084],[109.4829081,34.5192273],[109.4826427,34.5192736]]]},"properties":{"osm_id":"1072689374","code":7202,"fclass":"park","name":"金水公园"}},
{"type":"Feature","geometry":{"type":"Polygon","coordinates":[[[109.4634219,34.5213422],[109.4621919,34.5170262],[109.4622535,34.5169708],[109.4662924,34.5164362],[109.4663987,34.5165053],[109.467468,34.5205875],[109.4634219,34.5213422]]]},"properties":{"osm_id":"897919188","code":7202,"fclass":"park","name":"渭南市人民公园"}},
{"type":"Feature","geometry":{"type":"Polygon","coordinates":[[[109.4585782,34.5210742],[109.4577704,34.5176422],[109.4577761,34.517599],[109.4577969,34.5175658],[109.4578283,34.5175496],[109.4580329,34.5175142],[109.4581414,34.5180275],[109.4584228,34.5179952],[109.4586183,34.5189293],[109.4590987,34.5210795],[109.4585782,34.5210742]]]},"properties":{"osm_id":"897919181","code":7202,"fclass":"park","name":""}},
{"type":"Feature","geometry":{"type":"Polygon","coordinates":[[[109.4681599,34.5218163],[109.4678264,34.520625],[109.4691832,34.5203835],[109.4692725,34.5206651],[109.4688996,34.5207428],[109.4691308,34.5215846],[109.4695188,34.5215172],[109.4695322,34.5215894],[109.4695257,34.5216176],[109.4695023,34.5216528],[109.4682934,34.5218743],[109.4681599,34.5218163]]]},"properties":{"osm_id":"1073553870","code":7202,"fclass":"park","name":""}},
{"type":"Feature","geometry":{"type":"Polygon","coordinates":[[[109.0964263,34.5270415],[109.0952346,34.5231038],[109.0953895,34.5229418],[109.0952735,34.5225434],[109.0969215,34.522229],[109.0970613,34.5222074],[109.0982151,34.5271676],[109.0964263,34.5270415]]]},"properties":{"osm_id":"1055243810","code":7202,"fclass":"park","name":"昭惠广场"}},
{"type":"Feature","geometry":{"type":"Polygon","coordinates":[[[109.4647034,34.5258074],[109.4643106,34.5244344],[109.4643997,34.5243153],[109.4681414,34.5236136],[109.4682564,34.5236473],[109.4685952,34.5249587],[109.4685057,34.5250613],[109.464803,34.5258658],[109.4647034,34.5258074]]]},"properties":{"osm_id":"897919187","code":7202,"fclass":"park","name":"渭南市民公园"}},
{"type":"Feature","geometry":{"type":"Polygon","coordinates":[[[109.4597195,34.5253281],[109.4593579,34.523972],[109.4597638,34.5239051],[109.4599705,34.5242639],[109.4608268,34.5267207],[109.4603101,34.5268424],[109.4597195,34.5253281]]]},"properties":{"osm_id":"897919182","code":7202,"fclass":"park","name":""}},
{"type":"Feature","geometry":{"type":"Polygon","coordinates":[[[109.461509,34.5308763],[109.4605077,34.5273507],[109.4606139,34.5273231],[109.460709,34.5273784],[109.4610783,34.5272908],[109.4621579,34.5309731],[109.4625551,34.5330469],[109.4622418,34.5331207],[109.4620125,34.5330838],[109.4616768,34.5313556],[109.4621523,34.5313003],[109.462046,34.5307749],[109.461509,34.5308763]]]},"properties":{"osm_id":"897919185","code":7202,"fclass":"park","name":""}},
{"type":"Feature","geometry":{"type":"Polygon","coordinates":[[[110.2284648,34.5452434],[110.2282453,34.544074],[110.2303328,34.5441009],[110.2304075,34.5442279],[110.2306503,34.5442779],[110.2307064,34.5452703],[110.2284648,34.5452434]]]},"properties":{"osm_id":"971823578","code":7202,"fclass":"park","name":""}},
{"type":"Feature","geometry":{"type":"Polygon","coordinates":[[[110.0858737,34.5470004],[110.0846151,34.5467579],[110.0846557,34.5463316],[110.0876601,34.5474435],[110.0885939,34.548129],[110.0894567,34.5495084],[110.0892943,34.5500685],[110.0871424,34.5475689],[110.0858737,34.5470004]]]},"properties":{"osm_id":"1094353392","code":7202,"fclass":"park","name":""}},
{"type":"Feature","geometry":{"type":"Polygon","coordinates":[[[110.0942272,34.5511553],[110.0933036,34.5510466],[110.0933442,34.5499013],[110.0937603,34.5496255],[110.0949174,34.5502274],[110.0942272,34.5511553]]]},"properties":{"osm_id":"1094353391","code":7202,"fclass":"park","name":""}},
{"type":"Feature","geometry":{"type":"Polygon","coordinates":[[[110.073269,34.5460883],[110.0729861,34.5456707],[110.0731158,34.5452337],[110.0756977,34.5456125],[110.0773718,34.5609442],[110.0769002,34.5620413],[110.0751124,34.5621741],[110.0750823,34.5612571],[110.0744202,34.5608234],[110.0739538,34.5599869],[110.0737958,34.5593364],[110.0742171,34.558599],[110.074819,34.5576882],[110.0747437,34.5564428],[110.0741719,34.5555629],[110.0736679,34.5545529],[110.0738108,34.5540572],[110.0750146,34.5532145],[110.0752027,34.5517583],[110.0750898,34.5500853],[110.073415,34.5477528],[110.073269,34.5460883]]]},"properties":{"osm_id":"1094353373","code":7202,"fclass":"park","name":""}},
{"type":"Feature","geometry":{"type":"Polygon","coordinates":[[[110.0776509,34.5601398],[110.0773075,34.556685],[110.0812665,34.5565524],[110.0811914,34.5579353],[110.0807944,34.5581341],[110.0805155,34.5601928],[110.0776509,34.5601398]]]},"properties":{"osm_id":"763332898","code":7202,"fclass":"park","name":"城市文化公园"}},
{"type":"Feature","geometry":{"type":"Polygon","coordinates":[[[109.9477999,34.5678967],[109.9470248,34.5660368],[109.9471028,34.5639978],[109.953538,34.5645249],[109.9535049,34.5676992],[109.9513356,34.5677038],[109.9509285,34.5681401],[109.9477999,34.5678967]]]},"properties":{"osm_id":"1094353414","code":7202,"fclass":"park","name":""}},
{"type":"Feature","geometry":{"type":"Polygon","coordinates":[[[110.0786437,34.5684723],[110.0765923,34.5680549],[110.0768399,34.5670549],[110.0786437,34.5684723]]]},"properties":{"osm_id":"1094353403","code":7202,"fclass":"park","name":""}},
{"type":"Feature","geometry":{"type":"Polygon","coordinates":[[[110.117435,34.590966],[110.1146324,34.5894211],[110.1147564,34.5885567],[110.1160626,34.5886111],[110.117311,34.5886384],[110.1168646,34.590054],[110.1177161,34.590299],[110.117435,34.590966]]]},"properties":{"osm_id":"1094364719","code":7202,"fclass":"park","name":""}},
{"type":"Feature","geometry":{"type":"Polygon","coordinates":[[[110.0746714,34.59651],[110.063251,34.5914374],[110.0641685,34.5880217],[110.0659213,34.5869282],[110.0668387,34.585519],[110.0680848,34.5851357],[110.0738361,34.5859249],[110.0758354,34.5889574],[110.0793272,34.5890363],[110.0827643,34.5875144],[110.0886114,34.5878526],[110.0885703,34.5901974],[110.0903368,34.590468],[110.0904737,34.5981445],[110.0746714,34.59651]]]},"properties":{"osm_id":"1094353337","code":7202,"fclass":"park","name":""}},
{"type":"Feature","geometry":{"type":"Polygon","coordinates":[[[110.2477958,34.5987974],[110.2416615,34.5989233],[110.2416698,34.5986429],[110.2417923,34.5945101],[110.2459953,34.5943871],[110.246126,34.5970319],[110.2483011,34.5970881],[110.248405,34.5987849],[110.2477958,34.5987974]]]},"properties":{"osm_id":"408506035","code":7202,"fclass":"park","name":""}},
{"type":"Feature","geometry":{"type":"Polygon","coordinates":[[[109.0978408,34.5311734],[109.0975718,34.5305378],[109.0998981,34.5300403],[109.1006859,34.5320864],[109.0983774,34.5327825],[109.0978408,34.5311734]]]},"properties":{"osm_id":"378121705","code":7202,"fclass":"park","name":"水景公园"}},
{"type":"Feature","geometry":{"type":"Polygon","coordinates":[[[109.0255484,34.5371689],[109.0252538,34.5371494],[109.0256264,34.5334231],[109.025938,34.5336675],[109.0258489,34.5344311],[109.0258495,34.5350406],[109.025641,34.5371386],[109.0255484,34.5371689]]]},"properties":{"osm_id":"1082246053","code":7202,"fclass":"park","name":""}},
{"type":"Feature","geometry":{"type":"Polygon","coordinates":[[[109.4622698,34.5352313],[109.4620348,34.5335723],[109.4626502,34.5334064],[109.4628796,34.5352589],[109.4630865,34.5373649],[109.4631984,34.539245],[109.4630977,34.5392726],[109.4632208,34.5405583],[109.4627117,34.5404799],[109.462432,34.5365723],[109.4622698,34.5352313]]]},"properties":{"osm_id":"897919186","code":7202,"fclass":"park","name":""}},
{"type":"Feature","geometry":{"type":"Polygon","coordinates":[[[109.0254154,34.5397503],[109.0249964,34.5397236],[109.0252388,34.5372997],[109.0255879,34.5373211],[109.0256308,34.5373529],[109.0256458,34.5374042],[109.0254154,34.5397503]]]},"properties":{"osm_id":"1082246054","code":7202,"fclass":"park","name":""}},
{"type":"Feature","geometry":{"type":"Polygon","coordinates":[[[109.0250211,34.5428741],[109.0246825,34.5428625],[109.0249679,34.5400085],[109.0252123,34.5400266],[109.0252959,34.5400637],[109.0253324,34.5401026],[109.0250555,34.5428423],[109.0250211,34.5428741]]]},"properties":{"osm_id":"1082246055","code":7202,"fclass":"park","name":""}},
{"type":"Feature","geometry":{"type":"Polygon","coordinates":[[[109.0248404,34.5450785],[109.0244661,34.5450531],[109.0244816,34.5448717],[109.0246657,34.5430307],[109.0249887,34.5430484],[109.0250312,34.5430821],[109.0248404,34.5450785]]]},"properties":{"osm_id":"1082246056","code":7202,"fclass":"park","name":""}},
{"type":"Feature","geometry":{"type":"Polygon","coordinates":[[[109.2089008,34.6606129],[109.2064488,34.6603122],[109.2064834,34.6593984],[109.2065728,34.6592178],[109.2089795,34.6592512],[109.2089008,34.6606129]]]},"properties":{"osm_id":"479208657","code":7202,"fclass":"park","name":""}},
{"type":"Feature","geometry":{"type":"Polygon","coordinates":[[[109.2172867,34.6786201],[109.2134887,34.6788848],[109.2135316,34.677032],[109.213832,34.6750556],[109.2174584,34.6756732],[109.2172867,34.6786201]]]},"properties":{"osm_id":"363084555","code":7202,"fclass":"park","name":"阎良公园"}},
{"type":"Feature","geometry":{"type":"Polygon","coordinates":[[[109.2187331,34.7066371],[109.2180793,34.7046254],[109.220737,34.7004693],[109.222824,34.7013236],[109.2237393,34.7002332],[109.2254765,34.7008629],[109.2246396,34.7022961],[109.2233904,34.7032223],[109.2207692,34.7051936],[109.2187331,34.7066371]]]},"properties":{"osm_id":"513484800","code":7202,"fclass":"park","name":""}},
{"type":"Feature","geometry":{"type":"Polygon","coordinates":[[[109.17161,34.7260858],[109.1704331,34.7231073],[109.1729445,34.7224213],[109.1736338,34.7223311],[109.1739288,34.7222755],[109.1767283,34.7213877],[109.1825751,34.7200212],[109.1845178,34.7200212],[109.1857134,34.7204051],[109.1887022,34.7209578],[109.1921019,34.7205279],[109.192239,34.7205112],[109.194493,34.7202362],[109.1943605,34.7224858],[109.1943248,34.7230919],[109.1933722,34.7233837],[109.192681,34.7233683],[109.1914668,34.7232762],[109.1906636,34.723399],[109.1901218,34.7235065],[109.1893186,34.7237982],[109.1888329,34.7240131],[109.1868902,34.723875],[109.1858254,34.7239364],[109.1856114,34.7240493],[109.1845365,34.7241053],[109.1823696,34.7242895],[109.1813796,34.724443],[109.1797545,34.7242741],[109.1799786,34.7249804],[109.1787084,34.72518],[109.1769898,34.7256713],[109.1752899,34.7257941],[109.17161,34.7260858]]]},"properties":{"osm_id":"513462775","code":7202,"fclass":"park","name":""}},
{"type":"Feature","geometry":{"type":"Polygon","coordinates":[[[110.2870523,34.6061184],[110.2869951,34.6053588],[110.2879458,34.6052917],[110.2879394,34.6051142],[110.2890405,34.6048938],[110.2890809,34.6052553],[110.2891183,34.6054772],[110.2891456,34.6056412],[110.2891968,34.6059525],[110.2885397,34.6059514],[110.2881242,34.606066],[110.2874662,34.6061537],[110.2870523,34.6061184]]]},"properties":{"osm_id":"1195138342","code":7202,"fclass":"park","name":"十二生肖广场"}},
{"type":"Feature","geometry":{"type":"Polygon","coordinates":[[[110.2870523,34.6061184],[110.2870568,34.606176],[110.2869999,34.6061935],[110.2862197,34.6062966],[110.2860593,34.6062087],[110.2858287,34.6062065],[110.2858286,34.6061303],[110.2857834,34.6055699],[110.2859839,34.6055117],[110.2869951,34.6053588],[110.2870523,34.6061184]]]},"properties":{"osm_id":"1195141616","code":7202,"fclass":"park","name":"古民居遗址"}},
{"type":"Feature","geometry":{"type":"Polygon","coordinates":[[[110.2210564,34.6147289],[110.2189956,34.6146829],[110.2190576,34.6127955],[110.2211186,34.6128414],[110.2210564,34.6147289]]]},"properties":{"osm_id":"1094353444","code":7202,"fclass":"park","name":""}},
{"type":"Feature","geometry":{"type":"Polygon","coordinates":[[[106.2703523,32.817077],[106.2702276,32.817006],[106.2702571,32.8169553],[106.2703013,32.81697],[106.2708192,32.8171171],[106.2711127,32.8172078],[106.272564,32.8177032],[106.2728105,32.8177826],[106.2727851,32.8178186],[106.2729272,32.8179528],[106.272722,32.8181049],[106.2720381,32.8182897],[106.2719375,32.8182717],[106.2713876,32.8179505],[106.2711114,32.8176428],[106.2707452,32.8173994],[106.2706286,32.8172788],[106.2703523,32.817077]]]},"properties":{"osm_id":"837735887","code":7202,"fclass":"park","name":""}},
{"type":"Feature","geometry":{"type":"Polygon","coordinates":[[[106.2457117,32.8229254],[106.245594,32.8227594],[106.2456954,32.8227021],[106.2460461,32.8231698],[106.2460546,32.8231803],[106.2463623,32.8235561],[106.2464404,32.8236454],[106.2465006,32.8237028],[106.2465656,32.8237524],[106.2466726,32.8238171],[106.2467918,32.8238775],[106.2469245,32.8239352],[106.2470171,32.8239687],[106.2471083,32.8239966],[106.2472343,32.8240252],[106.247734,32.8240912],[106.2482091,32.8241408],[106.2484347,32.8241784],[106.248694,32.8242311],[106.2489486,32.8242884],[106.249238,32.8243599],[106.2494064,32.8244092],[106.2497384,32.8245167],[106.2500547,32.8246269],[106.2512398,32.8250837],[106.2514985,32.8251879],[106.2515661,32.8252186],[106.2522729,32.8255928],[106.2521002,32.825703],[106.2510393,32.8253423],[106.2503191,32.8250335],[106.2497918,32.8247892],[106.2493296,32.8246359],[106.2487578,32.8244928],[106.2484285,32.8244159],[106.2482025,32.8243731],[106.2476357,32.8243335],[106.2473611,32.8242956],[106.2471123,32.8242494],[106.246975,32.8242091],[106.2467928,32.8241408],[106.2465984,32.8240566],[106.2464248,32.8239686],[106.246305,32.8238888],[106.2462037,32.8237656],[106.2460175,32.8234672],[106.2457983,32.8230603],[106.2457117,32.8229254]]]},"properties":{"osm_id":"837737518","code":7202,"fclass":"park","name":""}},
{"type":"Feature","geometry":{"type":"Polygon","coordinates":[[[106.2613776,32.8244793],[106.2610075,32.8238595],[106.2612006,32.822462],[106.2620079,32.8223876],[106.2622976,32.8224147],[106.2625095,32.8224755],[106.2626624,32.8225589],[106.262759,32.8226671],[106.2628958,32.8228655],[106.262995,32.8231653],[106.2630513,32.8233862],[106.2631988,32.8235913],[106.2630647,32.8236859],[106.2630782,32.8242269],[106.2633625,32.8245898],[106.2633651,32.8255297],[106.2629548,32.8260819],[106.2638909,32.8270263],[106.2642208,32.8271863],[106.2642449,32.8275018],[106.2638721,32.827743],[106.2632337,32.8284484],[106.2630755,32.8287302],[106.2629038,32.8291539],[106.2620133,32.8298075],[106.261434,32.8298053],[106.2611604,32.8295889],[106.2611666,32.8289962],[106.2611711,32.8285702],[106.2614071,32.8273846],[106.2612891,32.8273598],[106.2615842,32.8264943],[106.2616163,32.8260954],[106.2615734,32.8254485],[106.2613589,32.8248445],[106.2613776,32.8244793]]]},"properties":{"osm_id":"837736583","code":7202,"fclass":"park","name":"羌族文化博物馆"}},
{"type":"Feature","geometry":{"type":"Polygon","coordinates":[[[106.2581724,32.8293263],[106.2580208,32.829288],[106.2583601,32.8285431],[106.2595215,32.8263873],[106.2595765,32.8263523],[106.259767,32.8264684],[106.2598675,32.8265631],[106.2596744,32.8272787],[106.2593646,32.8283572],[106.2589878,32.8297185],[106.2589368,32.8295269],[106.2588818,32.8294323],[106.2587719,32.829341],[106.2586498,32.8292846],[106.2585331,32.8292576],[106.2584098,32.8292519],[106.2581724,32.8293263]]]},"properties":{"osm_id":"837737405","code":7202,"fclass":"park","name":""}},
{"type":"Feature","geometry":{"type":"Polygon","coordinates":[[[106.2522635,32.8324411],[106.2518893,32.8324591],[106.2518987,32.8318889],[106.252014,32.831179],[106.2523735,32.8302684],[106.2525813,32.8298503],[106.2526906,32.8298915],[106.2527376,32.8297957],[106.2528945,32.8298588],[106.2528214,32.8300289],[106.252588,32.8306775],[106.2525344,32.8310584],[106.252411,32.8318787],[106.2523346,32.8318844],[106.2523332,32.8323374],[106.252297,32.8324129],[106.2522635,32.8324411]]]},"properties":{"osm_id":"837736585","code":7202,"fclass":"park","name":""}},
{"type":"Feature","geometry":{"type":"Polygon","coordinates":[[[106.2519211,32.833076],[106.2518799,32.8326732],[106.2519282,32.8326709],[106.252187,32.8326608],[106.2523584,32.8326859],[106.2523453,32.8329053],[106.2523319,32.8329301],[106.2519211,32.833076]]]},"properties":{"osm_id":"837735374","code":7202,"fclass":"park","name":""}},
{"type":"Feature","geometry":{"type":"Polygon","coordinates":[[[106.2520167,32.8360594],[106.2518504,32.8358735],[106.2518638,32.8358267],[106.2520583,32.8354306],[106.25212,32.8352334],[106.2523748,32.8352864],[106.2524848,32.8349957],[106.2525612,32.8349416],[106.2525988,32.8349258],[106.2526672,32.8349078],[106.2527864,32.8349864],[106.2529216,32.8350648],[106.2530184,32.8351128],[106.2531191,32.8351545],[106.2532592,32.8351949],[106.2534505,32.8352367],[106.253656,32.8352747],[106.2539098,32.8353129],[106.2543315,32.8353438],[106.2543382,32.8353777],[106.2543382,32.8354182],[106.2543304,32.8354451],[106.253909,32.8355444],[106.2520907,32.8361421],[106.2520167,32.8360594]]]},"properties":{"osm_id":"837740306","code":7202,"fclass":"park","name":"三角洲公园"}},
{"type":"Feature","geometry":{"type":"Polygon","coordinates":[[[106.2475361,32.8390083],[106.2474918,32.8389575],[106.2476702,32.8385834],[106.2478097,32.8386375],[106.2481262,32.8388156],[106.2478968,32.8390511],[106.2478472,32.8390646],[106.2477668,32.8390691],[106.2476917,32.8390623],[106.2476031,32.8390454],[106.2475361,32.8390083]]]},"properties":{"osm_id":"837735370","code":7202,"fclass":"park","name":"侯家台子广场"}},
{"type":"Feature","geometry":{"type":"Polygon","coordinates":[[[106.1951472,32.8543685],[106.1948682,32.8538086],[106.1953128,32.8536621],[106.1953504,32.8536711],[106.1952424,32.8541792],[106.1952384,32.8543505],[106.1951472,32.8543685]]]},"properties":{"osm_id":"975145103","code":7202,"fclass":"park","name":""}},
{"type":"Feature","geometry":{"type":"Polygon","coordinates":[[[106.4088897,32.873068],[106.4087784,32.872907],[106.4089032,32.8728833],[106.4089769,32.8728833],[106.4093933,32.8730337],[106.4097092,32.8731841],[106.4098379,32.8733034],[106.4101477,32.8736628],[106.4091969,32.8739286],[106.4093806,32.8733857],[106.4093927,32.8733271],[106.4093028,32.8731728],[106.4089487,32.8730568],[106.4088897,32.873068]]]},"properties":{"osm_id":"837739048","code":7202,"fclass":"park","name":""}},
{"type":"Feature","geometry":{"type":"Polygon","coordinates":[[[106.1886918,33.1149588],[106.1882298,33.1146471],[106.1886415,33.1142203],[106.1890693,33.1144567],[106.1889023,33.114687],[106.1886918,33.1149588]]]},"properties":{"osm_id":"837736713","code":7202,"fclass":"park","name":""}},
{"type":"Feature","geometry":{"type":"Polygon","coordinates":[[[108.7779517,34.3145823],[108.7777457,34.3145805],[108.7777714,34.3141835],[108.7779774,34.3141818],[108.7779517,34.3145823]]]},"properties":{"osm_id":"153194363","code":7202,"fclass":"park","name":""}},
{"type":"Feature","geometry":{"type":"Polygon","coordinates":[[[108.7772393,34.3144565],[108.7772307,34.3143253],[108.7776599,34.3143289],[108.7776599,34.3144547],[108.7772393,34.3144565]]]},"properties":{"osm_id":"153194368","code":7202,"fclass":"park","name":""}},
{"type":"Feature","geometry":{"type":"Polygon","coordinates":[[[108.7747588,34.314818],[108.7747073,34.3146054],[108.775969,34.3141694],[108.7759604,34.3143643],[108.7755913,34.3143626],[108.7755227,34.3143891],[108.7748789,34.3146266],[108.7749476,34.314733],[108.7748532,34.3147684],[108.7748618,34.3148304],[108.7748789,34.3149988],[108.7748103,34.3150183],[108.7747588,34.314818]]]},"properties":{"osm_id":"153194375","code":7202,"fclass":"park","name":""}},
{"type":"Feature","geometry":{"type":"Polygon","coordinates":[[[108.7780633,34.3147613],[108.7780633,34.3145965],[108.778398,34.314616],[108.7783808,34.314694],[108.7780633,34.3147613]]]},"properties":{"osm_id":"153194372","code":7202,"fclass":"park","name":""}},
{"type":"Feature","geometry":{"type":"Polygon","coordinates":[[[108.7772822,34.3147844],[108.7772736,34.3146443],[108.7776255,34.3146532],[108.7776169,34.3147844],[108.7772822,34.3147844]]]},"properties":{"osm_id":"153194395","code":7202,"fclass":"park","name":""}},
{"type":"Feature","geometry":{"type":"Polygon","coordinates":[[[108.7750334,34.3148287],[108.7749991,34.3148056],[108.7756428,34.3146054],[108.7759261,34.3146036],[108.7759089,34.3146621],[108.7754712,34.3148393],[108.7750334,34.3148287]]]},"properties":{"osm_id":"153194394","code":7202,"fclass":"park","name":""}},
{"type":"Feature","geometry":{"type":"Polygon","coordinates":[[[108.777205,34.3149456],[108.7771535,34.3144778],[108.777308,34.3144813],[108.7772736,34.314616],[108.7772908,34.3149173],[108.7772994,34.3149651],[108.7776255,34.314958],[108.7776513,34.3150201],[108.7774453,34.3151122],[108.777205,34.3152221],[108.777205,34.3149456]]]},"properties":{"osm_id":"153194393","code":7202,"fclass":"park","name":""}},
{"type":"Feature","geometry":{"type":"Polygon","coordinates":[[[108.7777285,34.3148783],[108.7777285,34.314818],[108.7779689,34.3148145],[108.7777371,34.3149191],[108.7777285,34.3148783]]]},"properties":{"osm_id":"153194370","code":7202,"fclass":"park","name":""}},
{"type":"Feature","geometry":{"type":"Polygon","coordinates":[[[108.7754781,34.3154235],[108.7752475,34.3154501],[108.7753386,34.3152862],[108.77558,34.3152463],[108.7758697,34.3151178],[108.7760789,34.3150026],[108.7762989,34.3149627],[108.7764759,34.3147899],[108.7766583,34.3147722],[108.7769533,34.3146924],[108.7769641,34.3147811],[108.7767549,34.314883],[108.7765242,34.3149494],[108.7762667,34.3150868],[108.7760789,34.3151931],[108.7759287,34.3152551],[108.7756283,34.3153748],[108.7754781,34.3154235]]]},"properties":{"osm_id":"152774407","code":7202,"fclass":"park","name":""}},
{"type":"Feature","geometry":{"type":"Polygon","coordinates":[[[108.7761578,34.3156085],[108.7761492,34.3155004],[108.777102,34.3151034],[108.7771191,34.3151636],[108.7770333,34.3152469],[108.7761578,34.3156085]]]},"properties":{"osm_id":"153194367","code":7202,"fclass":"park","name":""}},
{"type":"Feature","geometry":{"type":"Polygon","coordinates":[[[108.7760377,34.3154454],[108.7759947,34.3153143],[108.7761063,34.3152788],[108.7761664,34.3153887],[108.7760377,34.3154454]]]},"properties":{"osm_id":"153194378","code":7202,"fclass":"park","name":""}},
{"type":"Feature","geometry":{"type":"Polygon","coordinates":[[[108.7741666,34.315612],[108.7740206,34.3154366],[108.7747502,34.3150927],[108.7749476,34.3157148],[108.7744755,34.3159629],[108.7741666,34.315612]]]},"properties":{"osm_id":"153194387","code":7202,"fclass":"park","name":""}},
{"type":"Feature","geometry":{"type":"Polygon","coordinates":[[[108.7748017,34.3163723],[108.7745185,34.3159966],[108.7746558,34.315908],[108.7748103,34.3158229],[108.7749734,34.3157538],[108.7750678,34.3157644],[108.7755313,34.3157503],[108.775969,34.315573],[108.7759089,34.3157892],[108.7749648,34.3162305],[108.7750249,34.3163847],[108.7748704,34.3164131],[108.7748017,34.3163723]]]},"properties":{"osm_id":"153194373","code":7202,"fclass":"park","name":""}},
{"type":"Feature","geometry":{"type":"Polygon","coordinates":[[[108.8796423,34.2929262],[108.8795681,34.291549],[108.882274,34.2914339],[108.8872935,34.2913605],[108.8873783,34.2916046],[108.8877618,34.2933795],[108.8880862,34.2948031],[108.8882393,34.2952409],[108.8883975,34.2955401],[108.8887241,34.2959412],[108.8895939,34.2968738],[108.8901072,34.2974773],[108.8915192,34.2978228],[108.8953816,34.2979823],[108.8977662,34.2978167],[108.9004389,34.2976652],[108.9003813,34.2980178],[108.9049088,34.2984787],[108.9060498,34.2984989],[108.912321,34.2986905],[108.9129769,34.2987268],[108.9141571,34.2990991],[108.9150368,34.2999145],[108.9154231,34.3006767],[108.9156591,34.3054272],[108.9161526,34.3102305],[108.9164101,34.3106736],[108.9155518,34.3111167],[108.915466,34.3164868],[108.9173757,34.3165754],[108.9164316,34.323487],[108.9156832,34.3287746],[108.915466,34.3303094],[108.9153865,34.3309349],[108.9152887,34.3314701],[108.9152085,34.3328964],[108.9149725,34.3393637],[108.9148652,34.342978],[108.9148094,34.3422388],[108.9143931,34.3367237],[108.9139854,34.3310182],[108.9140283,34.3275273],[108.9141571,34.3233807],[108.9137708,34.3233275],[108.913449,34.3216617],[108.9133693,34.3183173],[108.9133417,34.3171603],[108.9132344,34.3106559],[108.91317,34.3063134],[108.9132988,34.3017403],[108.9132344,34.3014921],[108.904823,34.3014212],[108.9005529,34.3015453],[108.8902961,34.3016339],[108.8863479,34.3014744],[108.8862406,34.2967769],[108.8857257,34.2935683],[108.8856398,34.2931251],[108.8830864,34.2932669],[108.8825499,34.2928415],[108.8796423,34.2929262]]]},"properties":{"osm_id":"283397230","code":7202,"fclass":"park","name":"汉城湖公园"}},
{"type":"Feature","geometry":{"type":"Polygon","coordinates":[[[108.6825213,34.3167129],[108.6818805,34.314728],[108.6823858,34.3148603],[108.6838647,34.3159902],[108.6853682,34.3181379],[108.687907,34.320988],[108.6860707,34.3198072],[108.6844932,34.3186876],[108.6825213,34.3167129]]]},"properties":{"osm_id":"411241448","code":7202,"fclass":"park","name":""}},
{"type":"Feature","geometry":{"type":"Polygon","coordinates":[[[108.9293969,34.3239608],[108.9293384,34.3228643],[108.9306056,34.3219424],[108.9311206,34.3219502],[108.9314304,34.3219732],[108.9318402,34.3219972],[108.9319367,34.3221303],[108.9319965,34.322236],[108.9320535,34.3223494],[108.9320277,34.3226546],[108.9328177,34.3226957],[108.9328025,34.3238774],[108.9294347,34.3240027],[108.9293969,34.3239608]]]},"properties":{"osm_id":"293953546","code":7202,"fclass":"park","name":"文景公园"}},
{"type":"Feature","geometry":{"type":"Polygon","coordinates":[[[108.9402325,34.3236128],[108.9402259,34.3230364],[108.9407983,34.3230328],[108.9407741,34.3235891],[108.9402325,34.3236128]]]},"properties":{"osm_id":"969958544","code":7202,"fclass":"park","name":"街心公园"}},
{"type":"Feature","geometry":{"type":"Polygon","coordinates":[[[108.6919536,34.3237169],[108.6901826,34.3226263],[108.6905146,34.3223839],[108.6911768,34.3222817],[108.6920439,34.3223972],[108.6930921,34.3228333],[108.6931633,34.3227614],[108.6977254,34.3240103],[108.700174,34.3246804],[108.6997238,34.3249549],[108.6986933,34.3248801],[108.6960772,34.3246901],[108.6956569,34.3246463],[108.6919536,34.3237169]]]},"properties":{"osm_id":"290478225","code":7202,"fclass":"park","name":""}},
{"type":"Feature","geometry":{"type":"Polygon","coordinates":[[[108.741085,34.3225527],[108.7410343,34.3215882],[108.7411708,34.3210252],[108.746656,34.3218555],[108.7472099,34.3220842],[108.7473637,34.3225289],[108.7473022,34.322999],[108.7451784,34.3250478],[108.7442412,34.3259841],[108.743456,34.3266328],[108.7431611,34.3262268],[108.7423039,34.3251467],[108.7419057,34.3246893],[108.7415729,34.3241226],[108.7414098,34.3237989],[108.741163,34.3232452],[108.741085,34.3225527]]]},"properties":{"osm_id":"292585511","code":7202,"fclass":"park","name":""}},
{"type":"Feature","geometry":{"type":"Polygon","coordinates":[[[108.3679952,34.3230127],[108.367746,34.3225514],[108.3685968,34.3216215],[108.3698688,34.3219409],[108.370797,34.3222958],[108.3712869,34.3222816],[108.3717768,34.3223526],[108.3722151,34.3232754],[108.3720261,34.3243968],[108.3718886,34.325859],[108.3715018,34.3260506],[108.3713127,34.3249434],[108.37084,34.3248795],[108.3700837,34.3257099],[108.3697743,34.3260861],[108.3697141,34.3243472],[108.3688547,34.3240916],[108.3681843,34.3239852],[108.3679952,34.3230127]]]},"properties":{"osm_id":"302889327","code":7202,"fclass":"park","name":""}},
{"type":"Feature","geometry":{"type":"Polygon","coordinates":[[[108.967211,34.3133697],[108.9672035,34.3126265],[108.9672186,34.312587],[108.9672346,34.3125532],[108.9672748,34.3125356],[108.9673165,34.31252],[108.9673688,34.3125162],[108.9675729,34.3125181],[108.9679204,34.3125106],[108.968016,34.3125018],[108.9681267,34.312473],[108.9682269,34.3124385],[108.9683156,34.3123871],[108.9683922,34.312332],[108.9687829,34.3119598],[108.9688467,34.3119153],[108.9689134,34.3118752],[108.9689916,34.3118338],[108.9690879,34.3118044],[108.9691843,34.3117806],[108.9692897,34.3117599],[108.9694035,34.3117542],[108.9695446,34.3117567],[108.9703124,34.3117411],[108.9703131,34.3118],[108.9709408,34.3117971],[108.9709922,34.3118016],[108.9710319,34.3118172],[108.9710536,34.3118425],[108.9710608,34.3120422],[108.9709156,34.3119402],[108.9693698,34.311938],[108.9679675,34.3128567],[108.9678698,34.3128625],[108.9676527,34.3130372],[108.9672375,34.3133682],[108.967211,34.3133697]]]},"properties":{"osm_id":"1268564630","code":7202,"fclass":"park","name":""}},
{"type":"Feature","geometry":{"type":"Polygon","coordinates":[[[109.0431768,34.320105],[109.0430516,34.3197421],[109.0433633,34.3194948],[109.0437852,34.3190139],[109.0443417,34.3183688],[109.0455254,34.3171101],[109.04624,34.3164811],[109.0471463,34.3157913],[109.047974,34.3151613],[109.0487582,34.3146416],[109.050322,34.3136054],[109.0515451,34.3128932],[109.0516494,34.3128324],[109.0530914,34.3122602],[109.0545996,34.311736],[109.0569443,34.311155],[109.0581564,34.3108547],[109.0595081,34.3102641],[109.0614505,34.3090859],[109.0624598,34.3083683],[109.0640812,34.3075732],[109.0645525,34.3081232],[109.0640188,34.3084593],[109.0622681,34.3093627],[109.0607213,34.3108648],[109.0596451,34.3114564],[109.0564297,34.3121763],[109.0512473,34.3142202],[109.0475684,34.31657],[109.047718,34.316811],[109.0476582,34.3171076],[109.0472317,34.3172621],[109.0468202,34.317157],[109.0446205,34.3190542],[109.0431768,34.320105]]]},"properties":{"osm_id":"289668662","code":7202,"fclass":"park","name":""}},
{"type":"Feature","geometry":{"type":"Polygon","coordinates":[[[109.0297349,34.3157428],[109.0296104,34.3156223],[109.0297585,34.3135699],[109.0298808,34.3134707],[109.0307434,34.3135504],[109.0314773,34.3136267],[109.0321231,34.3137224],[109.0326639,34.3138198],[109.0330286,34.3138996],[109.0330587,34.3139563],[109.0327046,34.3154149],[109.0325459,34.316037],[109.032475,34.3161309],[109.0319965,34.3159945],[109.0314644,34.3159005],[109.0308893,34.3158137],[109.0302992,34.3157623],[109.0297349,34.3157428]]]},"properties":{"osm_id":"1228204776","code":7202,"fclass":"park","name":"灞城市广场"}},
{"type":"Feature","geometry":{"type":"Polygon","coordinates":[[[109.0751724,34.312489],[109.0751596,34.3124677],[109.0753033,34.3119537],[109.0754235,34.3119803],[109.0754771,34.3119803],[109.0768504,34.3117924],[109.077153,34.3134177],[109.08075,34.314989],[109.0808775,34.3150366],[109.0869982,34.3171272],[109.0870212,34.3173064],[109.0870288,34.317574],[109.0870033,34.317867],[109.0869854,34.3179429],[109.0868931,34.318087],[109.0828184,34.3162307],[109.082479,34.3161021],[109.0788733,34.3143823],[109.0789091,34.3143234],[109.0783298,34.3140347],[109.0782737,34.3141148],[109.0766455,34.3133727],[109.0763194,34.3132167],[109.0760318,34.3130536],[109.0756864,34.3128516],[109.0751724,34.312489]]]},"properties":{"osm_id":"1229235683","code":7202,"fclass":"park","name":""}},
{"type":"Feature","geometry":{"type":"Polygon","coordinates":[[[109.0420507,34.3168791],[109.0420443,34.3165707],[109.0420657,34.3161861],[109.0438617,34.3148622],[109.0439111,34.3148693],[109.0439476,34.3150058],[109.0424777,34.3161063],[109.0425571,34.3166487],[109.0426494,34.3170988],[109.0428017,34.3175933],[109.0431193,34.3184103],[109.0433811,34.3188905],[109.0434219,34.3191174],[109.0434262,34.3192025],[109.043188,34.3194116],[109.0429863,34.319486],[109.0424069,34.3181054],[109.0421988,34.3176163],[109.0421022,34.3172424],[109.0420507,34.3168791]]]},"properties":{"osm_id":"1268576026","code":7202,"fclass":"park","name":""}},
{"type":"Feature","geometry":{"type":"Polygon","coordinates":[[[109.0197825,34.3287088],[109.0185376,34.3277806],[109.0203678,34.3265638],[109.0210601,34.3258751],[109.0215359,34.3250487],[109.0217245,34.3246046],[109.0218443,34.3242448],[109.0219946,34.3233706],[109.0220147,34.3232598],[109.021984,34.3227812],[109.0218642,34.3216882],[109.021595,34.3200298],[109.0215276,34.3190504],[109.0215603,34.3186545],[109.0215704,34.3185327],[109.0216032,34.3181353],[109.021769,34.3167133],[109.021906,34.3161902],[109.023727,34.3140168],[109.0245679,34.3128113],[109.0258345,34.3127245],[109.0249428,34.314398],[109.0246554,34.3147883],[109.0239714,34.3158278],[109.0236638,34.3160682],[109.0236022,34.3165344],[109.0232672,34.3173138],[109.0231331,34.3179544],[109.0230045,34.3190005],[109.0230495,34.3199612],[109.0231746,34.3215417],[109.0232886,34.3231192],[109.0231996,34.3243558],[109.0228964,34.3252385],[109.0226073,34.3258686],[109.0213904,34.3276675],[109.0200815,34.3285623],[109.0197825,34.3287088]]]},"properties":{"osm_id":"289555470","code":7202,"fclass":"park","name":""}},
{"type":"Feature","geometry":{"type":"Polygon","coordinates":[[[109.0455673,34.3254373],[109.0449084,34.323763],[109.0476707,34.3222248],[109.0480128,34.3220364],[109.0484562,34.3211993],[109.0494446,34.3205086],[109.049812,34.3204458],[109.0505216,34.3204563],[109.0523329,34.3192486],[109.0529947,34.3189252],[109.0538661,34.3184469],[109.0549305,34.3175086],[109.056348,34.3168617],[109.057462,34.3159416],[109.0579198,34.3156819],[109.0584437,34.3154678],[109.0595192,34.3148119],[109.0596305,34.3147608],[109.0599163,34.3146297],[109.0603961,34.3144338],[109.0609201,34.314165],[109.0615157,34.3137368],[109.0623428,34.3131234],[109.0625014,34.3130557],[109.0629718,34.312803],[109.063611,34.3124189],[109.063799,34.3124977],[109.0639038,34.3123155],[109.0644388,34.3119648],[109.0660344,34.3135996],[109.066216,34.3134871],[109.0670337,34.3141474],[109.0670882,34.3146651],[109.0661979,34.3149878],[109.0665794,34.3156406],[109.0668611,34.3164659],[109.0676696,34.3162783],[109.0680239,34.3173888],[109.0673425,34.3175239],[109.0674606,34.3179816],[109.0682419,34.317794],[109.0683691,34.3182142],[109.0679875,34.3187019],[109.0692594,34.3184318],[109.0692866,34.3185368],[109.0694411,34.3184918],[109.069432,34.3184018],[109.0696319,34.3183492],[109.0697954,34.319047],[109.0690141,34.3196248],[109.0679512,34.3202175],[109.0671245,34.3206827],[109.0664977,34.3211554],[109.0657255,34.3219056],[109.0648897,34.323001],[109.0640721,34.3244641],[109.062564,34.3273375],[109.0618918,34.3283878],[109.0611923,34.3293106],[109.0604382,34.3302033],[109.0596115,34.3312461],[109.0591301,34.3318238],[109.0585305,34.3325439],[109.05794,34.3332266],[109.0572405,34.3337667],[109.0565046,34.3342243],[109.0554962,34.3346594],[109.0548785,34.3348845],[109.0541971,34.3350195],[109.0535612,34.335132],[109.0512616,34.3353911],[109.0509324,34.3351317],[109.0504984,34.3342049],[109.0500795,34.3336365],[109.0493612,34.3327221],[109.0485332,34.3314101],[109.0484816,34.3313284],[109.0484007,34.3311968],[109.0483677,34.3311504],[109.0475313,34.3298426],[109.046733,34.3283358],[109.0455673,34.3254373]]]},"properties":{"osm_id":"252885702","code":7202,"fclass":"park","name":"西安世博公园"}},
{"type":"Feature","geometry":{"type":"Polygon","coordinates":[[[109.0317699,34.3277978],[109.033558,34.3265364],[109.0365901,34.3240829],[109.0369681,34.3236943],[109.0373456,34.3232738],[109.0376363,34.3230134],[109.0381971,34.3226331],[109.0391727,34.3222053],[109.0404112,34.3215791],[109.0423486,34.3203066],[109.0424251,34.3205254],[109.0420126,34.3207561],[109.0412426,34.3213142],[109.0403606,34.3218395],[109.0395568,34.3222344],[109.0392096,34.3224247],[109.038944,34.3225973],[109.0390476,34.3227253],[109.0382688,34.3231305],[109.0338355,34.3267599],[109.0329931,34.3274369],[109.0310829,34.3286265],[109.0317699,34.3277978]]]},"properties":{"osm_id":"289667818","code":7202,"fclass":"park","name":""}},
{"type":"Feature","geometry":{"type":"Polygon","coordinates":[[[109.1340198,34.3294501],[109.1339276,34.3289867],[109.1346153,34.3288935],[109.1347074,34.3293568],[109.1340198,34.3294501]]]},"properties":{"osm_id":"1317922325","code":7202,"fclass":"park","name":""}},
{"type":"Feature","geometry":{"type":"Polygon","coordinates":[[[109.0197825,34.3287088],[109.0191588,34.3290142],[109.0184614,34.3294483],[109.0176997,34.3299534],[109.0167985,34.3306533],[109.0162448,34.3312609],[109.0157449,34.3314423],[109.0148902,34.3326029],[109.0145851,34.3331581],[109.0143287,34.3330404],[109.01349,34.3325485],[109.0134249,34.3325328],[109.014531,34.3310847],[109.0148753,34.3305045],[109.0156381,34.3296538],[109.0184789,34.3278262],[109.0185376,34.3277806],[109.0197825,34.3287088]]]},"properties":{"osm_id":"289555471","code":7202,"fclass":"park","name":""}},
{"type":"Feature","geometry":{"type":"Polygon","coordinates":[[[107.6130095,34.3076356],[107.6126769,34.306581],[107.6148602,34.3066297],[107.6166412,34.3067626],[107.6166734,34.3073741],[107.6162925,34.3074184],[107.6160404,34.3074096],[107.6158687,34.3073874],[107.6156166,34.307383],[107.6134103,34.3076745],[107.6132476,34.307698],[107.6131297,34.3077182],[107.6130688,34.307698],[107.6130095,34.3076356]]]},"properties":{"osm_id":"879270677","code":7202,"fclass":"park","name":""}},
{"type":"Feature","geometry":{"type":"Polygon","coordinates":[[[107.6131582,34.3081581],[107.6131541,34.3080741],[107.6131948,34.3080171],[107.6132802,34.3079801],[107.615382,34.3076644],[107.6158251,34.3076309],[107.6161341,34.3076544],[107.6161626,34.307876],[107.6162398,34.3078894],[107.6162724,34.3081044],[107.6149023,34.3083159],[107.6149145,34.3083864],[107.6132314,34.3085476],[107.6131582,34.3081581]]]},"properties":{"osm_id":"879270678","code":7202,"fclass":"park","name":""}},
{"type":"Feature","geometry":{"type":"Polygon","coordinates":[[[107.6258208,34.3149556],[107.6255658,34.3127449],[107.6280117,34.3125043],[107.6282909,34.3147651],[107.6258208,34.3149556]]]},"properties":{"osm_id":"1241295736","code":7202,"fclass":"park","name":"蔡家坡文体中心"}},
{"type":"Feature","geometry":{"type":"Polygon","coordinates":[[[107.4250728,34.3143353],[107.4247402,34.3136486],[107.4253229,34.313456],[107.4256555,34.3141428],[107.4250728,34.3143353]]]},"properties":{"osm_id":"862775157","code":7202,"fclass":"park","name":""}},
{"type":"Feature","geometry":{"type":"Polygon","coordinates":[[[107.4529838,34.3191337],[107.4524474,34.3168653],[107.4537134,34.3164576],[107.4545717,34.3163247],[107.4554193,34.316245],[107.4568462,34.3196477],[107.4595392,34.3263286],[107.4593997,34.327064],[107.4600434,34.3285082],[107.4588632,34.3287474],[107.4580049,34.3282513],[107.4561059,34.3262666],[107.4555051,34.3254869],[107.4538207,34.3207198],[107.4529838,34.3191337]]]},"properties":{"osm_id":"792582383","code":7202,"fclass":"park","name":""}},
{"type":"Feature","geometry":{"type":"Polygon","coordinates":[[[107.2085381,34.336411],[107.208479,34.3337753],[107.2086132,34.3327786],[107.2088438,34.3318085],[107.2093588,34.3303511],[107.2098738,34.3304618],[107.209906,34.3326546],[107.2099167,34.3333811],[107.2099251,34.3334809],[107.2099447,34.3335796],[107.2099753,34.3336765],[107.2100167,34.3337705],[107.2100685,34.3338609],[107.2101303,34.333947],[107.2102015,34.334028],[107.2102815,34.3341031],[107.2103685,34.3341711],[107.2104628,34.3342321],[107.2105634,34.3342857],[107.2106696,34.3343314],[107.2107804,34.3343689],[107.213999,34.3344708],[107.2139883,34.3349492],[107.2092622,34.3349359],[107.209391,34.3360566],[107.2103029,34.3358794],[107.2103082,34.3359551],[107.2103566,34.3366458],[107.2086614,34.3366103],[107.2085381,34.336411]]]},"properties":{"osm_id":"793008777","code":7202,"fclass":"park","name":""}},
{"type":"Feature","geometry":{"type":"Polygon","coordinates":[[[107.2260034,34.3371299],[107.2259791,34.336126],[107.2259939,34.3355237],[107.2266026,34.3355212],[107.2266054,34.335999],[107.2287834,34.3359902],[107.2287805,34.3355123],[107.2295731,34.3355091],[107.2295827,34.3371153],[107.2266121,34.3371274],[107.2260034,34.3371299]]]},"properties":{"osm_id":"467817147","code":7202,"fclass":"park","name":"宝鸡南站站前广场"}},
{"type":"Feature","geometry":{"type":"Polygon","coordinates":[[[107.2272921,34.3418017],[107.227276,34.3389314],[107.2282643,34.3389276],[107.2282804,34.3417979],[107.2272921,34.3418017]]]},"properties":{"osm_id":"731714015","code":7202,"fclass":"park","name":""}},
{"type":"Feature","geometry":{"type":"Polygon","coordinates":[[[108.0986532,34.3429047],[108.0977799,34.3424601],[108.0980734,34.342067],[108.0989468,34.3425115],[108.0986532,34.3429047]]]},"properties":{"osm_id":"291974800","code":7202,"fclass":"park","name":"Suwu Tome"}},
{"type":"Feature","geometry":{"type":"Polygon","coordinates":[[[107.12069,34.346195],[107.1203719,34.34582],[107.1211516,34.3453693],[107.1214696,34.3457442],[107.12069,34.346195]]]},"properties":{"osm_id":"1283608269","code":7202,"fclass":"park","name":""}},
{"type":"Feature","geometry":{"type":"Polygon","coordinates":[[[108.6943842,34.3183444],[108.6956044,34.3183588],[108.7016458,34.3195764],[108.7079629,34.3212769],[108.7139201,34.3245267],[108.7157907,34.3251639],[108.7180604,34.3257989],[108.7191363,34.3259498],[108.7289436,34.3281705],[108.737629,34.3323705],[108.7395675,34.333426],[108.7420858,34.3347897],[108.7425472,34.3347809],[108.7417949,34.3364936],[108.7415063,34.3358927],[108.7411308,34.3355428],[108.7400231,34.3350998],[108.7390736,34.3346413],[108.7387705,34.3345195],[108.7383172,34.3343313],[108.7378237,34.3341054],[108.736901,34.3335251],[108.7359998,34.3331242],[108.7350368,34.3327277],[108.734377,34.3324774],[108.73409,34.3323091],[108.7337199,34.3319923],[108.7335911,34.3318417],[108.7333122,34.3314785],[108.7327731,34.3312437],[108.7325236,34.3311595],[108.7322956,34.3309801],[108.7312292,34.3302891],[108.730123,34.3297707],[108.7296617,34.329567],[108.7285674,34.3293499],[108.7265772,34.3290974],[108.7241229,34.3287851],[108.7209633,34.3280896],[108.7207112,34.3279832],[108.7198931,34.3276443],[108.7190455,34.3272545],[108.7182462,34.3270418],[108.7180477,34.327064],[108.7178439,34.3270684],[108.7174255,34.3269887],[108.7165725,34.3266741],[108.7138742,34.3256552],[108.7120181,34.3250881],[108.7103498,34.3242951],[108.709867,34.3242464],[108.7095183,34.3241844],[108.7091321,34.3240116],[108.7085255,34.3234096],[108.7078429,34.3228991],[108.7068415,34.3224521],[108.7060368,34.3222971],[108.7049264,34.3219072],[108.7034994,34.3215616],[108.7019384,34.3213135],[108.7008172,34.3209635],[108.6998248,34.3206667],[108.6987895,34.3202635],[108.6979151,34.3199401],[108.697148,34.319692],[108.6964774,34.3194217],[108.6957854,34.3189919],[108.6953187,34.318735],[108.695029,34.318571],[108.6943842,34.3183444]]]},"properties":{"osm_id":"292664227","code":7202,"fclass":"park","name":""}},
{"type":"Feature","geometry":{"type":"Polygon","coordinates":[[[108.7042038,34.3303175],[108.7030144,34.3302025],[108.7032674,34.3283869],[108.7040504,34.3262316],[108.7039713,34.3261206],[108.7033307,34.3258136],[108.7033884,34.3256427],[108.7034389,34.3254932],[108.7042341,34.3257751],[108.7053694,34.3262725],[108.7053941,34.3262358],[108.7055743,34.3262867],[108.7056952,34.3263683],[108.7056863,34.3263879],[108.7069358,34.3269822],[108.7085887,34.3277529],[108.7111037,34.3288044],[108.7129068,34.3294706],[108.7151054,34.3301824],[108.7168137,34.3306723],[108.7183163,34.3310576],[108.7199059,34.3314429],[108.7199297,34.3313776],[108.7206731,34.3315278],[108.7206573,34.3315931],[108.7229033,34.3320699],[108.7255685,34.3328209],[108.7256159,34.3327425],[108.7262803,34.3329842],[108.7268418,34.3331997],[108.7267864,34.3332911],[108.7308435,34.3355246],[108.7360514,34.3384091],[108.7348822,34.3404873],[108.7347445,34.3406295],[108.7346079,34.3406606],[108.7345342,34.3406419],[108.7344888,34.340595],[108.7344888,34.3405435],[108.7346306,34.3400566],[108.7346362,34.3398646],[108.7345512,34.3396306],[108.7344321,34.3394292],[108.7342223,34.3392185],[108.7337517,34.3389563],[108.7335135,34.338844],[108.7312227,34.3369056],[108.7297655,34.3356461],[108.729034,34.3350187],[108.7271174,34.3339043],[108.7266751,34.333628],[108.7262272,34.3333986],[108.7257792,34.3332066],[108.7252689,34.3330333],[108.7247643,34.3329444],[108.7242539,34.332921],[108.7233013,34.3329537],[108.7231142,34.3330193],[108.7229328,34.3330849],[108.7201373,34.3337451],[108.719661,34.3337825],[108.715031,34.3331487],[108.71484,34.3331226],[108.7144273,34.3330661],[108.7136369,34.3329294],[108.7135881,34.332921],[108.7118738,34.3325344],[108.7103901,34.3321999],[108.7090632,34.3316239],[108.7081843,34.3311744],[108.707589,34.3309028],[108.7061033,34.3304861],[108.7042038,34.3303175]]]},"properties":{"osm_id":"256012779","code":7202,"fclass":"park","name":"渭滨公园"}},
{"type":"Feature","geometry":{"type":"Polygon","coordinates":[[[108.7673005,34.3340507],[108.7670019,34.3336525],[108.7675735,34.3336799],[108.7685891,34.3337305],[108.7695307,34.3337663],[108.770258,34.3337663],[108.7709444,34.3338105],[108.771544,34.3337747],[108.7723121,34.3336546],[108.7730215,34.333505],[108.774106,34.3333786],[108.7748883,34.3333075],[108.7755878,34.3333376],[108.7762573,34.3333997],[108.777026,34.3335577],[108.7775582,34.3336784],[108.778529,34.3337514],[108.7790577,34.3337574],[108.7812428,34.333735],[108.7812176,34.3346918],[108.7808369,34.3347097],[108.7803948,34.3347201],[108.7799943,34.3347633],[108.7797579,34.3347753],[108.7700084,34.3347243],[108.7694649,34.3347707],[108.7688346,34.3349034],[108.7678062,34.3351689],[108.7677041,34.334954],[108.7674842,34.3344258],[108.7673005,34.3340507]]]},"properties":{"osm_id":"1271910369","code":7202,"fclass":"park","name":"金湾文化公园"}},
{"type":"Feature","geometry":{"type":"Polygon","coordinates":[[[108.6623317,34.3360947],[108.6595643,34.3354264],[108.660228,34.3336073],[108.6602728,34.3335732],[108.6603539,34.3335679],[108.6610537,34.3337564],[108.6613032,34.3339571],[108.6619236,34.3341221],[108.6622028,34.3340647],[108.6628508,34.3342353],[108.6628816,34.3342662],[108.6623317,34.3360947]]]},"properties":{"osm_id":"1210026147","code":7202,"fclass":"park","name":"咸阳西站站前广场"}},
{"type":"Feature","geometry":{"type":"Polygon","coordinates":[[[108.7296698,34.3365978],[108.7279665,34.3362969],[108.7281108,34.3347086],[108.7289336,34.3352241],[108.7298538,34.3360048],[108.7296698,34.3365978]]]},"properties":{"osm_id":"1241530468","code":7202,"fclass":"park","name":"清渭楼广场"}},
{"type":"Feature","geometry":{"type":"MultiPolygon","coordinates":[[[[108.7777234,34.3368263],[108.7776187,34.3367348],[108.7776246,34.3350906],[108.7776933,34.3350356],[108.7781589,34.3350321],[108.7782211,34.3350888],[108.7782347,34.3367724],[108.7781831,34.3368276],[108.7777234,34.3368263]]],[[[108.777673,34.3387059],[108.7776244,34.3386408],[108.7776305,34.3371749],[108.7777173,34.3370969],[108.77813,34.3370907],[108.7782347,34.3371796],[108.7782344,34.3386533],[108.7781888,34.3386984],[108.7781312,34.338726],[108.7777245,34.3387285],[108.777673,34.3387059]]]]},"properties":{"osm_id":"16376120","code":7202,"fclass":"park","name":""}},
{"type":"Feature","geometry":{"type":"Polygon","coordinates":[[[108.7355586,34.3404257],[108.735487,34.3403397],[108.7363533,34.3387262],[108.7368744,34.338979],[108.737187,34.3390812],[108.7373805,34.3391922],[108.7390629,34.3401568],[108.7392778,34.3403289],[108.7396817,34.3403881],[108.7407759,34.340743],[108.7407368,34.3412056],[108.7405219,34.3411894],[108.7404568,34.3413992],[108.736236,34.341098],[108.7355586,34.3404257]]]},"properties":{"osm_id":"255529371","code":7202,"fclass":"park","name":"古渡公园"}},
{"type":"Feature","geometry":{"type":"Polygon","coordinates":[[[108.5805422,34.3429698],[108.57873,34.3428213],[108.5792522,34.3394449],[108.580625,34.3395813],[108.5808226,34.3382485],[108.5815792,34.3383156],[108.5816518,34.3383248],[108.5817605,34.3383348],[108.5818671,34.3383446],[108.5819006,34.3383472],[108.5828953,34.3384418],[108.5830736,34.338464],[108.5828915,34.3397933],[108.5830899,34.3398144],[108.5830509,34.3401184],[108.5834377,34.3401567],[108.5832593,34.3419638],[108.5831724,34.3419573],[108.582211,34.3418857],[108.5818444,34.3418584],[108.5817704,34.3418528],[108.5815407,34.3436511],[108.5804956,34.3435783],[108.5805422,34.3429698]]]},"properties":{"osm_id":"333750109","code":7202,"fclass":"park","name":"茂陵博物馆"}},
{"type":"Feature","geometry":{"type":"Polygon","coordinates":[[[108.5813164,34.3417451],[108.5809187,34.3417185],[108.5809275,34.3416284],[108.5809722,34.34162],[108.5810048,34.3413364],[108.5809621,34.3413414],[108.5809966,34.341051],[108.5810434,34.3410426],[108.5810739,34.3407909],[108.5810251,34.3408026],[108.5810298,34.3407397],[108.5814449,34.3407665],[108.5818657,34.3407937],[108.5818579,34.340853],[108.5818172,34.3408443],[108.5817872,34.3410883],[108.5818296,34.3411014],[108.581796,34.3413966],[108.58175,34.3413907],[108.5817199,34.3416698],[108.5817624,34.3416815],[108.5817533,34.3417744],[108.5814214,34.3417521],[108.5814252,34.3416961],[108.5814294,34.3416413],[108.5813242,34.3416359],[108.58132,34.3416907],[108.5813164,34.3417451]]]},"properties":{"osm_id":"1022339151","code":7202,"fclass":"park","name":""}},
{"type":"Feature","geometry":{"type":"Polygon","coordinates":[[[108.9407914,34.3426733],[108.9407885,34.3425009],[108.9408084,34.3423909],[108.9408655,34.3422245],[108.9409896,34.3420266],[108.9419516,34.3412315],[108.942163,34.3411398],[108.9424223,34.3410796],[108.9428947,34.3411228],[108.943378,34.3413714],[108.9440971,34.3419766],[108.9442019,34.3421008],[108.9442657,34.3422009],[108.9443148,34.3423304],[108.9443452,34.342467],[108.9443472,34.3426407],[108.9443239,34.3427579],[108.9442904,34.3428519],[108.9442238,34.3429809],[108.9441776,34.3430503],[108.9440963,34.3431397],[108.9433267,34.3437795],[108.9432126,34.3438621],[108.9430901,34.3439278],[108.9429159,34.3439901],[108.94278,34.3440238],[108.9426506,34.3440308],[108.9425269,34.3440377],[108.9423979,34.3440274],[108.9422523,34.3439962],[108.9421092,34.3439532],[108.9419455,34.3438752],[108.9410244,34.3431267],[108.9409028,34.3429712],[108.9408342,34.3428296],[108.9407914,34.3426733]]]},"properties":{"osm_id":"265598084","code":7202,"fclass":"park","name":""}},
{"type":"Feature","geometry":{"type":"Polygon","coordinates":[[[109.0265542,34.3322603],[109.0265324,34.3321401],[109.0269836,34.3319538],[109.0277454,34.3314164],[109.0279947,34.3312461],[109.0283657,34.3311698],[109.0289107,34.3309428],[109.029364,34.3307495],[109.0298699,34.3306725],[109.030054,34.3306968],[109.0302296,34.330776],[109.030286,34.3308835],[109.0302601,34.3310307],[109.0301068,34.3312536],[109.0298551,34.3313914],[109.0295497,34.3314864],[109.0287387,34.3316897],[109.0283162,34.3318236],[109.0279604,34.3319901],[109.0274055,34.3323],[109.0270496,34.3323602],[109.0268162,34.3323371],[109.0266569,34.3323687],[109.0265542,34.3322603]]]},"properties":{"osm_id":"289667817","code":7202,"fclass":"park","name":""}},
{"type":"Feature","geometry":{"type":"Polygon","coordinates":[[[109.0310829,34.3286265],[109.0275892,34.3302793],[109.0271206,34.3305213],[109.0249949,34.3316193],[109.021511,34.3335725],[109.0180852,34.3357229],[109.0178626,34.3355438],[109.020359,34.3338328],[109.0231755,34.3322026],[109.0240175,34.3317153],[109.0270431,34.3300408],[109.0308947,34.3281979],[109.0317699,34.3277978],[109.0310829,34.3286265]]]},"properties":{"osm_id":"289667816","code":7202,"fclass":"park","name":""}},
{"type":"Feature","geometry":{"type":"Polygon","coordinates":[[[109.1360716,34.3342053],[109.1356059,34.3325652],[109.1359848,34.3325237],[109.1364688,34.3341298],[109.1360716,34.3342053]]]},"properties":{"osm_id":"1317922345","code":7202,"fclass":"park","name":""}},
{"type":"Feature","geometry":{"type":"Polygon","coordinates":[[[109.0480056,34.3364289],[109.0479449,34.3361937],[109.0499297,34.3359739],[109.0500184,34.3360857],[109.0503733,34.3370844],[109.050462,34.3374739],[109.0501958,34.3375009],[109.0480056,34.3364289]]]},"properties":{"osm_id":"879228522","code":7202,"fclass":"park","name":""}},
{"type":"Feature","geometry":{"type":"Polygon","coordinates":[[[109.0517136,34.3378402],[109.0513213,34.335943],[109.0513633,34.3358929],[109.0513774,34.3358119],[109.0537357,34.3355728],[109.0538011,34.3357656],[109.053194,34.3358427],[109.0519237,34.3372001],[109.0520312,34.3378981],[109.0518117,34.3379174],[109.0517136,34.3378402]]]},"properties":{"osm_id":"879228523","code":7202,"fclass":"park","name":""}},
{"type":"Feature","geometry":{"type":"Polygon","coordinates":[[[109.0028289,34.3379057],[109.002824,34.3378559],[109.0044669,34.3360919],[109.0045498,34.3359664],[109.0046441,34.3358106],[109.0047247,34.3352916],[109.00475,34.3351262],[109.0048099,34.3348144],[109.0048513,34.3347403],[109.0049112,34.3347232],[109.0066977,34.3352536],[109.0065711,34.3353486],[109.0064191,34.3353904],[109.0063017,34.3353866],[109.0061291,34.3353486],[109.005908,34.3353448],[109.0056824,34.3353638],[109.0055006,34.3354437],[109.0053325,34.3356072],[109.0052657,34.3357383],[109.005222,34.3358847],[109.0052036,34.3359645],[109.0053716,34.3360881],[109.0053279,34.3361261],[109.0053463,34.3362155],[109.0053532,34.3363029],[109.0053417,34.3363923],[109.0052496,34.3365101],[109.0051552,34.3365558],[109.0050194,34.3365843],[109.0049112,34.3365843],[109.0048398,34.336571],[109.0043656,34.3370538],[109.0044162,34.3371375],[109.0043978,34.3372097],[109.0043679,34.3372857],[109.0042804,34.3373276],[109.0042228,34.3373713],[109.0041883,34.3374492],[109.0042021,34.3375025],[109.004308,34.3375633],[109.0044392,34.3376108],[109.0045175,34.3376488],[109.004582,34.3377059],[109.0046096,34.3377857],[109.0045703,34.3378783],[109.0045162,34.3379486],[109.0044541,34.3379914],[109.0043723,34.3380123],[109.0042987,34.3380826],[109.0043067,34.3381472],[109.0043458,34.3382337],[109.0043654,34.3383221],[109.0045542,34.3383744],[109.0046601,34.3384333],[109.0047315,34.3385122],[109.0047441,34.3385892],[109.00472,34.3387014],[109.0046483,34.3387943],[109.0046018,34.3388452],[109.0044841,34.3389062],[109.004454,34.3389774],[109.0044458,34.3390633],[109.0042062,34.3395584],[109.0040842,34.3395244],[109.0040842,34.3394155],[109.0040549,34.3392421],[109.0039833,34.3390701],[109.003858,34.3388994],[109.0028696,34.3379648],[109.0028289,34.3379057]]]},"properties":{"osm_id":"1229939787","code":7202,"fclass":"park","name":"西安灞滋水公园"}},
{"type":"Feature","geometry":{"type":"Polygon","coordinates":[[[109.0088622,34.3525967],[109.0088107,34.3522381],[109.0095072,34.351222],[109.0095884,34.3508642],[109.0100507,34.3507783],[109.0102098,34.3504063],[109.0104387,34.350045],[109.0105298,34.3495026],[109.010775,34.3490078],[109.011398,34.3485468],[109.0119534,34.3475221],[109.012067,34.3470756],[109.0124233,34.3468196],[109.0134795,34.3449263],[109.0139892,34.3441089],[109.0176654,34.3408503],[109.0196805,34.3398825],[109.0202511,34.3393748],[109.0210327,34.3386794],[109.022008,34.3383751],[109.0226779,34.3377381],[109.0231085,34.3375434],[109.0236571,34.337428],[109.0240787,34.3372688],[109.024505,34.3367491],[109.0252881,34.3363456],[109.0267823,34.3355008],[109.0277237,34.3343893],[109.0284635,34.3341676],[109.0290116,34.334],[109.0296206,34.3337653],[109.0306762,34.3327931],[109.0319145,34.3321393],[109.0330107,34.3308988],[109.0375267,34.327826],[109.0388551,34.3270992],[109.0407045,34.3262383],[109.041534,34.3257165],[109.0440619,34.3242979],[109.0448227,34.3260767],[109.0454138,34.3286865],[109.0412191,34.3311185],[109.0343235,34.3350298],[109.0301582,34.3374376],[109.0280928,34.3386019],[109.0266594,34.3394206],[109.0244479,34.3410249],[109.0239922,34.3413876],[109.0231522,34.3420727],[109.0220504,34.3411172],[109.0195656,34.3432669],[109.020425,34.3440621],[109.0182426,34.345717],[109.0168074,34.3467428],[109.0161674,34.3478394],[109.0135349,34.3468843],[109.0132356,34.3475596],[109.0131721,34.3480552],[109.0129843,34.3483757],[109.0122706,34.3491165],[109.012099,34.3495584],[109.0120721,34.3502569],[109.0118848,34.3509389],[109.0116682,34.3515416],[109.0116761,34.3526078],[109.0115695,34.3534003],[109.0114074,34.3537381],[109.0113864,34.3541804],[109.0117785,34.3546776],[109.0116597,34.3554713],[109.0117432,34.3558345],[109.0118318,34.356008],[109.0112418,34.3559804],[109.0094617,34.3558129],[109.0092817,34.3553083],[109.0093313,34.3548806],[109.0093136,34.3546267],[109.0099939,34.3542976],[109.0103719,34.3531085],[109.0102692,34.3528063],[109.0099965,34.3527645],[109.0093658,34.3528331],[109.0088622,34.3525967]]]},"properties":{"osm_id":"753549101","code":7202,"fclass":"park","name":""}},
{"type":"Feature","geometry":{"type":"Polygon","coordinates":[[[109.0059229,34.3484297],[109.0053628,34.3482694],[109.005197,34.3479264],[109.0054987,34.3468967],[109.0060391,34.3471868],[109.0063381,34.3462217],[109.0063764,34.3455016],[109.008192,34.3415297],[109.0101707,34.3372494],[109.0104602,34.3366316],[109.0111982,34.3352271],[109.0121434,34.334057],[109.0131169,34.3327997],[109.0132624,34.3328279],[109.0120338,34.3348072],[109.010682,34.337022],[109.0090941,34.3399632],[109.006773,34.3458748],[109.006294,34.3485052],[109.0059229,34.3484297]]]},"properties":{"osm_id":"289555472","code":7202,"fclass":"park","name":""}},
{"type":"Feature","geometry":{"type":"Polygon","coordinates":[[[108.9759671,34.346953],[108.9744023,34.3467657],[108.9746404,34.3451367],[108.9760011,34.3453333],[108.9759671,34.346953]]]},"properties":{"osm_id":"1091093331","code":7202,"fclass":"park","name":""}},
{"type":"Feature","geometry":{"type":"Polygon","coordinates":[[[109.006294,34.3485052],[109.0064549,34.3489811],[109.0062404,34.3493354],[109.0064549,34.3501592],[109.0063687,34.3506112],[109.006358,34.3513906],[109.00705,34.3516265],[109.0070812,34.3521313],[109.0066906,34.3524093],[109.0063494,34.3529562],[109.0066691,34.3533924],[109.006947,34.3537235],[109.0071243,34.3544895],[109.0074597,34.3545033],[109.0077906,34.3555549],[109.0079684,34.356559],[109.0075405,34.3575097],[109.0074523,34.3588883],[109.007227,34.3593444],[109.0070606,34.3601994],[109.0069325,34.3604693],[109.0067549,34.3606818],[109.0066095,34.3608033],[109.006622,34.3610551],[109.0060457,34.3612518],[109.0059793,34.3614284],[109.0062233,34.3615138],[109.0061529,34.3618447],[109.0058665,34.3625768],[109.0059133,34.363621],[109.0053069,34.3637991],[109.0053284,34.3633563],[109.0051246,34.3597605],[109.0050608,34.3562811],[109.0048832,34.3558091],[109.0048145,34.3555157],[109.0049441,34.3551986],[109.0051222,34.3551522],[109.005264,34.3534631],[109.0059229,34.3484297],[109.006294,34.3485052]]]},"properties":{"osm_id":"763958709","code":7202,"fclass":"park","name":"广运潭公园"}},
{"type":"Feature","geometry":{"type":"Polygon","coordinates":[[[108.927195,34.3432996],[108.927136,34.343241],[108.9271628,34.3427272],[108.9273934,34.3427094],[108.9285522,34.3427183],[108.9285146,34.3432996],[108.927195,34.3432996]]]},"properties":{"osm_id":"879047959","code":7202,"fclass":"park","name":""}},
{"type":"Feature","geometry":{"type":"Polygon","coordinates":[[[108.925929,34.3430416],[108.9253711,34.3430505],[108.9253872,34.3428733],[108.9254301,34.3427626],[108.9255642,34.3427183],[108.9270126,34.3427272],[108.9270072,34.3432996],[108.925929,34.3432996],[108.925929,34.3430416]]]},"properties":{"osm_id":"879047958","code":7202,"fclass":"park","name":""}},
{"type":"Feature","geometry":{"type":"Polygon","coordinates":[[[108.9492584,34.3451372],[108.9492417,34.3442666],[108.9523182,34.3442969],[108.9523049,34.3451537],[108.9492584,34.3451372]]]},"properties":{"osm_id":"969670619","code":7202,"fclass":"park","name":"文化中心广场"}},
{"type":"Feature","geometry":{"type":"Polygon","coordinates":[[[108.9336444,34.3470647],[108.9336441,34.3467965],[108.9364448,34.3467633],[108.9366212,34.3467],[108.9365444,34.3427041],[108.9400974,34.3426724],[108.941653,34.3438617],[108.9416602,34.3470117],[108.9391992,34.3470157],[108.939181,34.3468799],[108.9391187,34.3468096],[108.9390392,34.3467842],[108.9389597,34.3467852],[108.9388849,34.3468188],[108.9388374,34.3468711],[108.938847,34.3469569],[108.9388815,34.3470189],[108.9389734,34.3470649],[108.9389457,34.3487745],[108.9353153,34.3487138],[108.9353153,34.3475246],[108.9355457,34.3475246],[108.9355265,34.3470806],[108.9353607,34.3470792],[108.9336444,34.3470647]]]},"properties":{"osm_id":"245154326","code":7202,"fclass":"park","name":"西安城市运动公园"}},
{"type":"Feature","geometry":{"type":"Polygon","coordinates":[[[108.9419359,34.3491484],[108.9419057,34.3490074],[108.9419262,34.3440875],[108.942254,34.3441899],[108.9428584,34.3441897],[108.9431444,34.3441079],[108.9432149,34.3440633],[108.9432157,34.3490122],[108.9431862,34.3491628],[108.9430879,34.3493004],[108.9429764,34.3494037],[108.9428552,34.3494578],[108.9427261,34.3494959],[108.9425613,34.3495172],[108.9424129,34.3494966],[108.9422229,34.3494245],[108.9421042,34.3493524],[108.9420178,34.3492656],[108.9419359,34.3491484]]]},"properties":{"osm_id":"265598085","code":7202,"fclass":"park","name":""}},
{"type":"Feature","geometry":{"type":"Polygon","coordinates":[[[108.8612156,34.3496842],[108.8608229,34.3496949],[108.8609409,34.3493494],[108.8612756,34.3494398],[108.8612971,34.349601],[108.8612714,34.3496541],[108.8612156,34.3496842]]]},"properties":{"osm_id":"1222956797","code":7202,"fclass":"park","name":""}},
{"type":"Feature","geometry":{"type":"Polygon","coordinates":[[[108.9537848,34.3524521],[108.9492495,34.3524487],[108.9492577,34.3495387],[108.9511186,34.3495591],[108.9510858,34.3503697],[108.9513199,34.3504884],[108.9537683,34.3504782],[108.9537848,34.3524521]]]},"properties":{"osm_id":"969565112","code":7202,"fclass":"park","name":"渭滨公园"}},
{"type":"Feature","geometry":{"type":"Polygon","coordinates":[[[108.7279626,34.3521316],[108.7277109,34.350938],[108.7305673,34.3504838],[108.7308165,34.3517426],[108.730285,34.3518143],[108.7303404,34.3520946],[108.7299847,34.3521425],[108.7300531,34.352489],[108.728897,34.3526446],[108.7288358,34.3523047],[108.7285586,34.3523404],[108.7284974,34.3520695],[108.7279626,34.3521316]]]},"properties":{"osm_id":"982445776","code":7202,"fclass":"park","name":""}},
{"type":"Feature","geometry":{"type":"Polygon","coordinates":[[[108.8680389,34.3580102],[108.8665583,34.3576329],[108.8668844,34.3567419],[108.8683822,34.357121],[108.8680389,34.3580102]]]},"properties":{"osm_id":"1208206698","code":7202,"fclass":"park","name":""}},
{"type":"Feature","geometry":{"type":"Polygon","coordinates":[[[108.5307813,34.3589636],[108.5307491,34.3587156],[108.5310334,34.3580602],[108.5312748,34.3567316],[108.5312641,34.3561515],[108.5338604,34.356519],[108.5348529,34.3595658],[108.5309315,34.3591053],[108.5307813,34.3589636]]]},"properties":{"osm_id":"975225092","code":7202,"fclass":"park","name":""}},
{"type":"Feature","geometry":{"type":"Polygon","coordinates":[[[107.3870836,34.3502836],[107.3868741,34.3469461],[107.3877984,34.3474956],[107.3881065,34.3483299],[107.3884885,34.3491236],[107.3894005,34.3499681],[107.3898402,34.3501873],[107.3907069,34.3506193],[107.3907192,34.3507211],[107.3870836,34.3502836]]]},"properties":{"osm_id":"468197964","code":7202,"fclass":"park","name":""}},
{"type":"Feature","geometry":{"type":"Polygon","coordinates":[[[107.183749,34.3495659],[107.1836793,34.3493755],[107.1836847,34.3490655],[107.1837705,34.3488396],[107.1842211,34.3488352],[107.1848219,34.3483436],[107.1849185,34.3479804],[107.1849775,34.3476039],[107.1851365,34.3473641],[107.1851009,34.3467845],[107.1852779,34.3462353],[107.1887862,34.3471787],[107.1893798,34.3473464],[107.1927256,34.3485723],[107.1921444,34.3499114],[107.1922589,34.3502553],[107.1923053,34.3505713],[107.1915025,34.3506406],[107.1893709,34.3502746],[107.1889042,34.350217],[107.1887058,34.350279],[107.1886307,34.3503631],[107.1885126,34.3505049],[107.1882659,34.3507972],[107.1879279,34.3511249],[107.1878027,34.3515273],[107.1875256,34.3513906],[107.1872394,34.3516646],[107.1866136,34.3514305],[107.1861845,34.3512445],[107.185648,34.350961],[107.1851438,34.3506377],[107.1847254,34.3503809],[107.1843123,34.3502037],[107.1840065,34.3501151],[107.1838563,34.3497387],[107.183749,34.3495659]]]},"properties":{"osm_id":"291421474","code":7202,"fclass":"park","name":"中华石鼓园"}},
{"type":"Feature","geometry":{"type":"Polygon","coordinates":[[[107.3690253,34.3526751],[107.3687082,34.3504714],[107.3698138,34.3503589],[107.369948,34.3512845],[107.3716801,34.3511091],[107.3715407,34.3502278],[107.3729413,34.350071],[107.3736119,34.3523873],[107.3717905,34.3525016],[107.3690253,34.3526751]]]},"properties":{"osm_id":"171744875","code":7202,"fclass":"park","name":""}},
{"type":"Feature","geometry":{"type":"Polygon","coordinates":[[[107.2036641,34.351944],[107.2036454,34.3510403],[107.2038845,34.3508614],[107.2051286,34.3509292],[107.205095,34.3519625],[107.2036641,34.351944]]]},"properties":{"osm_id":"1303612310","code":7202,"fclass":"park","name":"四为园"}},
{"type":"Feature","geometry":{"type":"Polygon","coordinates":[[[107.2235098,34.3529916],[107.2234937,34.3503343],[107.2235581,34.3502811],[107.2256878,34.3502413],[107.2257843,34.3502989],[107.225779,34.3529739],[107.2256985,34.353027],[107.2235796,34.3530403],[107.2235098,34.3529916]]]},"properties":{"osm_id":"440167543","code":7202,"fclass":"park","name":"高新广场"}},
{"type":"Feature","geometry":{"type":"Polygon","coordinates":[[[107.205261,34.3518227],[107.20525,34.3509164],[107.2065347,34.3509299],[107.2065184,34.3514659],[107.2064859,34.3525383],[107.2052695,34.3525329],[107.205261,34.3518227]]]},"properties":{"osm_id":"1303612309","code":7202,"fclass":"park","name":"润德园"}},
{"type":"Feature","geometry":{"type":"Polygon","coordinates":[[[107.3249456,34.3552989],[107.3243764,34.3541175],[107.3273773,34.3532581],[107.3274514,34.3536407],[107.3289156,34.353202],[107.3288619,34.353047],[107.3294501,34.3528555],[107.3296452,34.3536342],[107.3281329,34.3539833],[107.3249456,34.3552989]]]},"properties":{"osm_id":"468198047","code":7202,"fclass":"park","name":""}},
{"type":"Feature","geometry":{"type":"Polygon","coordinates":[[[107.2157297,34.3544097],[107.215585,34.3542426],[107.2270964,34.3551114],[107.230002,34.3547398],[107.2302354,34.3563744],[107.2259103,34.3566304],[107.2238555,34.3564377],[107.2206799,34.3560367],[107.2186344,34.3549264],[107.2157544,34.3544141],[107.2157297,34.3544097]]]},"properties":{"osm_id":"342640095","code":7202,"fclass":"park","name":""}},
{"type":"Feature","geometry":{"type":"Polygon","coordinates":[[[107.1601724,34.3574906],[107.1600007,34.3571363],[107.1624683,34.3556129],[107.1631121,34.3546032],[107.1661591,34.3536643],[107.1709441,34.353186],[107.173798,34.3531683],[107.1755146,34.3532746],[107.1807503,34.3541072],[107.1876811,34.3560026],[107.1918623,34.3568854],[107.1953728,34.3576265],[107.1949618,34.3593999],[107.1936143,34.3591954],[107.1926109,34.359122],[107.1906844,34.3587506],[107.1903419,34.3586951],[107.184162,34.356906],[107.1805572,34.3564455],[107.1757936,34.3553295],[107.1751713,34.3551878],[107.1683477,34.3556483],[107.1657728,34.35579],[107.1643781,34.3559495],[107.1617388,34.3568529],[107.1602797,34.35765],[107.1601724,34.3574906]]]},"properties":{"osm_id":"342640096","code":7202,"fclass":"park","name":""}},
{"type":"Feature","geometry":{"type":"Polygon","coordinates":[[[107.1478355,34.3596437],[107.1470788,34.3600822],[107.1465102,34.3603612],[107.1460247,34.3605605],[107.1457296,34.3606734],[107.1451563,34.3608721],[107.1444797,34.3610653],[107.1424587,34.3579858],[107.1426948,34.3578751],[107.1425386,34.3576349],[107.1425949,34.3574865],[107.1444315,34.3566639],[107.1442686,34.3564126],[107.1442692,34.3564092],[107.1474592,34.3550188],[107.1479038,34.355677],[107.1479478,34.3557432],[107.148072,34.3559336],[107.148411,34.3557887],[107.1484657,34.3557653],[107.1485263,34.3557653],[107.1485776,34.3557528],[107.1486578,34.3557216],[107.1487336,34.3557124],[107.14881,34.3557396],[107.1488562,34.35577],[107.1488709,34.3557799],[107.1489171,34.3558113],[107.1489863,34.3558586],[107.14891,34.3559306],[107.1489395,34.3559816],[107.1493183,34.3564697],[107.1504995,34.3573478],[107.1496326,34.3581868],[107.1491412,34.3586767],[107.1485382,34.3591832],[107.1478355,34.3596437]]]},"properties":{"osm_id":"5496259","code":7202,"fclass":"park","name":"周礼文化主题公园"}},
{"type":"Feature","geometry":{"type":"Polygon","coordinates":[[[107.3487049,34.358968],[107.3485011,34.3579583],[107.3493272,34.3578609],[107.3493004,34.3575597],[107.3516768,34.357325],[107.3519772,34.3584454],[107.3487049,34.358968]]]},"properties":{"osm_id":"792217991","code":7202,"fclass":"park","name":""}},
{"type":"Feature","geometry":{"type":"Polygon","coordinates":[[[107.1478355,34.3596437],[107.1474117,34.3591743],[107.1475512,34.3590835],[107.1475566,34.3590415],[107.1475244,34.358995],[107.1474841,34.3589551],[107.1474707,34.358902],[107.1474922,34.3588488],[107.1475324,34.3588178],[107.1475968,34.3588068],[107.1476585,34.3587758],[107.1477229,34.3587448],[107.1478328,34.358685],[107.1479857,34.3586274],[107.1480662,34.3585964],[107.1481788,34.3585167],[107.1483398,34.3584016],[107.1483719,34.3583794],[107.1485007,34.3582886],[107.1485892,34.3583019],[107.1486455,34.3582975],[107.1487716,34.3580229],[107.1486831,34.3579786],[107.1487126,34.3579321],[107.1488199,34.3578192],[107.1489486,34.3575668],[107.149123,34.3573476],[107.1491471,34.3572169],[107.1493161,34.3572502],[107.1495092,34.3573033],[107.1496701,34.3573675],[107.1498847,34.3574096],[107.1500537,34.3574406],[107.1502656,34.3575712],[107.1496326,34.3581868],[107.1491412,34.3586767],[107.1485382,34.3591832],[107.1478355,34.3596437]]]},"properties":{"osm_id":"369910080","code":7202,"fclass":"park","name":"动物园"}},
{"type":"Feature","geometry":{"type":"Polygon","coordinates":[[[107.0978889,34.3597828],[107.0976341,34.3587643],[107.0987283,34.3587805],[107.0987173,34.3592835],[107.0994201,34.3592939],[107.099431,34.3587909],[107.1004745,34.3588064],[107.1004799,34.3598293],[107.0978889,34.3597828]]]},"properties":{"osm_id":"732128885","code":7202,"fclass":"park","name":""}},
{"type":"Feature","geometry":{"type":"Polygon","coordinates":[[[107.1665225,34.3614021],[107.1664386,34.3596338],[107.168422,34.3595698],[107.1685059,34.3613381],[107.1665225,34.3614021]]]},"properties":{"osm_id":"734777219","code":7202,"fclass":"park","name":""}},
{"type":"Feature","geometry":{"type":"Polygon","coordinates":[[[107.3029351,34.3614974],[107.2994326,34.3609731],[107.2997314,34.3605721],[107.3007588,34.359832],[107.302384,34.3590686],[107.3044201,34.3582051],[107.3055222,34.3577502],[107.3054475,34.3579198],[107.3050459,34.35866],[107.3041119,34.3601481],[107.3036542,34.3611813],[107.3034488,34.3621373],[107.3030471,34.3645042],[107.3022065,34.3643578],[107.3026642,34.3633709],[107.3029351,34.3627156],[107.3030471,34.36196],[107.3029351,34.3614974]]]},"properties":{"osm_id":"1183418087","code":7202,"fclass":"park","name":""}},
{"type":"Feature","geometry":{"type":"Polygon","coordinates":[[[107.156399,34.3649598],[107.1560413,34.3630671],[107.1560738,34.3626509],[107.1561876,34.3618724],[107.156643,34.3610938],[107.1572121,34.3603957],[107.1583992,34.3590398],[107.1579575,34.3599319],[107.1586211,34.3604456],[107.158757,34.3613622],[107.1586757,34.3623959],[107.1587245,34.3628389],[107.1588058,34.3659129],[107.1575048,34.3672284],[107.1569519,34.3665572],[107.156399,34.3649598]]]},"properties":{"osm_id":"371670060","code":7202,"fclass":"park","name":"滨湖公园"}},
{"type":"Feature","geometry":{"type":"Polygon","coordinates":[[[107.2289053,34.3635718],[107.2287567,34.361168],[107.228837,34.3608432],[107.2304935,34.3606468],[107.2338312,34.3602342],[107.2338596,34.3602908],[107.2341311,34.3615142],[107.234442,34.3628298],[107.2341608,34.3628713],[107.2347829,34.3660474],[107.2348072,34.3662287],[107.2335372,34.3664075],[107.2320633,34.3666152],[107.2320336,34.3664946],[107.2318143,34.3655706],[107.2313007,34.3634088],[107.2312742,34.3632973],[107.2309036,34.363352],[107.2293756,34.3635775],[107.2289053,34.3635718]]]},"properties":{"osm_id":"409902346","code":7202,"fclass":"park","name":""}},
{"type":"Feature","geometry":{"type":"Polygon","coordinates":[[[107.3713984,34.3664045],[107.3712569,34.3658805],[107.3723406,34.3656812],[107.372482,34.3662052],[107.3713984,34.3664045]]]},"properties":{"osm_id":"792218404","code":7202,"fclass":"park","name":""}},
{"type":"Feature","geometry":{"type":"Polygon","coordinates":[[[107.1161254,34.3687717],[107.1160879,34.3684884],[107.1160933,34.3681607],[107.1161201,34.367988],[107.1162381,34.3677356],[107.1162679,34.3677119],[107.1165385,34.3674965],[107.116548,34.3674867],[107.1166544,34.3673765],[107.1167746,34.367262],[107.1169632,34.3671579],[107.1171801,34.3669812],[107.1178077,34.3669824],[107.1188645,34.3669824],[107.1199395,34.3669565],[107.1208923,34.366947],[107.121919,34.3669432],[107.1228149,34.3668547],[107.1236732,34.3668857],[107.1242847,34.3669521],[107.1248673,34.3669293],[107.125202,34.3669609],[107.1258704,34.3671108],[107.1260764,34.3671691],[107.1264927,34.3671861],[107.1271976,34.3671248],[107.1278145,34.3670584],[107.1281525,34.3670982],[107.1286406,34.3671513],[107.1291052,34.3672304],[107.1298047,34.3673017],[107.1300407,34.3673725],[107.1302231,34.3674079],[107.1304356,34.3673765],[107.1306287,34.3673455],[107.1308454,34.3673548],[107.1311222,34.3674341],[107.1316823,34.3674567],[107.1322777,34.3674832],[107.1326157,34.3675408],[107.1329032,34.3675359],[107.1332626,34.3674783],[107.1334611,34.3674872],[107.1337132,34.3675448],[107.1345683,34.3675629],[107.1351638,34.3675851],[107.1355661,34.3675408],[107.1361991,34.3674744],[107.1380123,34.3671248],[107.1404531,34.3664916],[107.1421053,34.3660532],[107.1432533,34.3657034],[107.1435644,34.3654864],[107.1437071,34.3656009],[107.146657,34.3648539],[107.1479201,34.3652606],[107.1488141,34.3661765],[107.149229,34.3660488],[107.1493076,34.3661809],[107.1476626,34.3667927],[107.1421161,34.3682448],[107.1407052,34.3685858],[107.1380176,34.3690419],[107.1343698,34.3694891],[107.1316318,34.3696259],[107.1279969,34.3697636],[107.1262266,34.3698477],[107.1257868,34.3698034],[107.1212914,34.3689931],[107.1210178,34.3689533],[107.1202453,34.3689267],[107.1194138,34.3689533],[107.1187004,34.3689533],[107.1183946,34.3688603],[107.116163,34.3690374],[107.1161254,34.3687717]]]},"properties":{"osm_id":"291419691","code":7202,"fclass":"park","name":"渭河公园"}},
{"type":"Feature","geometry":{"type":"Polygon","coordinates":[[[107.3936427,34.3671292],[107.3932457,34.3652517],[107.39434,34.3650126],[107.3956742,34.3649018],[107.3960711,34.3667793],[107.3952136,34.3669029],[107.3951769,34.3672886],[107.3950159,34.3694317],[107.3947906,34.3709372],[107.3940611,34.3710346],[107.3939645,34.370397],[107.3935354,34.3704767],[107.393707,34.3695911],[107.3940396,34.3692015],[107.3940608,34.3690911],[107.3944351,34.3671361],[107.3944409,34.3670142],[107.3936427,34.3671292]]]},"properties":{"osm_id":"792218400","code":7202,"fclass":"park","name":""}},
{"type":"Feature","geometry":{"type":"Polygon","coordinates":[[[108.7557369,34.3603737],[108.7532352,34.3589729],[108.7550653,34.3575399],[108.7570591,34.3592516],[108.7557369,34.3603737]]]},"properties":{"osm_id":"411241453","code":7202,"fclass":"park","name":""}},
{"type":"Feature","geometry":{"type":"Polygon","coordinates":[[[108.8067703,34.3608148],[108.8049945,34.3597507],[108.8055304,34.3584691],[108.8071304,34.3582405],[108.8094997,34.3598661],[108.8129305,34.3611869],[108.8147399,34.3618738],[108.8150382,34.361987],[108.81348,34.3633051],[108.8119179,34.3627849],[108.8094311,34.3620813],[108.8087981,34.361913],[108.8067703,34.3608148]]]},"properties":{"osm_id":"293553505","code":7202,"fclass":"park","name":""}},
{"type":"Feature","geometry":{"type":"Polygon","coordinates":[[[108.890697,34.3626939],[108.8880348,34.3620127],[108.8883109,34.3620031],[108.8885595,34.3619864],[108.8888904,34.3619435],[108.8891058,34.361916],[108.8892662,34.3619124],[108.8896116,34.3619065],[108.889944,34.3619303],[108.8903169,34.36199],[108.890632,34.3620675],[108.8909846,34.362157],[108.8907924,34.3626593],[108.8907736,34.3626808],[108.8907432,34.3626939],[108.890697,34.3626939]]]},"properties":{"osm_id":"1232613091","code":7202,"fclass":"park","name":""}},
{"type":"Feature","geometry":{"type":"Polygon","coordinates":[[[108.8909343,34.3628237],[108.8907848,34.3627926],[108.8908237,34.3627876],[108.890848,34.3627685],[108.8910473,34.3622158],[108.8910643,34.3621997],[108.8910899,34.3622077],[108.8912649,34.362288],[108.8914946,34.3623994],[108.8917109,34.3625228],[108.89196,34.3626973],[108.8923951,34.3630204],[108.8925847,34.3631247],[108.8929104,34.3633053],[108.8929845,34.3633845],[108.8927755,34.3633083],[108.8923708,34.3631789],[108.8922699,34.3631698],[108.8909343,34.3628237]]]},"properties":{"osm_id":"1232613092","code":7202,"fclass":"park","name":""}},
{"type":"Feature","geometry":{"type":"Polygon","coordinates":[[[108.731516,34.3635095],[108.7298294,34.3631581],[108.7299516,34.3621401],[108.7318022,34.3625823],[108.731516,34.3635095]]]},"properties":{"osm_id":"1004345413","code":7202,"fclass":"park","name":"文林广场"}},
{"type":"Feature","geometry":{"type":"Polygon","coordinates":[[[108.8148336,34.3640798],[108.8136361,34.3635391],[108.8154182,34.3620658],[108.8159354,34.3621617],[108.8166634,34.3622966],[108.8188307,34.3618361],[108.8241166,34.3620353],[108.8273527,34.3622098],[108.8359228,34.362626],[108.8388336,34.3623441],[108.8387361,34.365257],[108.8395004,34.3662235],[108.8278544,34.3681674],[108.8148336,34.3640798]]]},"properties":{"osm_id":"293553504","code":7202,"fclass":"park","name":""}},
{"type":"Feature","geometry":{"type":"Polygon","coordinates":[[[108.9350354,34.36933],[108.9349262,34.3671748],[108.9350056,34.3670437],[108.9384504,34.3670519],[108.9384902,34.3671503],[108.9382519,34.3693136],[108.9380831,34.3694119],[108.9351248,34.3693955],[108.9350354,34.36933]]]},"properties":{"osm_id":"1029494319","code":7202,"fclass":"park","name":""}},
{"type":"Feature","geometry":{"type":"Polygon","coordinates":[[[108.895612,34.3702823],[108.8955256,34.3702091],[108.8962373,34.3685318],[108.8976356,34.3689351],[108.8969208,34.3706138],[108.8968447,34.3706406],[108.895612,34.3702823]]]},"properties":{"osm_id":"393342387","code":7202,"fclass":"park","name":""}},
{"type":"Feature","geometry":{"type":"Polygon","coordinates":[[[108.9253846,34.3704957],[108.9253305,34.3704301],[108.9254099,34.3691404],[108.9254676,34.3690599],[108.9255867,34.3690153],[108.9256589,34.3690302],[108.9257836,34.3690514],[108.9256554,34.3691568],[108.9256264,34.3693846],[108.9256192,34.3696021],[108.9270144,34.3704848],[108.9275824,34.3708442],[108.9255687,34.3705374],[108.9254568,34.3705255],[108.9253846,34.3704957]]]},"properties":{"osm_id":"1210331739","code":7202,"fclass":"park","name":""}},
{"type":"Feature","geometry":{"type":"Polygon","coordinates":[[[108.9017117,34.3712798],[108.9016751,34.3712],[108.901686,34.371182],[108.9018123,34.3711336],[108.9020663,34.370533],[108.9021729,34.3705017],[108.9030181,34.3707445],[108.902571,34.371793],[108.9025028,34.3717874],[108.9024443,34.3717971],[108.9023878,34.3718269],[108.9023411,34.3718674],[108.9018023,34.3717122],[108.901772,34.3714683],[108.9017117,34.3712798]]]},"properties":{"osm_id":"393343170","code":7202,"fclass":"park","name":""}},
{"type":"Feature","geometry":{"type":"MultiPolygon","coordinates":[[[[109.1698901,34.3572549],[109.1688977,34.3558599],[109.1692625,34.3555854],[109.1696004,34.3553684],[109.1698096,34.3557802],[109.1702388,34.3557581],[109.1704426,34.3562895],[109.1702388,34.3564977],[109.1700242,34.3569184],[109.1699813,34.3571398],[109.1699598,34.3572417],[109.1698901,34.3572549]]],[[[109.1704339,34.3573927],[109.1704258,34.3571175],[109.1705965,34.356802],[109.1708649,34.3565402],[109.1712877,34.3563791],[109.1717674,34.3563254],[109.1722227,34.3564194],[109.1726618,34.3566409],[109.1731578,34.3572316],[109.17367,34.3575538],[109.173914,34.3576612],[109.1740603,34.3577082],[109.1714503,34.3593527],[109.1711738,34.3587553],[109.1711088,34.3588291],[109.1705315,34.3577015],[109.1704339,34.3573927]]]]},"properties":{"osm_id":"17638831","code":7202,"fclass":"park","name":"鹦鹉寺公园"}},
{"type":"Feature","geometry":{"type":"Polygon","coordinates":[[[109.0381157,34.3619483],[109.0377939,34.3598847],[109.0423,34.3591053],[109.0426111,34.3615409],[109.0381157,34.3619483]]]},"properties":{"osm_id":"808104167","code":7202,"fclass":"park","name":""}},
{"type":"Feature","geometry":{"type":"Polygon","coordinates":[[[109.208074,34.3640285],[109.2079975,34.3636964],[109.2082295,34.3636433],[109.208483,34.3636411],[109.2088491,34.364023],[109.2086392,34.3642504],[109.2082843,34.3643187],[109.2081987,34.364013],[109.208074,34.3640285]]]},"properties":{"osm_id":"1341773097","code":7202,"fclass":"park","name":"环园"}},
{"type":"Feature","geometry":{"type":"Polygon","coordinates":[[[109.2052186,34.3664876],[109.2051965,34.3653038],[109.2054616,34.3651845],[109.2056378,34.364707],[109.2064293,34.3643341],[109.206704,34.363934],[109.206888,34.3637659],[109.2071879,34.3637238],[109.2080873,34.3635743],[109.2088526,34.3636392],[109.2093091,34.3642031],[109.2096572,34.3654545],[109.2084522,34.3656485],[109.2072025,34.3658754],[109.2052186,34.3664876]]]},"properties":{"osm_id":"88216827","code":7202,"fclass":"park","name":"华清宫"}},
{"type":"Feature","geometry":{"type":"Polygon","coordinates":[[[109.0574402,34.3690424],[109.057123,34.3673467],[109.0588617,34.3671362],[109.0589745,34.3676977],[109.0597476,34.3676026],[109.0599517,34.3687333],[109.0574402,34.3690424]]]},"properties":{"osm_id":"1091085156","code":7202,"fclass":"park","name":""}},
{"type":"Feature","geometry":{"type":"Polygon","coordinates":[[[109.175562,34.3704706],[109.1726028,34.3684957],[109.1730214,34.3668187],[109.1756883,34.3686119],[109.1764678,34.3692612],[109.177453,34.3705093],[109.1774349,34.3705897],[109.1773736,34.3706404],[109.175894,34.3705987],[109.1757172,34.370557],[109.175562,34.3704706]]]},"properties":{"osm_id":"1229273480","code":7202,"fclass":"park","name":"芷阳广场"}},
{"type":"Feature","geometry":{"type":"Polygon","coordinates":[[[109.0629086,34.3707323],[109.0626314,34.3693308],[109.0627328,34.3692053],[109.0632082,34.369159],[109.0633138,34.3696815],[109.0641612,34.370173],[109.0642255,34.3702013],[109.0643415,34.3699977],[109.0644651,34.3698752],[109.0646064,34.3698053],[109.0647707,34.3697509],[109.0648823,34.3697357],[109.0651277,34.3697358],[109.0653325,34.3697074],[109.0654588,34.3699346],[109.0655757,34.3700949],[109.0660463,34.3699904],[109.0663135,34.3712699],[109.0642922,34.3715472],[109.0640908,34.370574],[109.0629086,34.3707323]]]},"properties":{"osm_id":"1091085155","code":7202,"fclass":"park","name":"启航公园"}},
{"type":"Feature","geometry":{"type":"Polygon","coordinates":[[[109.0108207,34.3738129],[109.0107665,34.3735091],[109.0108061,34.3712997],[109.0108668,34.3712577],[109.0145932,34.3708989],[109.0146762,34.3709459],[109.0143568,34.3747354],[109.0143224,34.3747868],[109.0142709,34.3748205],[109.0141744,34.3748523],[109.0127947,34.375056],[109.0122561,34.3751959],[109.0120651,34.3752561],[109.0119619,34.375301],[109.0119177,34.3753084],[109.0118807,34.3753092],[109.0118275,34.375298],[109.0117706,34.3752704],[109.0117156,34.3752265],[109.0114116,34.3749354],[109.0113349,34.3748524],[109.0110967,34.3745278],[109.0109271,34.3741629],[109.0108207,34.3738129]]]},"properties":{"osm_id":"1236847455","code":7202,"fclass":"park","name":""}},
{"type":"Feature","geometry":{"type":"Polygon","coordinates":[[[108.9536985,34.3751167],[108.9530437,34.3740154],[108.9531229,34.3739805],[108.9533755,34.3741484],[108.9539226,34.3749888],[108.9542069,34.3754382],[108.9546736,34.3760603],[108.9545905,34.3761887],[108.9533486,34.3761599],[108.9532844,34.3761536],[108.9535286,34.3756191],[108.9536985,34.3751167]]]},"properties":{"osm_id":"1099695308","code":7202,"fclass":"park","name":""}},
{"type":"Feature","geometry":{"type":"MultiPolygon","coordinates":[[[[109.0276501,34.3765762],[109.0275828,34.3761468],[109.0276486,34.3760756],[109.0284759,34.3759745],[109.0288435,34.375904],[109.0289632,34.3758864],[109.0295943,34.3758281],[109.0302735,34.3757626],[109.0305839,34.3757261],[109.03071,34.3757069],[109.0309901,34.3756642],[109.0312403,34.3756231],[109.0314261,34.3755854],[109.031466,34.3755765],[109.0316791,34.3755292],[109.0317217,34.3755189],[109.0320542,34.3754382],[109.0324099,34.3753317],[109.0331565,34.3751081],[109.0340249,34.3748837],[109.034504,34.3747807],[109.0349829,34.374742],[109.0352596,34.3746994],[109.0357123,34.3746298],[109.0361184,34.3772278],[109.0353559,34.3772751],[109.0349681,34.3773235],[109.03487,34.3773291],[109.0342645,34.3773242],[109.0337654,34.3773016],[109.0331681,34.3772571],[109.0327766,34.3772249],[109.0321752,34.3771781],[109.0319789,34.3771721],[109.0319055,34.3771699],[109.0315563,34.3771697],[109.0309097,34.3771694],[109.0278976,34.37747],[109.0277879,34.3774036],[109.0276501,34.3765762]]],[[[109.0371268,34.3771052],[109.0367201,34.3745712],[109.0371991,34.3745279],[109.0375582,34.3745168],[109.037873,34.3744837],[109.0380339,34.3744713],[109.0384012,34.3744868],[109.0392832,34.3745175],[109.0394965,34.3745489],[109.0398138,34.3745535],[109.0399838,34.3745282],[109.040502,34.3745137],[109.0434317,34.3742397],[109.0436279,34.3742325],[109.0436851,34.3742515],[109.0437164,34.3742618],[109.0445808,34.3741546],[109.0446504,34.3742502],[109.0448473,34.3754873],[109.0446706,34.3756383],[109.0440946,34.3757046],[109.0439551,34.3757207],[109.0435185,34.3758093],[109.0423168,34.3759511],[109.0420289,34.3759668],[109.041722,34.3760025],[109.0415228,34.3760614],[109.0412248,34.3761187],[109.0408285,34.3762083],[109.0405425,34.376314],[109.0397069,34.3765749],[109.0391267,34.3767428],[109.0387299,34.3768384],[109.0386326,34.3768611],[109.0375836,34.3770534],[109.0371268,34.3771052]]],[[[109.0456782,34.3754495],[109.0454854,34.3741265],[109.0455465,34.3740316],[109.046344,34.3739461],[109.0468036,34.3738452],[109.0479257,34.3737088],[109.0481173,34.3737111],[109.0484856,34.3736731],[109.0486369,34.373626],[109.0520737,34.3732249],[109.0522822,34.3732309],[109.052637,34.3731879],[109.0528101,34.3731319],[109.0551224,34.3728629],[109.0552678,34.3728534],[109.0554074,34.3728525],[109.0555122,34.3728567],[109.0556134,34.3728641],[109.0557131,34.3728801],[109.0558103,34.3729045],[109.0559039,34.3729371],[109.0559929,34.3729774],[109.0560765,34.3730251],[109.0561537,34.3730796],[109.0562236,34.3731404],[109.0562856,34.3732068],[109.0563388,34.3732779],[109.0563829,34.3733531],[109.0564174,34.3734317],[109.056442,34.3735127],[109.0564563,34.3735954],[109.0564603,34.3736789],[109.0564539,34.3737623],[109.0564372,34.3738447],[109.0564103,34.3739252],[109.0563735,34.374003],[109.0563273,34.3740774],[109.056272,34.3741474],[109.0562084,34.3742123],[109.056137,34.3742716],[109.0560586,34.3743244],[109.0559741,34.3743704],[109.0558843,34.3744089],[109.0557902,34.3744397],[109.0556753,34.374472],[109.0555211,34.3745009],[109.0553488,34.3745229],[109.0552039,34.3745382],[109.0549915,34.3745336],[109.0546547,34.3745659],[109.0545016,34.3746215],[109.0509668,34.3749985],[109.0507045,34.3749962],[109.050362,34.3750322],[109.0502062,34.3750813],[109.0470334,34.3754254],[109.0465559,34.3754245],[109.0457802,34.3755069],[109.0456782,34.3754495]]]]},"properties":{"osm_id":"17738441","code":7202,"fclass":"park","name":"西安奥体中央公园"}},
{"type":"Feature","geometry":{"type":"Polygon","coordinates":[[[108.9348865,34.372329],[108.9348071,34.3721651],[108.9350255,34.3699855],[108.9351446,34.3699036],[108.9378846,34.3698954],[108.9380236,34.3699609],[108.9367032,34.3725421],[108.9365146,34.372624],[108.9348865,34.372329]]]},"properties":{"osm_id":"1029494318","code":7202,"fclass":"park","name":""}},
{"type":"Feature","geometry":{"type":"Polygon","coordinates":[[[108.9499975,34.3716782],[108.949987,34.3707976],[108.9502283,34.3708176],[108.9504452,34.3708189],[108.9505905,34.3708341],[108.9507357,34.3708493],[108.9508707,34.3708733],[108.9509453,34.3708872],[108.951611,34.3718238],[108.9499975,34.3716782]]]},"properties":{"osm_id":"686265497","code":7202,"fclass":"park","name":""}},
{"type":"Feature","geometry":{"type":"Polygon","coordinates":[[[108.9437677,34.3741846],[108.9437265,34.3737599],[108.9437399,34.3729804],[108.9437994,34.3728344],[108.9439328,34.3728132],[108.9449353,34.3729463],[108.9450739,34.372989],[108.9452653,34.3745935],[108.9439342,34.374274],[108.9437677,34.3741846]]]},"properties":{"osm_id":"964170882","code":7202,"fclass":"park","name":""}},
{"type":"Feature","geometry":{"type":"Polygon","coordinates":[[[108.9438018,34.3761185],[108.9437926,34.3749705],[108.9440122,34.3748463],[108.9456014,34.3753105],[108.9443456,34.3761032],[108.9438018,34.3761185]]]},"properties":{"osm_id":"686265955","code":7202,"fclass":"park","name":""}},
{"type":"Feature","geometry":{"type":"Polygon","coordinates":[[[108.6975592,34.3828073],[108.6950576,34.3784642],[108.6962795,34.372755],[108.700229,34.3733605],[108.6985576,34.381],[108.6994678,34.3811638],[108.6991065,34.3830394],[108.6975592,34.3828073]]]},"properties":{"osm_id":"1015568873","code":7202,"fclass":"park","name":""}},
{"type":"Feature","geometry":{"type":"Polygon","coordinates":[[[108.8092119,34.3746491],[108.8053295,34.3725914],[108.8057489,34.3719836],[108.8071824,34.3701693],[108.8086151,34.3709169],[108.8118821,34.3721153],[108.8136703,34.3725269],[108.8141835,34.3726991],[108.8229847,34.3754584],[108.8301131,34.3783946],[108.8331254,34.3798271],[108.8377225,34.3822007],[108.8367376,34.3846315],[108.8362222,34.3873615],[108.8348595,34.3875263],[108.8326982,34.3870884],[108.8239205,34.3826743],[108.8216846,34.381478],[108.8092119,34.3746491]]]},"properties":{"osm_id":"400405119","code":7202,"fclass":"park","name":"秦汉渭河湖泊湿地生态公园"}},
{"type":"Feature","geometry":{"type":"Polygon","coordinates":[[[108.9242724,34.3798836],[108.9242458,34.3798067],[108.924632,34.3787184],[108.925238,34.3795099],[108.925591,34.3798616],[108.9263235,34.3801035],[108.9302593,34.3812522],[108.9303395,34.3810759],[108.9305115,34.3811502],[108.9306182,34.3812082],[108.930822,34.3813375],[108.9313358,34.3809143],[108.9322421,34.3812238],[108.9318709,34.3820487],[108.9304924,34.3816915],[108.9261371,34.3804109],[108.9242724,34.3798836]]]},"properties":{"osm_id":"1029494321","code":7202,"fclass":"park","name":""}},
{"type":"Feature","geometry":{"type":"Polygon","coordinates":[[[108.9324357,34.3811136],[108.9324304,34.381077],[108.9324424,34.381021],[108.9326502,34.3804905],[108.9327011,34.3804321],[108.9327373,34.3804197],[108.9328,34.3804187],[108.9328121,34.3803659],[108.9328775,34.3802259],[108.9336802,34.3804291],[108.9337235,34.3803155],[108.93495,34.3806003],[108.9349167,34.3806969],[108.9350666,34.3807287],[108.9351102,34.3807892],[108.9352747,34.3808337],[108.9352875,34.3807926],[108.9354683,34.3808328],[108.9355013,34.3807446],[108.9358312,34.3808293],[108.9354822,34.3817769],[108.9355844,34.3817884],[108.9355203,34.3819409],[108.9343904,34.3816571],[108.9344034,34.3816331],[108.9324855,34.3811646],[108.9324545,34.3811434],[108.9324357,34.3811136]]]},"properties":{"osm_id":"879042496","code":7202,"fclass":"park","name":"西安北站北广场"}},
{"type":"Feature","geometry":{"type":"Polygon","coordinates":[[[108.928648,34.3819604],[108.9270428,34.3814061],[108.927096,34.3812851],[108.9313981,34.3825328],[108.9314913,34.3826866],[108.9309852,34.3837199],[108.9302554,34.3829454],[108.9295347,34.3824165],[108.928648,34.3819604]]]},"properties":{"osm_id":"1029494320","code":7202,"fclass":"park","name":""}},
{"type":"Feature","geometry":{"type":"Polygon","coordinates":[[[108.7940824,34.3832019],[108.7938956,34.3830477],[108.7946553,34.3812491],[108.79506,34.381005],[108.7962648,34.3813493],[108.79723,34.3818606],[108.7973545,34.3820816],[108.7973701,34.3823051],[108.7972611,34.3825287],[108.797065,34.3826957],[108.7967132,34.3830246],[108.7963209,34.3834048],[108.7960345,34.383744],[108.7957418,34.3841191],[108.7954305,34.3839881],[108.7950382,34.383798],[108.794649,34.3835693],[108.7943377,34.3833791],[108.7940824,34.3832019]]]},"properties":{"osm_id":"1263159072","code":7202,"fclass":"park","name":""}},
{"type":"Feature","geometry":{"type":"Polygon","coordinates":[[[109.0129221,34.3772276],[109.0120797,34.3755186],[109.0131048,34.3753092],[109.0141909,34.3751919],[109.0140996,34.3776213],[109.0136732,34.3775208],[109.0129221,34.3772276]]]},"properties":{"osm_id":"1091085202","code":7202,"fclass":"park","name":""}},
{"type":"Feature","geometry":{"type":"Polygon","coordinates":[[[109.2176509,34.3804533],[109.2158719,34.3771416],[109.2158755,34.3770866],[109.2159064,34.3770688],[109.2159589,34.3770638],[109.2186004,34.3785209],[109.2187222,34.378703],[109.2186816,34.3790251],[109.2185955,34.379315],[109.2184461,34.3796291],[109.2183104,34.3798746],[109.2181076,34.3801893],[109.217856,34.3804932],[109.2177876,34.3805318],[109.2177313,34.3805396],[109.2176912,34.3805126],[109.2176509,34.3804533]]]},"properties":{"osm_id":"289884562","code":7202,"fclass":"park","name":"唐韵园中心广场"}},
{"type":"Feature","geometry":{"type":"Polygon","coordinates":[[[109.0008873,34.3808157],[109.0002624,34.3773379],[109.0025973,34.3770134],[109.0027453,34.3770269],[109.0028997,34.3770443],[109.0029973,34.3770711],[109.0031209,34.3771423],[109.0031729,34.3772376],[109.0031729,34.3773382],[109.0030998,34.3775718],[109.0029428,34.378008],[109.0028388,34.3784079],[109.0028323,34.3788267],[109.0029006,34.37924],[109.0030339,34.3796024],[109.0031998,34.3799165],[109.0033754,34.3801768],[109.003447,34.3803137],[109.0034762,34.3806224],[109.00346,34.3809687],[109.0011345,34.3809767],[109.0008873,34.3808157]]]},"properties":{"osm_id":"1295586265","code":7202,"fclass":"park","name":""}},
{"type":"Feature","geometry":{"type":"Polygon","coordinates":[[[108.9927913,34.3820447],[108.9921177,34.3784393],[108.999528,34.3774452],[109.0003134,34.380922],[108.9927913,34.3820447]]]},"properties":{"osm_id":"1209021930","code":7202,"fclass":"park","name":""}},
{"type":"Feature","geometry":{"type":"Polygon","coordinates":[[[109.0125466,34.3813742],[109.0120797,34.3812486],[109.0129323,34.3795899],[109.0140183,34.3788109],[109.0138661,34.3812486],[109.0137037,34.3813742],[109.0125466,34.3813742]]]},"properties":{"osm_id":"1091085201","code":7202,"fclass":"park","name":""}},
{"type":"Feature","geometry":{"type":"Polygon","coordinates":[[[109.2486039,34.3840704],[109.248297,34.374004],[109.2592955,34.3737966],[109.2596326,34.3863911],[109.2596358,34.3864498],[109.2596394,34.3865171],[109.259662,34.388458],[109.2598238,34.3938222],[109.2488963,34.3940733],[109.2486039,34.3840704]]]},"properties":{"osm_id":"378143131","code":7202,"fclass":"park","name":"秦始皇帝陵博物院丽山园"}},
{"type":"Feature","geometry":{"type":"Polygon","coordinates":[[[109.2759975,34.3865069],[109.270656,34.3866039],[109.2707032,34.3831661],[109.2714001,34.3831619],[109.2713858,34.3833135],[109.2758691,34.3831612],[109.2787129,34.3830663],[109.2790206,34.3832183],[109.2791457,34.3833551],[109.279182,34.3840224],[109.2791953,34.3847036],[109.2792046,34.384957],[109.2793856,34.3898814],[109.2793894,34.3913654],[109.2761632,34.3905355],[109.2759975,34.3865069]]]},"properties":{"osm_id":"71235670","code":7202,"fclass":"park","name":"秦始皇兵马俑博物馆"}},
{"type":"Feature","geometry":{"type":"Polygon","coordinates":[[[109.2074069,34.3892697],[109.2072731,34.3893475],[109.2050686,34.3866707],[109.2039428,34.3854157],[109.2041432,34.3852304],[109.2041904,34.3852378],[109.2053037,34.3864164],[109.2064098,34.3877683],[109.2064765,34.3877757],[109.2070632,34.3873801],[109.2082702,34.3887949],[109.2074069,34.3892697]]]},"properties":{"osm_id":"1229272370","code":7202,"fclass":"park","name":""}},
{"type":"Feature","geometry":{"type":"Polygon","coordinates":[[[109.2074041,34.3874472],[109.207389,34.3874205],[109.2074005,34.387398],[109.2080061,34.3869827],[109.208053,34.3869768],[109.2080927,34.3869902],[109.2085041,34.3874384],[109.2085149,34.3874786],[109.2084896,34.3875337],[109.2078978,34.387967],[109.2078617,34.3879714],[109.2078166,34.3879327],[109.2074041,34.3874472]]]},"properties":{"osm_id":"1229272369","code":7202,"fclass":"park","name":""}},
{"type":"Feature","geometry":{"type":"Polygon","coordinates":[[[109.0609821,34.3889191],[109.0607057,34.3875214],[109.0622017,34.38732],[109.0624778,34.3887178],[109.0609821,34.3889191]]]},"properties":{"osm_id":"1091085149","code":7202,"fclass":"park","name":""}},
{"type":"Feature","geometry":{"type":"Polygon","coordinates":[[[108.8329078,34.3832334],[108.832897,34.3830507],[108.8330688,34.3828886],[108.8333325,34.3828376],[108.8334508,34.3827653],[108.8337182,34.3825789],[108.8340018,34.382515],[108.8342463,34.3825965],[108.8343412,34.3827193],[108.8344497,34.3828834],[108.8345374,34.383026],[108.8347933,34.3831045],[108.8349406,34.3831568],[108.8350104,34.3832594],[108.8350224,34.3835296],[108.8348115,34.3837518],[108.8343918,34.383865],[108.8340193,34.3838953],[108.8339053,34.383797],[108.8338662,34.3835638],[108.8337165,34.3834197],[108.8335161,34.3834002],[108.8331582,34.3834487],[108.8329904,34.3833739],[108.8329078,34.3832334]]]},"properties":{"osm_id":"1263232355","code":7202,"fclass":"park","name":""}},
{"type":"Feature","geometry":{"type":"Polygon","coordinates":[[[108.7966291,34.3844506],[108.7962555,34.3843247],[108.7966976,34.3838365],[108.7971397,34.3833946],[108.7976254,34.3829629],[108.7981702,34.3825647],[108.7983788,34.382503],[108.7987306,34.3824722],[108.7991883,34.3826006],[108.8004772,34.3831325],[108.7998576,34.3832378],[108.7992443,34.3833894],[108.7987399,34.383541],[108.797999,34.3838005],[108.7973421,34.3840883],[108.7966291,34.3844506]]]},"properties":{"osm_id":"1263159073","code":7202,"fclass":"park","name":""}},
{"type":"Feature","geometry":{"type":"Polygon","coordinates":[[[108.7970904,34.3845583],[108.7967802,34.3844848],[108.7973246,34.3842633],[108.7978545,34.3840192],[108.7986802,34.383709],[108.7992964,34.3835158],[108.8000482,34.3833429],[108.800609,34.3832513],[108.8029382,34.384243],[108.8028335,34.3846346],[108.8008862,34.3847821],[108.7995799,34.3848583],[108.7986063,34.3848176],[108.7977374,34.3846854],[108.7970904,34.3845583]]]},"properties":{"osm_id":"879042482","code":7202,"fclass":"park","name":""}},
{"type":"Feature","geometry":{"type":"Polygon","coordinates":[[[108.8201782,34.381704],[108.8191537,34.3813577],[108.8192589,34.3811624],[108.8195209,34.38107],[108.8197063,34.3808358],[108.8197208,34.3806719],[108.8209347,34.3813105],[108.8238244,34.3828595],[108.8251757,34.3835934],[108.8265681,34.3843625],[108.8272191,34.3846675],[108.8285432,34.3852877],[108.8314306,34.3866949],[108.8320553,34.3869549],[108.8326768,34.3871946],[108.8336678,34.3874829],[108.8345183,34.3876019],[108.8359998,34.3876881],[108.8366753,34.3877383],[108.8367647,34.3879912],[108.8364502,34.3891104],[108.8361493,34.3890323],[108.8349163,34.3886341],[108.8335235,34.388083],[108.832478,34.3876995],[108.8317102,34.3873684],[108.8307175,34.3868904],[108.8292503,34.3861506],[108.828413,34.3857612],[108.8279372,34.3855399],[108.8261996,34.3846922],[108.8250087,34.3840598],[108.8237314,34.383436],[108.8228303,34.3829882],[108.8219472,34.3825077],[108.8210437,34.3820513],[108.8201782,34.381704]]]},"properties":{"osm_id":"1263463869","code":7202,"fclass":"park","name":""}},
{"type":"Feature","geometry":{"type":"Polygon","coordinates":[[[108.9333666,34.3840663],[108.9319008,34.3829882],[108.9319803,34.3828008],[108.9321131,34.3827234],[108.9333636,34.3829853],[108.9337079,34.3830932],[108.9369668,34.3838626],[108.9401392,34.384676],[108.9406926,34.3849296],[108.9412048,34.3850496],[108.9414516,34.3850286],[108.9432722,34.3853917],[108.9413897,34.3894438],[108.9408861,34.3905279],[108.9398218,34.3896024],[108.9364745,34.3862202],[108.9347149,34.38429],[108.9333666,34.3840663]]]},"properties":{"osm_id":"365313395","code":7202,"fclass":"park","name":"文景山公园"}},
{"type":"Feature","geometry":{"type":"Polygon","coordinates":[[[108.7931483,34.3900606],[108.7926227,34.389978],[108.7933221,34.3881219],[108.7933929,34.3879948],[108.7936179,34.3880736],[108.7936271,34.3880151],[108.7935963,34.3879973],[108.7936672,34.3878753],[108.7934946,34.3878066],[108.7938397,34.3872854],[108.7940954,34.3868684],[108.794563,34.3863333],[108.7944207,34.3862226],[108.7944232,34.3862639],[108.7939695,34.3867828],[108.7934735,34.3875478],[108.7933841,34.3875813],[108.7932133,34.3879571],[108.7929856,34.3878866],[108.7935629,34.3868902],[108.7939979,34.3862762],[108.7943598,34.385924],[108.7945712,34.3854979],[108.7949818,34.3856488],[108.7951322,34.3858803],[108.7956282,34.3859139],[108.7957298,34.3859139],[108.796116,34.3860347],[108.7961323,34.3861521],[108.7960957,34.3865715],[108.7960673,34.3868634],[108.7958233,34.3868097],[108.7957014,34.3869607],[108.7959046,34.387058],[108.7954127,34.3879269],[108.7948517,34.3880644],[108.7948679,34.3881349],[108.7949696,34.3881181],[108.7953883,34.3882288],[108.7951281,34.3886314],[108.7950306,34.3888361],[108.7950184,34.3891749],[108.794998,34.3893393],[108.7949777,34.3894869],[108.7949533,34.3895272],[108.794311,34.3892353],[108.7942215,34.3892152],[108.7944207,34.3888394],[108.7944207,34.3886314],[108.7945386,34.3882959],[108.7941931,34.3882657],[108.7940955,34.3883765],[108.7940305,34.3885107],[108.7936483,34.3893561],[108.7933759,34.3899063],[108.7933475,34.3899801],[108.7931483,34.3900606]]]},"properties":{"osm_id":"879042481","code":7202,"fclass":"park","name":""}},
{"type":"Feature","geometry":{"type":"Polygon","coordinates":[[[108.8040381,34.3833901],[108.8037419,34.3832399],[108.8041031,34.3832525],[108.8052308,34.3835053],[108.8059623,34.3837281],[108.8069699,34.3841055],[108.8080129,34.3844935],[108.8092393,34.3849596],[108.8107332,34.385536],[108.8124946,34.3862074],[108.8135173,34.3865923],[108.8149423,34.3871399],[108.8166738,34.3878174],[108.8174908,34.3881584],[108.8189878,34.3888577],[108.8204742,34.3895545],[108.8222628,34.3903919],[108.823653,34.3910666],[108.8235487,34.3911823],[108.8239401,34.3913795],[108.8238445,34.3915132],[108.8245094,34.3918187],[108.8245993,34.3916894],[108.8251768,34.3919288],[108.8253388,34.3920009],[108.8251522,34.3923113],[108.8249994,34.3923818],[108.8233048,34.3916379],[108.8203472,34.390361],[108.8175381,34.3891409],[108.8153475,34.3881701],[108.812841,34.387128],[108.8091958,34.3855219],[108.8060884,34.3842898],[108.8058712,34.3842023],[108.8058986,34.3841203],[108.8040381,34.3833901]]]},"properties":{"osm_id":"1263463868","code":7202,"fclass":"park","name":""}},
{"type":"Feature","geometry":{"type":"Polygon","coordinates":[[[108.9476413,34.3899816],[108.9472771,34.3898745],[108.9491891,34.3869676],[108.9493779,34.386877],[108.9522283,34.3876541],[108.9521083,34.387871],[108.9494239,34.3870729],[108.9481625,34.3891305],[108.9476413,34.3899816]]]},"properties":{"osm_id":"1206214136","code":7202,"fclass":"park","name":""}},
{"type":"Feature","geometry":{"type":"Polygon","coordinates":[[[108.9468249,34.3913147],[108.9464784,34.3911505],[108.9471547,34.3901061],[108.9474864,34.3902346],[108.9468249,34.3913147]]]},"properties":{"osm_id":"1206214135","code":7202,"fclass":"park","name":""}},
{"type":"Feature","geometry":{"type":"Polygon","coordinates":[[[108.8488407,34.3919554],[108.8463196,34.3914409],[108.8466706,34.3904055],[108.8465405,34.3903793],[108.8466296,34.3900093],[108.8465002,34.3899712],[108.846692,34.389324],[108.8497459,34.3905861],[108.8505827,34.3909311],[108.8512539,34.3911991],[108.8517547,34.3913791],[108.8525645,34.3916388],[108.8531692,34.3917904],[108.8535789,34.3918663],[108.8540078,34.3919403],[108.8544373,34.3919932],[108.8544205,34.392046],[108.8541681,34.3920561],[108.854015,34.3920905],[108.8538634,34.3921556],[108.8537018,34.3922504],[108.8535052,34.3923923],[108.8533187,34.3925511],[108.8531323,34.3926427],[108.8529958,34.3926957],[108.8527884,34.3927303],[108.8511654,34.3924759],[108.8492497,34.392082],[108.8488407,34.3919554]]]},"properties":{"osm_id":"1263232351","code":7202,"fclass":"park","name":""}},
{"type":"Feature","geometry":{"type":"Polygon","coordinates":[[[109.2816877,34.3888339],[109.2816795,34.3884399],[109.28237,34.3884301],[109.2823783,34.3888241],[109.2816877,34.3888339]]]},"properties":{"osm_id":"361239028","code":7202,"fclass":"park","name":""}},
{"type":"Feature","geometry":{"type":"Polygon","coordinates":[[[109.0394075,34.3926711],[109.0385665,34.3854491],[109.0388973,34.3854315],[109.0397034,34.3926175],[109.0394075,34.3926711]]]},"properties":{"osm_id":"1213510524","code":7202,"fclass":"park","name":""}},
{"type":"Feature","geometry":{"type":"Polygon","coordinates":[[[109.2080368,34.3899629],[109.2079941,34.3899553],[109.2079662,34.3899216],[109.2080149,34.3898941],[109.2078255,34.3896656],[109.2077826,34.3896898],[109.2077625,34.3896655],[109.2077347,34.3896722],[109.2074181,34.3892894],[109.2074069,34.3892697],[109.2082702,34.3887949],[109.2083243,34.3891582],[109.2083388,34.3892535],[109.2083731,34.389313],[109.2086238,34.3896094],[109.2080368,34.3899629]]]},"properties":{"osm_id":"1208797975","code":7202,"fclass":"park","name":"临潼站站前广场"}},
{"type":"Feature","geometry":{"type":"Polygon","coordinates":[[[109.2086238,34.3896094],[109.2090525,34.3898295],[109.2091824,34.389971],[109.2092004,34.3900707],[109.2095198,34.3906961],[109.2087883,34.3911094],[109.2084915,34.3907469],[109.2086846,34.3906315],[109.2083887,34.3902965],[109.2083481,34.3903032],[109.2082949,34.3902652],[109.208275,34.3902756],[109.208035,34.3900076],[109.2080368,34.3899629],[109.2086238,34.3896094]]]},"properties":{"osm_id":"1229272374","code":7202,"fclass":"park","name":""}},
{"type":"Feature","geometry":{"type":"Polygon","coordinates":[[[109.0377319,34.3923118],[109.0369835,34.3859388],[109.0372828,34.3859187],[109.0380923,34.3924644],[109.0384518,34.3964081],[109.0383676,34.3964692],[109.0381444,34.3964252],[109.0377319,34.3923118]]]},"properties":{"osm_id":"1213510522","code":7202,"fclass":"park","name":""}},
{"type":"Feature","geometry":{"type":"Polygon","coordinates":[[[109.1414753,34.3940031],[109.141387,34.3934929],[109.1421881,34.3933004],[109.1420834,34.3928672],[109.1419531,34.39288],[109.1417798,34.3910568],[109.143996,34.3910852],[109.1440132,34.3918042],[109.1452876,34.3918056],[109.1457027,34.3945205],[109.1452482,34.3945573],[109.1453837,34.3960038],[109.1432584,34.3961906],[109.1432207,34.3959401],[109.1429668,34.395967],[109.1429891,34.3961821],[109.1418519,34.39611],[109.141634,34.3939847],[109.1414753,34.3940031]]]},"properties":{"osm_id":"1047648416","code":7202,"fclass":"park","name":"鸣犊泉公园"}},
{"type":"Feature","geometry":{"type":"Polygon","coordinates":[[[109.2744826,34.3936944],[109.2743938,34.3903851],[109.2787145,34.3914759],[109.2788552,34.3916783],[109.2789273,34.3918806],[109.2791114,34.398227],[109.2783306,34.3982239],[109.278282,34.3968305],[109.2780877,34.3968244],[109.278013,34.3935504],[109.2744826,34.3936944]]]},"properties":{"osm_id":"1289729775","code":7202,"fclass":"park","name":""}},
{"type":"Feature","geometry":{"type":"Polygon","coordinates":[[[109.0400487,34.3967268],[109.0397574,34.3966717],[109.0397088,34.3965766],[109.0394812,34.3934215],[109.0396117,34.3932838],[109.0397998,34.3932713],[109.0400517,34.3964965],[109.0400487,34.3967268]]]},"properties":{"osm_id":"1213510523","code":7202,"fclass":"park","name":""}},
{"type":"Feature","geometry":{"type":"Polygon","coordinates":[[[109.030765,34.3967643],[109.0307409,34.3961812],[109.0310811,34.3960264],[109.035795,34.3966976],[109.0356533,34.3973332],[109.030765,34.3967643]]]},"properties":{"osm_id":"879228528","code":7202,"fclass":"park","name":""}},
{"type":"Feature","geometry":{"type":"Polygon","coordinates":[[[109.0380397,34.3973188],[109.0364281,34.3970617],[109.0364804,34.3968244],[109.0382056,34.3970935],[109.0381369,34.3975149],[109.0380028,34.3974976],[109.0380397,34.3973188]]]},"properties":{"osm_id":"1213510527","code":7202,"fclass":"park","name":""}},
{"type":"Feature","geometry":{"type":"Polygon","coordinates":[[[108.8118553,34.3964905],[108.8104606,34.3964197],[108.8113832,34.394711],[108.8106537,34.39441],[108.812381,34.3882569],[108.8146522,34.3892275],[108.8147924,34.3892874],[108.8159859,34.3897974],[108.8153763,34.3907852],[108.8153142,34.3908858],[108.8128462,34.394885],[108.8124756,34.3954855],[108.8118553,34.3964905]]]},"properties":{"osm_id":"737718904","code":7202,"fclass":"park","name":"渭柳公园"}},
{"type":"Feature","geometry":{"type":"Polygon","coordinates":[[[108.9454831,34.3932383],[108.9451796,34.3931257],[108.946162,34.3916391],[108.9464124,34.3917108],[108.9454831,34.3932383]]]},"properties":{"osm_id":"1206214134","code":7202,"fclass":"park","name":""}},
{"type":"Feature","geometry":{"type":"Polygon","coordinates":[[[108.8382076,34.3936756],[108.8381703,34.3936725],[108.838625,34.3922932],[108.8391312,34.3924085],[108.8386535,34.3937554],[108.8382076,34.3936756]]]},"properties":{"osm_id":"1263230202","code":7202,"fclass":"park","name":""}},
{"type":"Feature","geometry":{"type":"Polygon","coordinates":[[[108.9443523,34.3950967],[108.9441219,34.3948716],[108.9450381,34.3934002],[108.9450703,34.3933789],[108.9451196,34.3933789],[108.9453473,34.3934614],[108.9443523,34.3950967]]]},"properties":{"osm_id":"1206214133","code":7202,"fclass":"park","name":""}},
{"type":"Feature","geometry":{"type":"Polygon","coordinates":[[[108.7851648,34.3963882],[108.7847212,34.396315],[108.7849164,34.395587],[108.7851355,34.3947854],[108.7854062,34.3948122],[108.7857636,34.3948148],[108.7860319,34.3948455],[108.7866203,34.3948635],[108.7873946,34.3951753],[108.7871433,34.3967149],[108.7851648,34.3963882]]]},"properties":{"osm_id":"1263155946","code":7202,"fclass":"park","name":""}},
{"type":"Feature","geometry":{"type":"Polygon","coordinates":[[[108.8550866,34.3971878],[108.8546429,34.3970811],[108.8551174,34.3950777],[108.8553269,34.395215],[108.8554748,34.3953624],[108.8555734,34.3954947],[108.8551914,34.3971116],[108.8550866,34.3971878]]]},"properties":{"osm_id":"879042489","code":7202,"fclass":"park","name":""}},
{"type":"Feature","geometry":{"type":"Polygon","coordinates":[[[108.8429471,34.3980619],[108.8417048,34.3978086],[108.8419364,34.3949031],[108.844472,34.3953677],[108.8433983,34.3971332],[108.8433292,34.3972467],[108.8429471,34.3980619]]]},"properties":{"osm_id":"1263218819","code":7202,"fclass":"park","name":""}},
{"type":"Feature","geometry":{"type":"Polygon","coordinates":[[[108.8545489,34.3993039],[108.8542972,34.3992491],[108.8545505,34.3981844],[108.8546799,34.3980675],[108.8546799,34.397981],[108.8546183,34.397798],[108.854569,34.3976658],[108.8546023,34.397572],[108.8549522,34.3976521],[108.8550453,34.3977605],[108.8547854,34.399208],[108.8545489,34.3993039]]]},"properties":{"osm_id":"879042488","code":7202,"fclass":"park","name":""}},
{"type":"Feature","geometry":{"type":"Polygon","coordinates":[[[108.8585154,34.40184],[108.8551103,34.401181],[108.8552886,34.4004539],[108.8586699,34.4011594],[108.8588842,34.4000874],[108.8591126,34.3995106],[108.8594322,34.3995793],[108.8595217,34.3989905],[108.8563362,34.3983122],[108.856372,34.3980077],[108.8585838,34.3984198],[108.8587359,34.3979215],[108.8597309,34.3981144],[108.8602169,34.3962487],[108.8585723,34.395918],[108.8590282,34.395363],[108.8595137,34.3950794],[108.8598416,34.3950112],[108.860491,34.3951116],[108.8644051,34.395915],[108.8635498,34.3993965],[108.8658744,34.3999572],[108.8658342,34.4001007],[108.8660896,34.4002263],[108.8654566,34.4032715],[108.8650918,34.4032361],[108.8652811,34.4023464],[108.8629341,34.4019027],[108.8623238,34.4043869],[108.8629997,34.4045905],[108.8627636,34.4053694],[108.8638794,34.4057235],[108.8637829,34.4060156],[108.8575628,34.4039395],[108.8577767,34.4031977],[108.8581649,34.4032885],[108.8585154,34.40184]],[[108.8634491,34.3998066],[108.8630566,34.4014042],[108.8654035,34.401848],[108.8657844,34.4002788],[108.8634491,34.3998066]]]},"properties":{"osm_id":"11050405","code":7202,"fclass":"park","name":"秦汉新城大秦文明园"}},
{"type":"Feature","geometry":{"type":"Polygon","coordinates":[[[108.8740784,34.4024723],[108.8738485,34.4021468],[108.8745769,34.3988953],[108.8746799,34.3988147],[108.8748577,34.3988628],[108.8769222,34.4000506],[108.8767466,34.4002363],[108.8757488,34.3996534],[108.8753476,34.3994215],[108.8752364,34.3994728],[108.874175,34.402289],[108.8742128,34.4024723],[108.8740784,34.4024723]]]},"properties":{"osm_id":"1263387129","code":7202,"fclass":"park","name":""}},
{"type":"Feature","geometry":{"type":"Polygon","coordinates":[[[108.8780106,34.4011576],[108.8769146,34.4003857],[108.8771236,34.4001779],[108.878882,34.4013971],[108.8786992,34.4015968],[108.8780106,34.4011576]]]},"properties":{"osm_id":"1263387130","code":7202,"fclass":"park","name":""}},
{"type":"Feature","geometry":{"type":"Polygon","coordinates":[[[108.8574695,34.3924734],[108.8574051,34.3923413],[108.8609053,34.3929446],[108.8626872,34.3932569],[108.863294,34.3933612],[108.8637368,34.3934556],[108.8642543,34.3935954],[108.8674971,34.3945042],[108.8708273,34.3954546],[108.8719192,34.3957615],[108.8736151,34.3962564],[108.8740793,34.3963885],[108.874329,34.3964845],[108.8745286,34.3965896],[108.8747816,34.3967392],[108.8764128,34.3978074],[108.8777202,34.3986838],[108.8824824,34.4018662],[108.8831392,34.4022696],[108.8845934,34.4030286],[108.8876258,34.4045556],[108.8883975,34.4049295],[108.8889062,34.40517],[108.8892492,34.4053083],[108.8896051,34.4054096],[108.8933101,34.4062132],[108.8958224,34.4066382],[108.8978442,34.4068038],[108.8983499,34.4068699],[108.9020357,34.4081282],[108.9027403,34.408328],[108.9031641,34.4083796],[108.9035078,34.4083685],[108.9053559,34.4081725],[108.9064478,34.4081857],[108.90737,34.4082401],[108.9135872,34.409241],[108.9143076,34.4093588],[108.9142488,34.4095635],[108.9130009,34.4094017],[108.9118782,34.4093407],[108.9116008,34.4092627],[108.9112611,34.4091209],[108.9110314,34.4090569],[108.9107738,34.4090389],[108.9103058,34.409063],[108.9099921,34.4090546],[108.9095579,34.4090024],[108.9090431,34.4088881],[108.9086228,34.4088535],[108.9082585,34.4088868],[108.9075389,34.4090695],[108.9041973,34.4090932],[108.9017881,34.4090211],[108.9007222,34.4089266],[108.8997434,34.4087989],[108.8973444,34.4082074],[108.8939377,34.4074106],[108.8910547,34.4068067],[108.8893666,34.4063658],[108.8882625,34.4060258],[108.8872029,34.4056593],[108.8862813,34.4052734],[108.8852714,34.4047591],[108.8839307,34.4040118],[108.8834076,34.403668],[108.881307,34.402244],[108.879612,34.4010666],[108.8781842,34.4000506],[108.8772633,34.3994193],[108.8766391,34.3990432],[108.8757957,34.3985808],[108.8748656,34.3981044],[108.8735413,34.3975139],[108.8717858,34.3968574],[108.8686495,34.3960688],[108.8607652,34.3944126],[108.8602659,34.3942993],[108.8600181,34.3942107],[108.8598375,34.3940729],[108.859725,34.3939025],[108.8595878,34.3935586],[108.8594673,34.3933471],[108.8593151,34.3931887],[108.8591115,34.3930492],[108.8588946,34.3929659],[108.8578663,34.3927217],[108.8577082,34.392667],[108.8575842,34.3925787],[108.8574695,34.3924734]]]},"properties":{"osm_id":"1263388825","code":7202,"fclass":"park","name":""}},
{"type":"Feature","geometry":{"type":"Polygon","coordinates":[[[108.7798941,34.4005981],[108.7795186,34.4004034],[108.7809597,34.3959735],[108.7899041,34.3976059],[108.7872219,34.4059537],[108.7863207,34.4059448],[108.7857306,34.4056793],[108.7850225,34.4051924],[108.7838101,34.4043692],[108.7818897,34.4040328],[108.7814067,34.403933],[108.7809911,34.4037066],[108.7806902,34.4033794],[108.7805378,34.4029882],[108.7805486,34.4013063],[108.7805083,34.4010688],[108.7803739,34.4008562],[108.780161,34.400693],[108.7798941,34.4005981]]]},"properties":{"osm_id":"737718934","code":7202,"fclass":"park","name":"陕西张裕瑞那城堡酒庄"}},
{"type":"Feature","geometry":{"type":"Polygon","coordinates":[[[108.8539338,34.4027758],[108.8526711,34.4023486],[108.8531147,34.4022011],[108.853429,34.402074],[108.85362,34.4019113],[108.8537926,34.4016673],[108.8537802,34.4014232],[108.8537556,34.4011232],[108.854076,34.3995318],[108.8541808,34.399481],[108.8545197,34.399542],[108.8546728,34.3996761],[108.8539338,34.4027758]]]},"properties":{"osm_id":"879042487","code":7202,"fclass":"park","name":""}},
{"type":"Feature","geometry":{"type":"Polygon","coordinates":[[[108.8742067,34.3962387],[108.8741978,34.3962285],[108.8742279,34.3962151],[108.8747588,34.3961882],[108.8751447,34.3961907],[108.8754509,34.3962431],[108.876047,34.3963924],[108.8784139,34.397011],[108.8802435,34.397592],[108.8823366,34.3983095],[108.8852234,34.3994838],[108.8862082,34.3998998],[108.8912546,34.4019813],[108.8994077,34.4053355],[108.9024977,34.4066574],[108.9019009,34.4074678],[108.9029221,34.4079226],[108.9040263,34.407759],[108.9042735,34.4074168],[108.9045613,34.4075134],[108.9052362,34.4076852],[108.9058021,34.4078126],[108.9061176,34.4079092],[108.9062369,34.407982],[108.9056059,34.4079806],[108.9051724,34.4079988],[108.9047361,34.4080456],[108.9040016,34.4081269],[108.9034174,34.4081757],[108.903071,34.4081763],[108.9027449,34.4081073],[108.9022449,34.4079745],[108.9015819,34.4077515],[108.8991185,34.4068999],[108.8986346,34.4067517],[108.8982087,34.4066377],[108.8980172,34.4066061],[108.8977418,34.4065889],[108.8967921,34.4065326],[108.8954716,34.4063742],[108.8946585,34.4062401],[108.8897978,34.4052427],[108.8894287,34.4051524],[108.8891047,34.4050409],[108.888446,34.4047399],[108.887549,34.4042902],[108.8858239,34.4034457],[108.8845303,34.4027897],[108.8831231,34.4020416],[108.88231,34.4014862],[108.8784486,34.3988962],[108.8772872,34.398149],[108.8747347,34.3964863],[108.8744474,34.3963263],[108.8742067,34.3962387]]]},"properties":{"osm_id":"1295993996","code":7202,"fclass":"park","name":""}},
{"type":"Feature","geometry":{"type":"Polygon","coordinates":[[[108.6311575,34.4050061],[108.6309932,34.4045203],[108.6323078,34.3996958],[108.6423862,34.4008935],[108.6417289,34.4041926],[108.6394832,34.405876],[108.6311575,34.4050061]]]},"properties":{"osm_id":"1298843323","code":7202,"fclass":"park","name":""}},
{"type":"Feature","geometry":{"type":"Polygon","coordinates":[[[108.8800137,34.4025625],[108.8789533,34.4017555],[108.8791433,34.4015369],[108.8810876,34.4029538],[108.8810086,34.403833],[108.8807755,34.4047532],[108.8806604,34.4047515],[108.8805006,34.4046971],[108.8806259,34.4041486],[108.8799888,34.4040519],[108.8801725,34.4029809],[108.8798298,34.4027819],[108.8800658,34.4026335],[108.8800137,34.4025625]]]},"properties":{"osm_id":"1263387131","code":7202,"fclass":"park","name":""}},
{"type":"Feature","geometry":{"type":"Polygon","coordinates":[[[108.8981035,34.405491],[108.8980662,34.4054532],[108.8980823,34.4053613],[108.8981178,34.4053061],[108.8981713,34.4053024],[108.898251,34.4053518],[108.8983196,34.4053914],[108.8984359,34.4054135],[108.8985471,34.4054778],[108.8986038,34.4054837],[108.8987167,34.405512],[108.8988851,34.4055765],[108.8989688,34.4056049],[108.8990163,34.4056164],[108.8990565,34.4056465],[108.8990661,34.4057107],[108.899051,34.4057452],[108.8989934,34.4057812],[108.8988548,34.405787],[108.8987087,34.4057632],[108.8985799,34.4056975],[108.898455,34.4056436],[108.8984129,34.4056148],[108.8982588,34.4055815],[108.8981441,34.4055335],[108.8981035,34.405491]]]},"properties":{"osm_id":"1263388831","code":7202,"fclass":"park","name":""}},
{"type":"Feature","geometry":{"type":"Polygon","coordinates":[[[108.8730778,34.4085758],[108.8725587,34.4083709],[108.873744,34.402803],[108.8742971,34.4032095],[108.8734603,34.4070336],[108.8730778,34.4085758]]]},"properties":{"osm_id":"1263455157","code":7202,"fclass":"park","name":""}},
{"type":"Feature","geometry":{"type":"Polygon","coordinates":[[[108.8598687,34.4097965],[108.8566375,34.408503],[108.8573269,34.4059359],[108.8574898,34.4052889],[108.857508,34.4052169],[108.8576976,34.4052834],[108.8577187,34.4052908],[108.8579137,34.4053592],[108.862177,34.4067321],[108.8623723,34.4067966],[108.8624103,34.4068091],[108.8625855,34.4068646],[108.8624007,34.4075877],[108.8620669,34.4090715],[108.8617334,34.4104466],[108.8606303,34.4102253],[108.8604473,34.4101637],[108.8603106,34.4100897],[108.8600653,34.4099186],[108.8598687,34.4097965]]]},"properties":{"osm_id":"798337827","code":7202,"fclass":"park","name":"陕西历史博物馆（秦汉馆）"}},
{"type":"Feature","geometry":{"type":"Polygon","coordinates":[[[109.0400517,34.3964965],[109.0437642,34.3970345],[109.0482623,34.3977081],[109.0483332,34.3977201],[109.0483621,34.3978646],[109.0483044,34.3979405],[109.0400487,34.3967268],[109.0400517,34.3964965]]]},"properties":{"osm_id":"1213510525","code":7202,"fclass":"park","name":""}},
{"type":"Feature","geometry":{"type":"Polygon","coordinates":[[[109.0489479,34.3980048],[109.0488768,34.3978007],[109.054183,34.3985995],[109.054222,34.398741],[109.0541127,34.3988161],[109.0513816,34.3984405],[109.0491117,34.3980949],[109.0489479,34.3980048]]]},"properties":{"osm_id":"1213510526","code":7202,"fclass":"park","name":""}},
{"type":"Feature","geometry":{"type":"Polygon","coordinates":[[[109.0392999,34.3993934],[109.0391672,34.3992545],[109.0395652,34.3974269],[109.0396826,34.3973174],[109.0672951,34.4011329],[109.0671675,34.4018151],[109.0676625,34.4018825],[109.0675962,34.4025941],[109.0674168,34.4031326],[109.0629742,34.404099],[109.0629648,34.4030451],[109.0595814,34.4025384],[109.0596536,34.4022854],[109.0563877,34.4017137],[109.0565934,34.4009097],[109.0532711,34.4003511],[109.0531681,34.4015537],[109.0392999,34.3993934]]]},"properties":{"osm_id":"1213510521","code":7202,"fclass":"park","name":""}},
{"type":"Feature","geometry":{"type":"Polygon","coordinates":[[[108.9629047,34.4038875],[108.9628001,34.4036776],[108.9635832,34.4006271],[108.9636662,34.4002802],[108.9637798,34.399442],[108.9640325,34.3980663],[108.9643554,34.396841],[108.9647398,34.3956901],[108.9652426,34.3944391],[108.9659409,34.3945746],[108.9653631,34.3969714],[108.9648398,34.3968493],[108.9644778,34.3982228],[108.9644861,34.3983501],[108.9646106,34.3984781],[108.9649805,34.3986613],[108.9649534,34.3996573],[108.9649697,34.4000622],[108.9650292,34.4005461],[108.9652187,34.4015481],[108.9653468,34.4019843],[108.965455,34.4022433],[108.9660119,34.4034938],[108.9664711,34.4041701],[108.9666814,34.4042303],[108.9665914,34.4057878],[108.9667718,34.4058756],[108.9670461,34.4059545],[108.9671507,34.4054841],[108.9671796,34.405103],[108.9680796,34.4061048],[108.9693285,34.4071724],[108.9692649,34.4075553],[108.9690568,34.4085201],[108.96881,34.4083395],[108.9672222,34.4090335],[108.9677286,34.407396],[108.9673788,34.407072],[108.9660119,34.4065108],[108.965924,34.4064471],[108.9657141,34.4059777],[108.9629047,34.4038875]]]},"properties":{"osm_id":"1276080321","code":7202,"fclass":"park","name":"幸福河生态公园"}},
{"type":"Feature","geometry":{"type":"Polygon","coordinates":[[[108.9762668,34.4067556],[108.9761565,34.4065918],[108.9768294,34.4000664],[108.9770169,34.3999571],[108.9847051,34.4018138],[108.9837786,34.4079114],[108.9762668,34.4067556]]]},"properties":{"osm_id":"250711043","code":7202,"fclass":"park","name":"未央湖游乐园"}},
{"type":"Feature","geometry":{"type":"Polygon","coordinates":[[[109.0701236,34.4043955],[109.0700129,34.403848],[109.0701596,34.4027836],[109.0778187,34.404088],[109.0775194,34.4047235],[109.0767779,34.406186],[109.07373,34.4060872],[109.0731257,34.406073],[109.0724397,34.4059726],[109.0718918,34.4058475],[109.0713133,34.4055539],[109.0706027,34.4049735],[109.0701236,34.4043955]]]},"properties":{"osm_id":"405317158","code":7202,"fclass":"park","name":""}},
{"type":"Feature","geometry":{"type":"Polygon","coordinates":[[[109.0106842,34.4113642],[109.0099761,34.4113182],[109.0100403,34.4095606],[109.0106904,34.4096048],[109.0106842,34.4113642]]]},"properties":{"osm_id":"1272674521","code":7202,"fclass":"park","name":""}},
{"type":"Feature","geometry":{"type":"Polygon","coordinates":[[[109.0141535,34.4109534],[109.0136757,34.4096544],[109.0150207,34.4094215],[109.015529,34.4093335],[109.016962,34.4094947],[109.0165059,34.410661],[109.0158244,34.4119289],[109.0141913,34.4119024],[109.0141535,34.4109534]]]},"properties":{"osm_id":"293712352","code":7202,"fclass":"park","name":""}},
{"type":"Feature","geometry":{"type":"Polygon","coordinates":[[[109.0102315,34.4147932],[109.010019,34.4122688],[109.0100856,34.4121361],[109.0101371,34.4120617],[109.0102358,34.4120104],[109.0106649,34.4119998],[109.0108473,34.4148675],[109.0103152,34.4148498],[109.0102615,34.414825],[109.0102315,34.4147932]]]},"properties":{"osm_id":"1272674522","code":7202,"fclass":"park","name":""}},
{"type":"Feature","geometry":{"type":"Polygon","coordinates":[[[109.0110186,34.418105],[109.0102895,34.415102],[109.0103391,34.415035],[109.0108976,34.415041],[109.0115851,34.4181169],[109.0110673,34.4181362],[109.0110186,34.418105]]]},"properties":{"osm_id":"1272674520","code":7202,"fclass":"park","name":""}},
{"type":"Feature","geometry":{"type":"Polygon","coordinates":[[[107.8921233,34.3703628],[107.8882208,34.3704242],[107.8882763,34.370282],[107.8883387,34.3697993],[107.8884014,34.3697464],[107.8885642,34.3696732],[107.8894943,34.369489],[107.8904904,34.3690235],[107.8918153,34.367883],[107.8922177,34.3679556],[107.8921233,34.3703628]]]},"properties":{"osm_id":"511778504","code":7202,"fclass":"park","name":""}},
{"type":"Feature","geometry":{"type":"Polygon","coordinates":[[[107.0915719,34.3707619],[107.0915295,34.3691746],[107.1024212,34.3656173],[107.1043182,34.3669378],[107.1044032,34.3670429],[107.102945,34.368118],[107.1000712,34.3699526],[107.0977495,34.3712964],[107.0956684,34.3720325],[107.0944793,34.372348],[107.0931017,34.3725115],[107.0917602,34.3727253],[107.0915719,34.3707619]]]},"properties":{"osm_id":"410850129","code":7202,"fclass":"park","name":""}},
{"type":"Feature","geometry":{"type":"Polygon","coordinates":[[[107.1079195,34.3737454],[107.1075845,34.3724603],[107.1112086,34.3724136],[107.1110104,34.3715021],[107.1110671,34.3707309],[107.1111816,34.3703554],[107.1126,34.3698774],[107.1134539,34.3722243],[107.1079195,34.3737454]]]},"properties":{"osm_id":"410186314","code":7202,"fclass":"park","name":""}},
{"type":"Feature","geometry":{"type":"Polygon","coordinates":[[[107.145767,34.3730811],[107.1456697,34.3724334],[107.145686,34.3723546],[107.1457272,34.3722921],[107.1457974,34.372266],[107.1461325,34.3722275],[107.1463894,34.3721529],[107.1465321,34.3721431],[107.1465798,34.3721199],[107.1484517,34.3719294],[107.1485583,34.3720237],[107.1486748,34.3730481],[107.148649,34.373134],[107.1486087,34.3731717],[107.148554,34.3732154],[107.1483628,34.3732522],[107.1483574,34.3733053],[107.1472629,34.3734267],[107.1472518,34.3733002],[107.147186,34.3731865],[107.1471035,34.3731191],[107.1470156,34.3730609],[107.1469331,34.3730142],[107.1466934,34.3729931],[107.145767,34.3730811]]]},"properties":{"osm_id":"410850126","code":7202,"fclass":"park","name":"火车站广场"}},
{"type":"Feature","geometry":{"type":"Polygon","coordinates":[[[107.1284574,34.3753739],[107.128366,34.3741633],[107.1317787,34.3738955],[107.1317905,34.3739745],[107.1318008,34.3739917],[107.1319687,34.3740523],[107.1319915,34.3740793],[107.1319902,34.3741082],[107.1319636,34.3741438],[107.131918,34.3742011],[107.1318938,34.3742644],[107.1318854,34.3743225],[107.1318938,34.3743725],[107.1319095,34.3744355],[107.1319196,34.3744725],[107.131933,34.3745361],[107.1319622,34.3745326],[107.1319767,34.3745982],[107.1324258,34.3745506],[107.1325347,34.3750788],[107.1320535,34.3751688],[107.1321359,34.3756703],[107.132183,34.3760519],[107.1321055,34.3760565],[107.1319532,34.376075],[107.1318098,34.3761508],[107.1314586,34.3761607],[107.1306938,34.3760357],[107.1303794,34.3760945],[107.129668,34.3760288],[107.1295433,34.3760334],[107.1292152,34.3760453],[107.1291615,34.3760473],[107.1290395,34.3760517],[107.1288022,34.3760835],[107.1286283,34.3761141],[107.1285142,34.3759999],[107.1285002,34.3758668],[107.1284907,34.3757725],[107.1284574,34.3753739]]]},"properties":{"osm_id":"370008963","code":7202,"fclass":"park","name":"河滨公园"}},
{"type":"Feature","geometry":{"type":"Polygon","coordinates":[[[107.1082623,34.3761999],[107.1080039,34.374987],[107.1094815,34.3746103],[107.1099124,34.3757608],[107.1082623,34.3761999]]]},"properties":{"osm_id":"410186312","code":7202,"fclass":"park","name":""}},
{"type":"Feature","geometry":{"type":"Polygon","coordinates":[[[107.8923241,34.3796116],[107.8923162,34.3790075],[107.892631,34.3786892],[107.8961965,34.3786762],[107.8961728,34.3796246],[107.8923241,34.3796116]]]},"properties":{"osm_id":"919708194","code":7202,"fclass":"park","name":""}},
{"type":"Feature","geometry":{"type":"Polygon","coordinates":[[[107.3741033,34.4331916],[107.3739285,34.4323433],[107.3750994,34.4321823],[107.3753555,34.433423],[107.3752416,34.4334364],[107.3752254,34.4333358],[107.375075,34.4333492],[107.375075,34.4333962],[107.3747538,34.4334465],[107.3746725,34.433091],[107.3741033,34.4331916]]]},"properties":{"osm_id":"1313524750","code":7202,"fclass":"park","name":""}},
{"type":"Feature","geometry":{"type":"Polygon","coordinates":[[[107.6167326,34.4335983],[107.6165537,34.4326393],[107.6179359,34.4324582],[107.6180823,34.4334507],[107.6167326,34.4335983]]]},"properties":{"osm_id":"1184952495","code":7202,"fclass":"park","name":""}},
{"type":"Feature","geometry":{"type":"Polygon","coordinates":[[[107.8972474,34.4476133],[107.8924723,34.4469768],[107.8928558,34.4450198],[107.8928644,34.4449763],[107.8928741,34.4449267],[107.8935053,34.441706],[107.8949547,34.4418992],[107.8951805,34.4407472],[107.895832,34.4394308],[107.897859,34.4289904],[107.8990736,34.4291532],[107.8970145,34.439608],[107.897108,34.4409472],[107.8970798,34.4410911],[107.8968638,34.4421932],[107.8982729,34.442381],[107.8972474,34.4476133]]]},"properties":{"osm_id":"799159517","code":7202,"fclass":"park","name":""}},
{"type":"Feature","geometry":{"type":"Polygon","coordinates":[[[108.6367764,34.4143898],[108.636594,34.4141508],[108.6381497,34.4069546],[108.6384394,34.4067687],[108.6471404,34.4079017],[108.6472048,34.4080079],[108.6461427,34.4155492],[108.6457886,34.4156908],[108.6367764,34.4143898]]]},"properties":{"osm_id":"809495183","code":7202,"fclass":"park","name":"双照湖公园"}},
{"type":"Feature","geometry":{"type":"Polygon","coordinates":[[[108.6472791,34.415604],[108.6467426,34.415558],[108.6471546,34.4124672],[108.6475408,34.4125168],[108.6475623,34.4123929],[108.6531241,34.4129523],[108.6530941,34.4130762],[108.6530083,34.4131293],[108.6526306,34.413278],[108.6522744,34.4133346],[108.6519096,34.4134479],[108.651562,34.4136462],[108.6512788,34.4138799],[108.6510771,34.4141454],[108.6509183,34.4146552],[108.6507477,34.415983],[108.6504879,34.4161557],[108.6472533,34.4158271],[108.6472791,34.415604]]]},"properties":{"osm_id":"1225022298","code":7202,"fclass":"park","name":"咸阳市市民文化中心"}},
{"type":"Feature","geometry":{"type":"Polygon","coordinates":[[[108.9013771,34.4162298],[108.9008027,34.4163107],[108.9008214,34.4162221],[108.9011623,34.4160796],[108.9014472,34.4158985],[108.9016667,34.4156751],[108.9018675,34.4154092],[108.9021757,34.4145077],[108.9023812,34.4145424],[108.903077,34.414735],[108.903091,34.4146965],[108.9036935,34.4149084],[108.9038756,34.4143999],[108.9041371,34.4143575],[108.9041651,34.4143035],[108.9044407,34.4143806],[108.9047909,34.4145925],[108.905412,34.4148005],[108.9058276,34.414866],[108.9059724,34.4149662],[108.9042352,34.4174318],[108.9037028,34.4180906],[108.903502,34.4179827],[108.9034833,34.4179095],[108.9032965,34.4178171],[108.9032965,34.4177477],[108.9044407,34.4161181],[108.9046882,34.4157598],[108.9041745,34.4156134],[108.9039596,34.415598],[108.9026007,34.4159602],[108.9026427,34.4161451],[108.9039363,34.4158369],[108.9031564,34.4170504],[108.9030537,34.417008],[108.9028902,34.4171429],[108.9025306,34.4169348],[108.9023111,34.4167191],[108.9024793,34.4165226],[108.9024419,34.4162645],[108.9021103,34.4160757],[108.901775,34.4161462],[108.9013771,34.4162298]]]},"properties":{"osm_id":"879042491","code":7202,"fclass":"park","name":""}},
{"type":"Feature","geometry":{"type":"Polygon","coordinates":[[[108.8980801,34.4167653],[108.8966838,34.4161797],[108.8967819,34.4160488],[108.8976225,34.4162684],[108.8981875,34.4163724],[108.8990094,34.4164725],[108.8994111,34.4165034],[108.8996773,34.4164918],[108.8995652,34.4167615],[108.9001022,34.4168655],[108.9000835,34.417166],[108.900205,34.4175012],[108.9003591,34.4177207],[108.8997473,34.4174703],[108.8980801,34.4167653]]]},"properties":{"osm_id":"879042492","code":7202,"fclass":"park","name":""}},
{"type":"Feature","geometry":{"type":"Polygon","coordinates":[[[108.7198421,34.4195114],[108.7197992,34.4191132],[108.7200299,34.418945],[108.719987,34.4188521],[108.7202203,34.4187613],[108.7203088,34.4189649],[108.7204912,34.4196973],[108.7205717,34.420267],[108.7203665,34.4203024],[108.7200473,34.4203102],[108.7198421,34.4195114]]]},"properties":{"osm_id":"804283870","code":7202,"fclass":"park","name":""}},
{"type":"Feature","geometry":{"type":"MultiPolygon","coordinates":[[[[108.7812194,34.4208137],[108.7811275,34.4206579],[108.782087,34.4188055],[108.7823064,34.4187339],[108.7831842,34.4191213],[108.7842509,34.4194749],[108.7853328,34.4197654],[108.7861698,34.4199127],[108.7868486,34.4200222],[108.7869761,34.4201696],[108.7866699,34.4218662],[108.7864709,34.4219798],[108.7850164,34.4218114],[108.7839804,34.4216304],[108.7831179,34.4214115],[108.7819645,34.4210747],[108.7812194,34.4208137]]],[[[108.7872926,34.4220682],[108.7871497,34.4219167],[108.7874865,34.4202117],[108.7876651,34.4201064],[108.7915693,34.4204558],[108.7913243,34.4224682],[108.789482,34.422304],[108.7872926,34.4220682]]]]},"properties":{"osm_id":"16376119","code":7202,"fclass":"park","name":"空港新城城市中心公园"}},
{"type":"Feature","geometry":{"type":"Polygon","coordinates":[[[108.7212557,34.4192371],[108.7208453,34.4177369],[108.7208708,34.4176838],[108.7209566,34.4176473],[108.7243965,34.4195535],[108.7242946,34.4196575],[108.7222695,34.4185246],[108.7217586,34.4191474],[108.7218042,34.4191685],[108.7219503,34.4199849],[108.7219986,34.4217041],[108.7215829,34.4241423],[108.7217773,34.4241733],[108.721725,34.4244133],[108.7210813,34.4243602],[108.7209982,34.424285],[108.7213629,34.4223922],[108.7214515,34.4216067],[108.7214756,34.4210824],[108.7214139,34.4200248],[108.7212557,34.4192371]]]},"properties":{"osm_id":"804283872","code":7202,"fclass":"park","name":""}},
{"type":"Feature","geometry":{"type":"Polygon","coordinates":[[[108.7256616,34.4219862],[108.7246787,34.4214433],[108.724759,34.4213458],[108.7248023,34.4213161],[108.7255646,34.4204042],[108.7255153,34.4203748],[108.7256027,34.4202706],[108.7268467,34.4209484],[108.7267496,34.4210707],[108.725881,34.4221146],[108.7256616,34.4219862]]]},"properties":{"osm_id":"1270345818","code":7202,"fclass":"park","name":""}},
{"type":"Feature","geometry":{"type":"Polygon","coordinates":[[[108.7199816,34.4243149],[108.7195927,34.4242861],[108.719641,34.4240195],[108.7196946,34.4240317],[108.7199146,34.4225581],[108.7200674,34.4215824],[108.7201425,34.4207992],[108.7201211,34.4204894],[108.7203196,34.4204562],[108.7203115,34.4204097],[108.7205824,34.4203699],[108.7206227,34.4208279],[108.7205932,34.4217771],[108.720502,34.4225072],[108.7201399,34.4242131],[108.7199816,34.4243149]]]},"properties":{"osm_id":"804283871","code":7202,"fclass":"park","name":""}},
{"type":"Feature","geometry":{"type":"Polygon","coordinates":[[[108.724772,34.4256335],[108.7230822,34.4254222],[108.7231413,34.4251545],[108.7246916,34.4253592],[108.7248015,34.4254742],[108.724772,34.4256335]]]},"properties":{"osm_id":"804283869","code":7202,"fclass":"park","name":""}},
{"type":"Feature","geometry":{"type":"Polygon","coordinates":[[[108.7270778,34.4259448],[108.7251556,34.4257053],[108.7251738,34.4255628],[108.7253359,34.4254671],[108.7262736,34.4255965],[108.7269652,34.4256723],[108.7275061,34.4257239],[108.7277932,34.425747],[108.7280675,34.4257523],[108.728375,34.4257449],[108.7287476,34.4257291],[108.7291533,34.4256912],[108.7295361,34.4256376],[108.7299125,34.425567],[108.7302327,34.4254871],[108.7301727,34.4258207],[108.7298295,34.4258933],[108.7292809,34.4259775],[108.7289479,34.4260133],[108.7285881,34.4260217],[108.7282108,34.4259975],[108.7275805,34.425988],[108.7270778,34.4259448]]]},"properties":{"osm_id":"1270345814","code":7202,"fclass":"park","name":""}},
{"type":"Feature","geometry":{"type":"Polygon","coordinates":[[[108.8108144,34.4267127],[108.8107278,34.4264002],[108.8108036,34.4259447],[108.8130086,34.4261055],[108.8131276,34.4252928],[108.8132756,34.4253791],[108.8130988,34.4267633],[108.8129941,34.4268586],[108.8108144,34.4267127]]]},"properties":{"osm_id":"1210680073","code":7202,"fclass":"park","name":"空港幸福里小镇健身公园"}},
{"type":"Feature","geometry":{"type":"Polygon","coordinates":[[[108.7117392,34.4280539],[108.7115836,34.4279034],[108.7121844,34.4244388],[108.7123507,34.424306],[108.7132251,34.4243104],[108.7129515,34.4251999],[108.712678,34.4258592],[108.712576,34.4268061],[108.7126028,34.4272884],[108.7124526,34.4280981],[108.7117392,34.4280539]]]},"properties":{"osm_id":"804283826","code":7202,"fclass":"park","name":""}},
{"type":"Feature","geometry":{"type":"Polygon","coordinates":[[[108.7151992,34.4282618],[108.7150571,34.428138],[108.7150919,34.4280804],[108.7153655,34.4281623],[108.717345,34.4282309],[108.7188122,34.428222],[108.7189275,34.4276722],[108.7188765,34.4276689],[108.7189154,34.4274731],[108.7189557,34.4274698],[108.7193271,34.4256313],[108.7192842,34.4256291],[108.719354,34.4249543],[108.7195498,34.4249609],[108.7195873,34.4246932],[108.7199092,34.4247175],[108.7199897,34.4247728],[108.7200299,34.4248768],[108.7193714,34.4282099],[108.7192011,34.4283138],[108.7186217,34.4283238],[108.7182623,34.4283725],[108.7159932,34.4283459],[108.7156793,34.4282729],[108.7151992,34.4282618]]]},"properties":{"osm_id":"804283867","code":7202,"fclass":"park","name":""}},
{"type":"Feature","geometry":{"type":"Polygon","coordinates":[[[108.7203786,34.4282773],[108.7202525,34.4281778],[108.7208748,34.4249609],[108.7209821,34.4249056],[108.7211537,34.4249078],[108.7230313,34.4251357],[108.722983,34.4254056],[108.7213871,34.4252065],[108.7207943,34.4282574],[108.7203786,34.4282773]]]},"properties":{"osm_id":"804283868","code":7202,"fclass":"park","name":""}},
{"type":"Feature","geometry":{"type":"Polygon","coordinates":[[[108.7201694,34.4288946],[108.7201169,34.428873],[108.7201318,34.428795],[108.7202847,34.4286977],[108.7207299,34.4286888],[108.7206533,34.4290548],[108.7204885,34.4289477],[108.7203249,34.428899],[108.7201694,34.4288946]]]},"properties":{"osm_id":"804283866","code":7202,"fclass":"park","name":""}},
{"type":"Feature","geometry":{"type":"Polygon","coordinates":[[[108.7205915,34.4293501],[108.7200274,34.4293415],[108.7200943,34.4289941],[108.7203839,34.4290273],[108.72062,34.4291556],[108.7205915,34.4293501]]]},"properties":{"osm_id":"804283853","code":7202,"fclass":"park","name":""}},
{"type":"Feature","geometry":{"type":"Polygon","coordinates":[[[108.7185654,34.4317153],[108.718155,34.4316865],[108.7186834,34.4288105],[108.7190375,34.4288127],[108.719244,34.4288813],[108.718721,34.4316157],[108.7185654,34.4317153]]]},"properties":{"osm_id":"804283865","code":7202,"fclass":"park","name":""}},
{"type":"Feature","geometry":{"type":"Polygon","coordinates":[[[108.7197053,34.4317971],[108.719582,34.4316722],[108.7200053,34.4294572],[108.7205702,34.429463],[108.7201238,34.4318281],[108.7197053,34.4317971]]]},"properties":{"osm_id":"804283854","code":7202,"fclass":"park","name":""}},
{"type":"Feature","geometry":{"type":"Polygon","coordinates":[[[108.714062,34.4345381],[108.7139708,34.4344253],[108.7148666,34.4345049],[108.7151054,34.434547],[108.716028,34.4346443],[108.7160575,34.4346045],[108.7175381,34.434724],[108.7181067,34.4318746],[108.7185386,34.4318945],[108.7186566,34.4319918],[108.7181148,34.434797],[108.7179539,34.4348854],[108.7151402,34.4346664],[108.7148613,34.4346156],[108.714062,34.4345381]]]},"properties":{"osm_id":"804283852","code":7202,"fclass":"park","name":""}},
{"type":"Feature","geometry":{"type":"Polygon","coordinates":[[[108.9610515,34.415735],[108.9601205,34.4149031],[108.9615819,34.4133548],[108.9664742,34.4174616],[108.9674187,34.418294],[108.9669827,34.4200093],[108.9642156,34.4185774],[108.9610515,34.415735]]]},"properties":{"osm_id":"293553221","code":7202,"fclass":"park","name":""}},
{"type":"Feature","geometry":{"type":"Polygon","coordinates":[[[108.9684949,34.4204903],[108.9677874,34.420279],[108.968128,34.4186098],[108.96818,34.4186209],[108.9686579,34.4187227],[108.9689597,34.41885],[108.9705785,34.4193647],[108.97158,34.4196697],[108.9719604,34.4197786],[108.9719604,34.4201077],[108.9718905,34.4219049],[108.9705076,34.4212669],[108.9701437,34.4211236],[108.9684949,34.4204903]]]},"properties":{"osm_id":"13438079","code":7202,"fclass":"park","name":""}},
{"type":"Feature","geometry":{"type":"Polygon","coordinates":[[[108.9934066,34.4247447],[108.9901731,34.422365],[108.9928761,34.4178794],[108.9934713,34.4172924],[108.9952791,34.4159295],[108.9974577,34.4139567],[108.9983132,34.4129614],[108.9990194,34.411965],[108.9994127,34.4111371],[108.9995925,34.4110185],[109.0048761,34.4117235],[109.005856,34.420766],[109.0064071,34.4258517],[109.0084499,34.4300629],[109.0092328,34.4313162],[109.00927,34.4317971],[109.0090641,34.432106],[109.0087451,34.4321598],[109.0073675,34.4320021],[109.0046561,34.4315835],[109.00387,34.4314894],[108.9988323,34.4261671],[108.9953867,34.4256692],[108.9942099,34.4252378],[108.9934066,34.4247447]]]},"properties":{"osm_id":"13957684","code":7202,"fclass":"park","name":"灞湿地公园"}},
{"type":"Feature","geometry":{"type":"Polygon","coordinates":[[[109.0110824,34.4184835],[109.0110571,34.4183882],[109.0110752,34.4183227],[109.01116,34.4183079],[109.0119829,34.4182744],[109.0128374,34.421347],[109.0134726,34.422855],[109.0135241,34.4231772],[109.0137859,34.4235277],[109.0145712,34.4244799],[109.0148588,34.424933],[109.0148802,34.4251136],[109.015009,34.4252799],[109.0151763,34.4253932],[109.0158973,34.4262039],[109.0163608,34.426795],[109.0169764,34.42766],[109.0188982,34.4268616],[109.0189498,34.4271494],[109.0191349,34.427575],[109.0196083,34.4282683],[109.020024,34.4287589],[109.0205369,34.429302],[109.0211438,34.4298527],[109.0216779,34.4302657],[109.0222393,34.4306812],[109.0229221,34.4310666],[109.0235957,34.4314396],[109.024318,34.4317574],[109.0252556,34.4320728],[109.0262267,34.4322705],[109.0270855,34.4324482],[109.0278866,34.4325158],[109.0284115,34.4325463],[109.0324092,34.4327441],[109.0324561,34.4334078],[109.0303667,34.4332531],[109.0284685,34.4332084],[109.026794,34.4331548],[109.0261372,34.4331221],[109.0250871,34.4329108],[109.0249247,34.4328572],[109.0247452,34.4327683],[109.0234207,34.4323899],[109.0232906,34.4324109],[109.0224,34.4321878],[109.0217774,34.4319626],[109.0212186,34.4317437],[109.0205832,34.4314322],[109.0192639,34.430664],[109.0184474,34.4301168],[109.0180952,34.4298348],[109.0174777,34.4293023],[109.0170209,34.4287992],[109.0157523,34.4272258],[109.0144005,34.425401],[109.0141795,34.4251001],[109.0138039,34.4246275],[109.0129607,34.4237602],[109.0128405,34.4236062],[109.012686,34.4233602],[109.0120922,34.4222152],[109.0119313,34.4218448],[109.0118069,34.4214668],[109.0110824,34.4184835]]]},"properties":{"osm_id":"1272674519","code":7202,"fclass":"park","name":""}},
{"type":"Feature","geometry":{"type":"Polygon","coordinates":[[[108.9897716,34.4290241],[108.9897188,34.4288103],[108.9963584,34.4272583],[108.9977081,34.4276527],[108.9988454,34.4282719],[108.9997412,34.4289601],[109.0002991,34.4296503],[109.0006425,34.4308007],[109.0008211,34.4311059],[108.9897716,34.4290241]]]},"properties":{"osm_id":"293553219","code":7202,"fclass":"park","name":""}},
{"type":"Feature","geometry":{"type":"Polygon","coordinates":[[[109.0606899,34.452714],[109.0600928,34.4522882],[109.0589641,34.4519662],[109.0575265,34.4515628],[109.0544752,34.450809],[109.0469993,34.447493],[109.04436,34.4462791],[109.04118,34.4450405],[109.0355409,34.4418481],[109.0335969,34.4409633],[109.0293526,34.4394697],[109.0278205,34.4391689],[109.024207,34.4376753],[109.0235761,34.4374735],[109.0229839,34.4373284],[109.0221728,34.4370559],[109.0214518,34.4366984],[109.0212115,34.4363444],[109.0210828,34.4359799],[109.0210184,34.4355941],[109.0210956,34.4353888],[109.0213059,34.435233],[109.021675,34.435226],[109.0222844,34.4352295],[109.0227093,34.4350277],[109.0227944,34.4347159],[109.0226617,34.4343244],[109.0224882,34.4334657],[109.0248234,34.4336719],[109.0268342,34.4339244],[109.0302638,34.4339707],[109.0356531,34.4343832],[109.0384192,34.4347705],[109.0402822,34.4352846],[109.0450796,34.4380037],[109.0706673,34.4503657],[109.0665589,34.4548939],[109.0660588,34.4552263],[109.0645328,34.4550328],[109.0623689,34.453299],[109.0611798,34.452836],[109.0606899,34.452714]]]},"properties":{"osm_id":"1210534377","code":7202,"fclass":"park","name":"渭灞生态滩"}},
{"type":"Feature","geometry":{"type":"Polygon","coordinates":[[[108.9829094,34.4494444],[108.9828558,34.4480244],[108.984567,34.4479271],[108.9846046,34.4493736],[108.9829094,34.4494444]]]},"properties":{"osm_id":"766757256","code":7202,"fclass":"park","name":""}},
{"type":"Feature","geometry":{"type":"Polygon","coordinates":[[[109.0706673,34.4503657],[109.0782443,34.4542795],[109.0842353,34.4571741],[109.0834886,34.4642156],[109.0829049,34.4642793],[109.0776177,34.4665933],[109.0702878,34.4683623],[109.0695067,34.4682774],[109.0680562,34.4673787],[109.066228,34.4652912],[109.0645243,34.4598191],[109.0643354,34.4581773],[109.0634085,34.4569742],[109.0631338,34.4559409],[109.0606899,34.452714],[109.0611798,34.452836],[109.0623689,34.453299],[109.0645328,34.4550328],[109.0660588,34.4552263],[109.0665589,34.4548939],[109.0706673,34.4503657]]]},"properties":{"osm_id":"1210534378","code":7202,"fclass":"park","name":"高陵泾渭湿地"}},
{"type":"Feature","geometry":{"type":"Polygon","coordinates":[[[109.2017843,34.4645294],[109.201778,34.4625886],[109.2018845,34.4585664],[109.202293,34.4585241],[109.2023115,34.459042],[109.2033787,34.459119],[109.2032352,34.4645255],[109.2017843,34.4645294]]]},"properties":{"osm_id":"1091085098","code":7202,"fclass":"park","name":""}},
{"type":"Feature","geometry":{"type":"Polygon","coordinates":[[[109.019063,34.4644166],[109.0174475,34.4643197],[109.0175548,34.4627416],[109.0175567,34.462191],[109.0193506,34.4624458],[109.019063,34.4644166]]]},"properties":{"osm_id":"1334821017","code":7202,"fclass":"park","name":"长庆油田泾河体育中心"}},
{"type":"Feature","geometry":{"type":"Polygon","coordinates":[[[108.7190777,34.4349938],[108.7189597,34.4348744],[108.7194934,34.4321091],[108.7196732,34.431983],[108.7200849,34.4320228],[108.7194693,34.4350292],[108.7190777,34.4349938]]]},"properties":{"osm_id":"804283864","code":7202,"fclass":"park","name":""}},
{"type":"Feature","geometry":{"type":"Polygon","coordinates":[[[108.7134209,34.4377878],[108.7132949,34.4376374],[108.7168555,34.4380245],[108.7168829,34.4379909],[108.7173574,34.4353707],[108.7179084,34.4354337],[108.7174801,34.4381093],[108.7173262,34.4382214],[108.7134209,34.4377878]]]},"properties":{"osm_id":"804283860","code":7202,"fclass":"park","name":""}},
{"type":"Feature","geometry":{"type":"Polygon","coordinates":[[[108.7184608,34.4383364],[108.718332,34.438228],[108.7188417,34.4354429],[108.7189999,34.4353965],[108.7193969,34.4354363],[108.7188417,34.4383829],[108.7184608,34.4383364]]]},"properties":{"osm_id":"804283862","code":7202,"fclass":"park","name":""}},
{"type":"Feature","geometry":{"type":"Polygon","coordinates":[[[108.887939,34.4384292],[108.8852035,34.4378568],[108.8859537,34.4354408],[108.8886331,34.43603],[108.887939,34.4384292]]]},"properties":{"osm_id":"1236884833","code":7202,"fclass":"park","name":""}},
{"type":"Feature","geometry":{"type":"Polygon","coordinates":[[[108.7575983,34.4394458],[108.7573884,34.4393048],[108.7578061,34.4389171],[108.75871,34.4380599],[108.7587972,34.4381229],[108.7590118,34.4379272],[108.7590882,34.4378907],[108.7591593,34.437873],[108.7592297,34.437868],[108.7592907,34.4378766],[108.7593353,34.4378926],[108.7593568,34.4379017],[108.7593668,34.4379131],[108.7593675,34.4379247],[108.7593591,34.4379349],[108.7593424,34.4379418],[108.7592988,34.4379664],[108.759231,34.4380093],[108.7588313,34.4383857],[108.7587681,34.4383455],[108.7575983,34.4394458]]]},"properties":{"osm_id":"389826619","code":7202,"fclass":"park","name":""}},
{"type":"Feature","geometry":{"type":"Polygon","coordinates":[[[108.7165511,34.4422562],[108.7138903,34.4419642],[108.7139064,34.4418315],[108.7161565,34.4420715],[108.7166262,34.4397212],[108.7168183,34.438578],[108.7168333,34.4384888],[108.7172431,34.4385355],[108.7173665,34.4386682],[108.7166861,34.4422119],[108.7165511,34.4422562]]]},"properties":{"osm_id":"737719077","code":7202,"fclass":"park","name":""}},
{"type":"Feature","geometry":{"type":"Polygon","coordinates":[[[108.7176695,34.4423778],[108.7175488,34.4422495],[108.7182114,34.4387656],[108.7183884,34.438655],[108.7187961,34.438708],[108.7180692,34.4424243],[108.7176695,34.4423778]]]},"properties":{"osm_id":"804283861","code":7202,"fclass":"park","name":""}},
{"type":"Feature","geometry":{"type":"Polygon","coordinates":[[[108.7246008,34.4454303],[108.7214364,34.4450309],[108.7230631,34.4366078],[108.726145,34.4370126],[108.7261811,34.4370304],[108.7261919,34.437081],[108.7246973,34.4453736],[108.7246544,34.445425],[108.7246008,34.4454303]]]},"properties":{"osm_id":"1270345900","code":7202,"fclass":"park","name":""}},
{"type":"Feature","geometry":{"type":"Polygon","coordinates":[[[108.7174576,34.4433246],[108.7173457,34.4433158],[108.7174389,34.4428335],[108.7178707,34.4429021],[108.7179592,34.443006],[108.7179273,34.4431728],[108.7178546,34.4432538],[108.7174576,34.4433246]]]},"properties":{"osm_id":"804283857","code":7202,"fclass":"park","name":""}},
{"type":"Feature","geometry":{"type":"Polygon","coordinates":[[[108.9333306,34.4474817],[108.9333015,34.4438195],[108.9333889,34.4437714],[108.9341211,34.4437692],[108.9341528,34.4412683],[108.9341601,34.4408228],[108.9333706,34.4409553],[108.933462,34.438469],[108.9420137,34.4384363],[108.9426764,34.4384338],[108.9447172,34.4384194],[108.9472273,34.4389662],[108.9481652,34.4392036],[108.9493056,34.4400273],[108.9505255,34.4410484],[108.9507669,34.4417386],[108.951019,34.4426101],[108.9510995,34.4433931],[108.9511317,34.4440213],[108.9510298,34.4447646],[108.9506382,34.4462687],[108.9499086,34.4482063],[108.9476877,34.4481311],[108.9448036,34.4480385],[108.9447373,34.4475339],[108.9407891,34.4475958],[108.9407209,34.4475999],[108.9407177,34.4474627],[108.9406295,34.4474323],[108.9395601,34.4474199],[108.9370304,34.4473901],[108.9369243,34.4475941],[108.9333306,34.4474817]]]},"properties":{"osm_id":"297321151","code":7202,"fclass":"park","name":"汉景帝阳陵"}},
{"type":"Feature","geometry":{"type":"Polygon","coordinates":[[[108.7176615,34.4445589],[108.717117,34.4444991],[108.7173178,34.4434598],[108.7174523,34.4434086],[108.7178305,34.4433555],[108.7178971,34.4433301],[108.7176615,34.4445589]]]},"properties":{"osm_id":"804283856","code":7202,"fclass":"park","name":""}},
{"type":"Feature","geometry":{"type":"Polygon","coordinates":[[[108.7631014,34.4447768],[108.76242,34.4442509],[108.7630242,34.4437037],[108.7630937,34.4436407],[108.76381,34.4441042],[108.7631014,34.4447768]]]},"properties":{"osm_id":"389709643","code":7202,"fclass":"park","name":""}},
{"type":"Feature","geometry":{"type":"Polygon","coordinates":[[[108.7160361,34.4427384],[108.7124687,34.4423491],[108.7126297,34.4422606],[108.7134129,34.4423624],[108.7138528,34.4423646],[108.7164599,34.4426588],[108.7165752,34.4427561],[108.7157947,34.446919],[108.7155908,34.447003],[108.7151939,34.4469588],[108.7155389,34.44523],[108.7160361,34.4427384]]]},"properties":{"osm_id":"804283851","code":7202,"fclass":"park","name":""}},
{"type":"Feature","geometry":{"type":"Polygon","coordinates":[[[108.7645503,34.4458727],[108.7637563,34.4452666],[108.764439,34.4446452],[108.7646961,34.4444106],[108.7647863,34.4443022],[108.7651251,34.4440713],[108.7664018,34.4449944],[108.7650768,34.4462641],[108.7645503,34.4458727]]]},"properties":{"osm_id":"389826614","code":7202,"fclass":"park","name":""}},
{"type":"Feature","geometry":{"type":"Polygon","coordinates":[[[108.7161541,34.4501527],[108.7160441,34.4500731],[108.7171116,34.4445434],[108.7176213,34.4446164],[108.717176,34.4469942],[108.7170848,34.4470826],[108.7170231,34.4474056],[108.7170473,34.4477241],[108.7169024,34.4482571],[108.7168971,34.4486398],[108.7167683,34.4490999],[108.7166798,34.4497523],[108.7165806,34.449905],[108.7166074,34.4500443],[108.7177017,34.4501637],[108.718949,34.4503119],[108.7199414,34.4504247],[108.7246004,34.4509401],[108.7245575,34.4511237],[108.7189597,34.4504977],[108.7184823,34.4503916],[108.7161541,34.4501527]]]},"properties":{"osm_id":"804283855","code":7202,"fclass":"park","name":""}},
{"type":"Feature","geometry":{"type":"Polygon","coordinates":[[[108.712678,34.4497369],[108.7124312,34.4495643],[108.7146628,34.4498121],[108.7151402,34.4472419],[108.7155694,34.4472994],[108.7156713,34.44741],[108.7151992,34.4499492],[108.7150383,34.4500067],[108.712678,34.4497369]]]},"properties":{"osm_id":"804283850","code":7202,"fclass":"park","name":""}},
{"type":"Feature","geometry":{"type":"Polygon","coordinates":[[[108.7141693,34.4553348],[108.7102532,34.4542886],[108.7105268,34.4527803],[108.714003,34.4531518],[108.7145287,34.4505906],[108.7121791,34.4503119],[108.7125224,34.4502058],[108.7149847,34.4505021],[108.7150812,34.4505906],[108.7141693,34.4553348]]]},"properties":{"osm_id":"804283849","code":7202,"fclass":"park","name":""}},
{"type":"Feature","geometry":{"type":"Polygon","coordinates":[[[108.715218,34.4556145],[108.7149873,34.4555769],[108.7153387,34.4537003],[108.7155372,34.4535721],[108.715623,34.4535809],[108.715218,34.4556145]]]},"properties":{"osm_id":"804283847","code":7202,"fclass":"park","name":""}},
{"type":"Feature","geometry":{"type":"Polygon","coordinates":[[[108.7135121,34.4581767],[108.7130856,34.4581281],[108.713606,34.4553768],[108.7141478,34.4554874],[108.7136328,34.4581148],[108.7135121,34.4581767]]]},"properties":{"osm_id":"804283845","code":7202,"fclass":"park","name":""}},
{"type":"Feature","geometry":{"type":"Polygon","coordinates":[[[108.7146199,34.4583006],[108.7144804,34.4581568],[108.7149578,34.4556931],[108.7151965,34.4557506],[108.7147003,34.4583138],[108.7146199,34.4583006]]]},"properties":{"osm_id":"804283846","code":7202,"fclass":"park","name":""}},
{"type":"Feature","geometry":{"type":"Polygon","coordinates":[[[108.7147486,34.4598177],[108.7141827,34.4597314],[108.7143892,34.4587473],[108.7145367,34.4586411],[108.7149471,34.4586721],[108.7147486,34.4598177]]]},"properties":{"osm_id":"804283843","code":7202,"fclass":"park","name":""}},
{"type":"Feature","geometry":{"type":"Polygon","coordinates":[[[108.7090087,34.4618567],[108.7089229,34.4617682],[108.7089282,34.4616931],[108.7122756,34.4621309],[108.7127584,34.4597182],[108.7132855,34.4597889],[108.7133029,34.4598188],[108.7128389,34.4622636],[108.712694,34.4623477],[108.7118947,34.4622238],[108.7115246,34.4622238],[108.710264,34.4620646],[108.7098887,34.4619703],[108.7090087,34.4618567]]]},"properties":{"osm_id":"804283844","code":7202,"fclass":"park","name":""}},
{"type":"Feature","geometry":{"type":"Polygon","coordinates":[[[108.7994461,34.4665892],[108.7972011,34.466284],[108.7976342,34.463596],[108.7976933,34.4635562],[108.7981452,34.4636259],[108.7986334,34.4610849],[108.7985663,34.461076],[108.7987809,34.459612],[108.7978984,34.4594992],[108.7981291,34.4576216],[108.7987407,34.4576747],[108.7990075,34.4559153],[108.7995272,34.4559936],[108.7994546,34.4563919],[108.8002188,34.4564865],[108.8006853,34.4565512],[108.8007094,34.4564362],[108.800983,34.456476],[108.8010474,34.4561907],[108.8014175,34.4562515],[108.8011278,34.4577869],[108.8012251,34.4577985],[108.8010608,34.4586456],[108.800979,34.4586345],[108.7999798,34.4638813],[108.8008663,34.4640073],[108.8008864,34.4640626],[108.8003795,34.466724],[108.7997197,34.4666433],[108.7997518,34.4664708],[108.7995815,34.4664509],[108.7995681,34.4665317],[108.7995346,34.4665342],[108.7994622,34.4665339],[108.7994461,34.4665892]]]},"properties":{"osm_id":"941766392","code":7202,"fclass":"park","name":"唐顺陵遗址公园"}},
{"type":"Feature","geometry":{"type":"Polygon","coordinates":[[[108.7137937,34.4625025],[108.7136757,34.4623653],[108.7141666,34.4598354],[108.7147272,34.4599061],[108.7142497,34.4623875],[108.7215614,34.4633694],[108.7212932,34.4634932],[108.7137937,34.4625025]]]},"properties":{"osm_id":"804283842","code":7202,"fclass":"park","name":""}},
{"type":"Feature","geometry":{"type":"Polygon","coordinates":[[[108.7222534,34.4636082],[108.7220442,34.4634313],[108.7269419,34.4640682],[108.7268937,34.4642407],[108.7222534,34.4636082]]]},"properties":{"osm_id":"804283840","code":7202,"fclass":"park","name":""}},
{"type":"Feature","geometry":{"type":"Polygon","coordinates":[[[108.7129515,34.466682],[108.7128496,34.4665892],[108.713547,34.4630332],[108.7137079,34.4629536],[108.7143141,34.4630421],[108.7147701,34.4630597],[108.7212235,34.4639465],[108.7214246,34.4641257],[108.7140673,34.4631703],[108.7133807,34.4667528],[108.7129515,34.466682]]]},"properties":{"osm_id":"804283841","code":7202,"fclass":"park","name":""}},
{"type":"Feature","geometry":{"type":"Polygon","coordinates":[[[108.72765,34.4649704],[108.7218833,34.4642053],[108.722173,34.464077],[108.7277949,34.4647935],[108.7279773,34.4649881],[108.7276044,34.4669275],[108.7272584,34.4668766],[108.72765,34.4649704]]]},"properties":{"osm_id":"804283839","code":7202,"fclass":"park","name":""}},
{"type":"Feature","geometry":{"type":"Polygon","coordinates":[[[108.7279183,34.4684865],[108.727591,34.4684511],[108.7282294,34.4650412],[108.7285727,34.4648908],[108.7279183,34.4684865]]]},"properties":{"osm_id":"804283838","code":7202,"fclass":"park","name":""}},
{"type":"Feature","geometry":{"type":"Polygon","coordinates":[[[108.7105107,34.4714319],[108.7082249,34.4711341],[108.7082362,34.4709631],[108.7088209,34.4709764],[108.7108362,34.4697334],[108.7121737,34.4627546],[108.7126849,34.4628212],[108.7110219,34.4714985],[108.7105107,34.4714319]]]},"properties":{"osm_id":"737719081","code":7202,"fclass":"park","name":""}},
{"type":"Feature","geometry":{"type":"Polygon","coordinates":[[[108.7273765,34.4682079],[108.7270278,34.4681681],[108.7272477,34.4670734],[108.7275776,34.467111],[108.7273765,34.4682079]]]},"properties":{"osm_id":"804283837","code":7202,"fclass":"park","name":""}},
{"type":"Feature","geometry":{"type":"Polygon","coordinates":[[[108.7269205,34.4695037],[108.7267864,34.4694904],[108.7270009,34.468345],[108.7273496,34.4683627],[108.7271619,34.4693931],[108.7269205,34.4695037]]]},"properties":{"osm_id":"804283836","code":7202,"fclass":"park","name":""}},
{"type":"Feature","geometry":{"type":"Polygon","coordinates":[[[108.7119913,34.471538],[108.7119055,34.4714319],[108.7128067,34.4671243],[108.7133753,34.4671862],[108.7127101,34.4699106],[108.7139654,34.4714673],[108.7146467,34.4715426],[108.7145234,34.4718073],[108.7119913,34.471538]]]},"properties":{"osm_id":"737719073","code":7202,"fclass":"park","name":""}},
{"type":"Feature","geometry":{"type":"Polygon","coordinates":[[[108.7275428,34.4705629],[108.7272343,34.4705275],[108.7273362,34.4699526],[108.7275334,34.4698663],[108.7276702,34.4698741],[108.7275428,34.4705629]]]},"properties":{"osm_id":"804283835","code":7202,"fclass":"park","name":""}},
{"type":"Feature","geometry":{"type":"Polygon","coordinates":[[[108.7268682,34.4709863],[108.726549,34.4709532],[108.7267508,34.469816],[108.726893,34.4698216],[108.727068,34.4699371],[108.7268682,34.4709863]]]},"properties":{"osm_id":"804283834","code":7202,"fclass":"park","name":""}},
{"type":"Feature","geometry":{"type":"Polygon","coordinates":[[[108.7780674,34.4724122],[108.7762648,34.4720828],[108.7765203,34.4703018],[108.7771447,34.4701762],[108.7773507,34.4701585],[108.7775331,34.4701815],[108.779357,34.4705353],[108.7797475,34.4707741],[108.7798613,34.4708979],[108.7798827,34.4709952],[108.7798677,34.4710607],[108.7797926,34.471158],[108.779666,34.4712517],[108.7780674,34.4724122]]]},"properties":{"osm_id":"1270294375","code":7202,"fclass":"park","name":"西汉萧何曹参丞相陵墓公园"}},
{"type":"Feature","geometry":{"type":"Polygon","coordinates":[[[108.727296,34.4719891],[108.7269607,34.4719493],[108.7271887,34.4707287],[108.727524,34.4707685],[108.727296,34.4719891]]]},"properties":{"osm_id":"804283827","code":7202,"fclass":"park","name":""}},
{"type":"Feature","geometry":{"type":"Polygon","coordinates":[[[108.7157815,34.4719411],[108.7148236,34.4718392],[108.7148729,34.4715676],[108.7159855,34.4716907],[108.7159529,34.4718299],[108.7157815,34.4719411]]]},"properties":{"osm_id":"804283831","code":7202,"fclass":"park","name":""}},
{"type":"Feature","geometry":{"type":"Polygon","coordinates":[[[108.7265933,34.472438],[108.7262902,34.4724093],[108.7265262,34.4710803],[108.7268347,34.4711135],[108.7265933,34.472438]]]},"properties":{"osm_id":"804283833","code":7202,"fclass":"park","name":""}},
{"type":"Feature","geometry":{"type":"Polygon","coordinates":[[[108.7163409,34.4720006],[108.7162178,34.4718531],[108.7162449,34.4717193],[108.7200156,34.4721363],[108.7199897,34.4722832],[108.7198419,34.4723729],[108.7163409,34.4720006]]]},"properties":{"osm_id":"804283832","code":7202,"fclass":"park","name":""}},
{"type":"Feature","geometry":{"type":"Polygon","coordinates":[[[108.8463998,34.4733114],[108.8463996,34.4726044],[108.8464274,34.4676476],[108.8465081,34.4672817],[108.8467233,34.4669754],[108.8470458,34.4667513],[108.847507,34.4666353],[108.8477662,34.466626],[108.8482968,34.4667425],[108.8486227,34.4669603],[108.8488451,34.4672632],[108.8489337,34.4676253],[108.8489337,34.4732749],[108.8489634,34.4740434],[108.8489853,34.4758258],[108.848989,34.4761883],[108.8489625,34.4766625],[108.8489617,34.4767633],[108.848952,34.476851],[108.8489333,34.4769378],[108.848906,34.4770229],[108.84887,34.4771059],[108.8488258,34.4771861],[108.8487735,34.4772629],[108.8487136,34.4773359],[108.8486465,34.4774045],[108.8485727,34.4774682],[108.8484926,34.4775265],[108.8484069,34.4775792],[108.8483161,34.4776257],[108.8482209,34.4776657],[108.848122,34.4776991],[108.84802,34.4777255],[108.8479157,34.4777447],[108.8478099,34.4777567],[108.8477031,34.4777613],[108.8475961,34.4777585],[108.8474897,34.4777483],[108.8473848,34.4777308],[108.847282,34.477706],[108.8471821,34.4776742],[108.8470858,34.4776357],[108.8469937,34.4775905],[108.8469066,34.4775392],[108.8468251,34.477482],[108.8467496,34.4774194],[108.8466808,34.4773517],[108.8466191,34.4772796],[108.846565,34.4772034],[108.8465189,34.4771237],[108.8464811,34.4770412],[108.8464518,34.4769563],[108.8464312,34.4768696],[108.8464196,34.4767819],[108.8464167,34.4766852],[108.8464082,34.4763716],[108.8464034,34.4761936],[108.846406,34.4759787],[108.8464053,34.4757565],[108.8464,34.4739391],[108.8463998,34.4733114]]]},"properties":{"osm_id":"798338080","code":7202,"fclass":"park","name":""}},
{"type":"Feature","geometry":{"type":"Polygon","coordinates":[[[108.7205006,34.4724429],[108.7203893,34.472323],[108.7204136,34.4721803],[108.7256689,34.4727614],[108.7255819,34.4729833],[108.7205006,34.4724429]]]},"properties":{"osm_id":"804283830","code":7202,"fclass":"park","name":""}},
{"type":"Feature","geometry":{"type":"Polygon","coordinates":[[[108.7268793,34.4731213],[108.7267649,34.4729798],[108.7267857,34.4728802],[108.7269285,34.4720953],[108.7272719,34.4721373],[108.7271264,34.4729152],[108.7294793,34.4731567],[108.7294578,34.4733955],[108.7268793,34.4731213]]]},"properties":{"osm_id":"804283828","code":7202,"fclass":"park","name":""}},
{"type":"Feature","geometry":{"type":"Polygon","coordinates":[[[108.7263711,34.4730672],[108.7257135,34.4729973],[108.7258208,34.4727782],[108.7262066,34.4728208],[108.7262419,34.4726127],[108.7265879,34.4725419],[108.7265279,34.4728538],[108.7265155,34.4729245],[108.7263711,34.4730672]]]},"properties":{"osm_id":"804283829","code":7202,"fclass":"park","name":""}},
{"type":"Feature","geometry":{"type":"Polygon","coordinates":[[[108.8975147,34.4840052],[108.897479,34.4828609],[108.897627,34.4827221],[108.9008626,34.4825454],[108.9009851,34.4826842],[108.9008983,34.4839505],[108.9007707,34.4839589],[108.8975147,34.4840052]]]},"properties":{"osm_id":"1214022210","code":7202,"fclass":"park","name":""}},
{"type":"Feature","geometry":{"type":"Polygon","coordinates":[[[108.407228,34.4841057],[108.4068847,34.4836149],[108.4072655,34.4833319],[108.4077376,34.4831197],[108.4080595,34.4830489],[108.4080917,34.483951],[108.407228,34.4841057]]]},"properties":{"osm_id":"737719274","code":7202,"fclass":"park","name":""}},
{"type":"Feature","geometry":{"type":"Polygon","coordinates":[[[108.4304184,34.4841411],[108.4281009,34.4837653],[108.4281063,34.4836238],[108.4305042,34.4832612],[108.4304184,34.4841411]]]},"properties":{"osm_id":"953599316","code":7202,"fclass":"park","name":""}},
{"type":"Feature","geometry":{"type":"Polygon","coordinates":[[[108.4253962,34.4856066],[108.4246409,34.4854809],[108.4248769,34.484517],[108.4256322,34.4846426],[108.4253962,34.4856066]]]},"properties":{"osm_id":"737719273","code":7202,"fclass":"park","name":""}},
{"type":"Feature","geometry":{"type":"Polygon","coordinates":[[[108.4278542,34.4961499],[108.4269798,34.4957475],[108.4271246,34.4951993],[108.4284818,34.4954469],[108.4282833,34.4959421],[108.428852,34.4960305],[108.4287393,34.4963267],[108.4278542,34.4961499]]]},"properties":{"osm_id":"737719089","code":7202,"fclass":"park","name":""}},
{"type":"Feature","geometry":{"type":"Polygon","coordinates":[[[108.9350192,34.498405],[108.9350046,34.4950339],[108.9351322,34.4948887],[108.9400695,34.4948911],[108.940225,34.4950149],[108.9402493,34.4984335],[108.9400809,34.4985585],[108.935177,34.4985388],[108.9350192,34.498405]]]},"properties":{"osm_id":"1278446129","code":7202,"fclass":"park","name":"崇文塔景区"}},
{"type":"Feature","geometry":{"type":"Polygon","coordinates":[[[108.9170488,34.5019364],[108.9169365,34.5018338],[108.917328,34.5002983],[108.9174858,34.5001457],[108.9202715,34.5000307],[108.9203929,34.5001933],[108.9196615,34.5017463],[108.9193854,34.5019113],[108.9170488,34.5019364]]]},"properties":{"osm_id":"1229570325","code":7202,"fclass":"park","name":"泾河新城体育中心"}},
{"type":"Feature","geometry":{"type":"Polygon","coordinates":[[[107.3027962,34.46528],[107.302469,34.4646387],[107.3032039,34.464161],[107.3036706,34.4650235],[107.3027962,34.46528]]]},"properties":{"osm_id":"970425225","code":7202,"fclass":"park","name":""}},
{"type":"Feature","geometry":{"type":"Polygon","coordinates":[[[107.2863865,34.4937668],[107.2860539,34.4937226],[107.2862095,34.4930506],[107.2865313,34.493055],[107.2865742,34.4936253],[107.2863865,34.4937668]]]},"properties":{"osm_id":"970330850","code":7202,"fclass":"park","name":""}},
{"type":"Feature","geometry":{"type":"Polygon","coordinates":[[[107.4071567,34.512507],[107.4067013,34.5120246],[107.4093439,34.5107382],[107.4114579,34.509177],[107.4118482,34.5085338],[107.4122791,34.5078236],[107.413515,34.5064165],[107.414068,34.5056058],[107.4144989,34.5043193],[107.4160844,34.5038502],[107.4189384,34.5028719],[107.419101,34.5029523],[107.4185074,34.5039038],[107.4165967,34.5046409],[107.416304,34.5048017],[107.4157348,34.5057331],[107.415312,34.5060145],[107.4146859,34.5063562],[107.4144745,34.506651],[107.4144826,34.5074149],[107.4138728,34.5079911],[107.4131492,34.5088353],[107.4124499,34.5097934],[107.4121084,34.5099409],[107.4116775,34.5103429],[107.4115718,34.5106913],[107.4114254,34.5110799],[107.4107668,34.5115757],[107.410222,34.511904],[107.4090756,34.5123797],[107.4082137,34.5125003],[107.4071567,34.512507]]]},"properties":{"osm_id":"1290861510","code":7202,"fclass":"park","name":""}},
{"type":"Feature","geometry":{"type":"Polygon","coordinates":[[[107.4297071,34.5160634],[107.4293849,34.5152207],[107.4302442,34.5149628],[107.4309914,34.5147666],[107.431365,34.5155785],[107.4297071,34.5160634]]]},"properties":{"osm_id":"920855775","code":7202,"fclass":"park","name":""}},
{"type":"Feature","geometry":{"type":"Polygon","coordinates":[[[107.4020042,34.5213563],[107.4011545,34.5212759],[107.4019025,34.5195409],[107.4019168,34.5175495],[107.4022888,34.5175947],[107.4022798,34.5169287],[107.4016879,34.5167202],[107.4021252,34.5156106],[107.4019803,34.5153757],[107.4037518,34.5138156],[107.404363,34.5137629],[107.4043703,34.5158528],[107.4046955,34.5170185],[107.4045654,34.5174071],[107.4044678,34.5174741],[107.4037198,34.5196715],[107.4026465,34.5198189],[107.4020042,34.5213563]]]},"properties":{"osm_id":"410558139","code":7202,"fclass":"park","name":"东湖公园"}},
{"type":"Feature","geometry":{"type":"Polygon","coordinates":[[[107.3812723,34.521466],[107.3804462,34.518571],[107.3832518,34.5180273],[107.3834503,34.5191412],[107.3834604,34.5192718],[107.3834608,34.5194027],[107.3834516,34.5195334],[107.3834327,34.5196633],[107.3834042,34.5197921],[107.3833662,34.5199192],[107.3833189,34.5200442],[107.3832625,34.5201666],[107.3831907,34.5202966],[107.3831086,34.5204224],[107.3830165,34.5205434],[107.3829149,34.520659],[107.3828042,34.5207689],[107.3826848,34.5208725],[107.3825573,34.5209693],[107.3824223,34.5210588],[107.3822804,34.5211408],[107.3821322,34.5212149],[107.3819783,34.5212806],[107.3818195,34.5213378],[107.3812723,34.521466]]]},"properties":{"osm_id":"854251351","code":7202,"fclass":"park","name":""}},
{"type":"Feature","geometry":{"type":"Polygon","coordinates":[[[107.4127126,34.5232087],[107.4127126,34.5211989],[107.4131192,34.520194],[107.4135257,34.5200734],[107.4144201,34.5200734],[107.41429,34.5218286],[107.4144852,34.5224986],[107.4142087,34.5230211],[107.4127126,34.5232087]]]},"properties":{"osm_id":"410558140","code":7202,"fclass":"park","name":""}},
{"type":"Feature","geometry":{"type":"Polygon","coordinates":[[[108.227976,34.538485],[108.2248753,34.5380873],[108.2252026,34.5368146],[108.2262593,34.5369693],[108.2262593,34.5367262],[108.2267421,34.5370709],[108.2273805,34.5372875],[108.228609,34.5376145],[108.2310712,34.5380961],[108.231141,34.5383303],[108.2309908,34.5395544],[108.2314092,34.5395809],[108.231397,34.5396681],[108.2311195,34.5416577],[108.2334959,34.5416714],[108.2357275,34.5416842],[108.2357275,34.5418698],[108.2363552,34.5418698],[108.2361621,34.5428066],[108.2354271,34.5428198],[108.2272035,34.5420863],[108.2274449,34.5411937],[108.2276058,34.5410126],[108.227976,34.538485]]]},"properties":{"osm_id":"798369418","code":7202,"fclass":"park","name":""}},
{"type":"Feature","geometry":{"type":"Polygon","coordinates":[[[107.3200659,34.5401541],[107.3200034,34.5396895],[107.3214378,34.5395585],[107.3215553,34.5404324],[107.3209458,34.540488],[107.3219541,34.5479841],[107.3213625,34.5480381],[107.3202991,34.5401329],[107.3200659,34.5401541]]]},"properties":{"osm_id":"854251363","code":7202,"fclass":"park","name":""}},
{"type":"Feature","geometry":{"type":"Polygon","coordinates":[[[107.314053,34.5495501],[107.3139564,34.5490155],[107.3166065,34.5486797],[107.3167084,34.5490774],[107.314053,34.5495501]]]},"properties":{"osm_id":"920855903","code":7202,"fclass":"park","name":""}},
{"type":"Feature","geometry":{"type":"Polygon","coordinates":[[[108.833845,34.5338514],[108.8329525,34.5337203],[108.8330044,34.5320958],[108.834474,34.5321562],[108.8368758,34.5323446],[108.8366107,34.5341207],[108.833845,34.5338514]]]},"properties":{"osm_id":"288412874","code":7202,"fclass":"park","name":"泾干湖公园"}},
{"type":"Feature","geometry":{"type":"Polygon","coordinates":[[[108.5317399,34.5950059],[108.5310653,34.5948778],[108.5317715,34.5935776],[108.5322464,34.5928073],[108.5327764,34.5920613],[108.5365576,34.5932578],[108.5357039,34.5946032],[108.5347121,34.5943293],[108.5344831,34.594724],[108.5342513,34.5947553],[108.5339503,34.5946927],[108.5337462,34.5950942],[108.5334038,34.5950657],[108.5334833,34.5948322],[108.5323937,34.5949347],[108.5317399,34.5950059]]]},"properties":{"osm_id":"1087809798","code":7202,"fclass":"park","name":"袁家村-关中印象体验地"}},
{"type":"Feature","geometry":{"type":"Polygon","coordinates":[[[108.9068077,34.610421],[108.9058723,34.6103612],[108.9059794,34.608928],[108.9087421,34.6090031],[108.9089674,34.6090649],[108.9091229,34.6092812],[108.9091498,34.6108574],[108.9090371,34.6110208],[108.9085919,34.6113387],[108.9067329,34.6112119],[108.9068077,34.610421]]]},"properties":{"osm_id":"1234274150","code":7202,"fclass":"park","name":""}},
{"type":"Feature","geometry":{"type":"Polygon","coordinates":[[[108.9004004,34.8549464],[108.9002931,34.8539075],[108.9004218,34.8538987],[108.9020553,34.8559852],[108.9020902,34.8561459],[108.9020687,34.8562868],[108.9019829,34.8564518],[108.9018702,34.8565751],[108.9009583,34.8568854],[108.9007974,34.8553073],[108.9004004,34.8549464]]]},"properties":{"osm_id":"1051136530","code":7202,"fclass":"park","name":"照金红色之旅"}},
{"type":"Feature","geometry":{"type":"Polygon","coordinates":[[[108.9028503,34.8561101],[108.9009585,34.8537833],[108.9012427,34.8535001],[108.9013544,34.8540665],[108.9020852,34.8548577],[108.9037701,34.8546911],[108.9043892,34.8556157],[108.9040441,34.85699],[108.9042776,34.8581977],[108.9035772,34.8584142],[108.9028261,34.8580894],[108.9024709,34.8574314],[108.9019329,34.8572315],[108.9013036,34.8573148],[108.9020677,34.8568917],[108.9026706,34.8570136],[108.9031188,34.8567913],[108.9031506,34.8565081],[108.9028503,34.8561101]]]},"properties":{"osm_id":"1312506872","code":7202,"fclass":"park","name":""}},
{"type":"Feature","geometry":{"type":"Polygon","coordinates":[[[108.9309883,34.8903928],[108.9291215,34.889064],[108.933059,34.8847604],[108.9349151,34.8857901],[108.9309883,34.8903928]]]},"properties":{"osm_id":"1051136506","code":7202,"fclass":"park","name":""}},
{"type":"Feature","geometry":{"type":"Polygon","coordinates":[[[108.9344597,34.8927146],[108.9312726,34.8904917],[108.9319189,34.8899032],[108.9350992,34.891932],[108.9344597,34.8927146]]]},"properties":{"osm_id":"1312506861","code":7202,"fclass":"park","name":""}},
{"type":"Feature","geometry":{"type":"Polygon","coordinates":[[[108.938668,34.8952767],[108.9352982,34.8932287],[108.9357448,34.8926542],[108.9391045,34.8947106],[108.938668,34.8952767]]]},"properties":{"osm_id":"1312506863","code":7202,"fclass":"park","name":""}},
{"type":"Feature","geometry":{"type":"Polygon","coordinates":[[[108.9271332,34.9033366],[108.9252484,34.9023428],[108.9291215,34.8977495],[108.9310493,34.8990074],[108.9271332,34.9033366]]]},"properties":{"osm_id":"1292659997","code":7202,"fclass":"park","name":""}},
{"type":"Feature","geometry":{"type":"Polygon","coordinates":[[[108.9444411,34.9073189],[108.9443322,34.9070973],[108.9443547,34.9068551],[108.9487226,34.9019202],[108.9497252,34.9025544],[108.9453278,34.9074301],[108.9450652,34.907515],[108.944792,34.9075382],[108.9446165,34.9074373],[108.9444411,34.9073189]]]},"properties":{"osm_id":"296382868","code":7202,"fclass":"park","name":"运动公园"}},
{"type":"Feature","geometry":{"type":"Polygon","coordinates":[[[107.1538893,34.6203474],[107.1537352,34.6202713],[107.1537968,34.6200178],[107.154108,34.619673],[107.1543576,34.619465],[107.1546903,34.6192166],[107.1546041,34.6190847],[107.1541789,34.6184711],[107.1545425,34.6180502],[107.1553867,34.6174873],[107.1560275,34.617178],[107.1566376,34.617107],[107.1574078,34.6172743],[107.1583075,34.6174417],[107.1587388,34.6175431],[107.1595584,34.6180502],[107.1597926,34.6184508],[107.1600082,34.6190746],[107.1601438,34.6193332],[107.1601808,34.6196172],[107.1597433,34.6196577],[107.1594352,34.6194194],[107.1592256,34.6193687],[107.1589976,34.61946],[107.1587758,34.6193839],[107.1584924,34.6191963],[107.1581534,34.6191557],[107.1579254,34.6194245],[107.1576851,34.6195614],[107.1575126,34.6195513],[107.1573524,34.6195513],[107.15673,34.6195715],[107.1564773,34.6195817],[107.1562925,34.6195158],[107.1561692,34.6193991],[107.1561199,34.6191811],[107.1559412,34.6190796],[107.1556455,34.6192064],[107.1554791,34.6193535],[107.1551525,34.6194093],[107.154906,34.6196121],[107.1547273,34.6198454],[107.1544808,34.6200279],[107.1538893,34.6203474]]]},"properties":{"osm_id":"1322897995","code":7202,"fclass":"park","name":""}},
{"type":"Feature","geometry":{"type":"Polygon","coordinates":[[[107.7724618,34.6389149],[107.7722526,34.63882],[107.7723303,34.6382352],[107.7732316,34.6373215],[107.7736875,34.6374893],[107.7738646,34.637657],[107.7732959,34.6380277],[107.773159,34.6381299],[107.7730291,34.6382382],[107.7729065,34.6383521],[107.7727917,34.6384713],[107.7726998,34.6385773],[107.7726141,34.6386867],[107.7725347,34.6387993],[107.7724618,34.6389149]]]},"properties":{"osm_id":"854238596","code":7202,"fclass":"park","name":""}},
{"type":"Feature","geometry":{"type":"Polygon","coordinates":[[[107.1245829,34.6444476],[107.1243647,34.6444295],[107.1246198,34.6442999],[107.1250439,34.6440845],[107.1256321,34.6450872],[107.1247399,34.6453855],[107.1244053,34.6446105],[107.1246337,34.6445437],[107.1245829,34.6444476]]]},"properties":{"osm_id":"493800937","code":7202,"fclass":"park","name":"文化广场"}},
{"type":"Feature","geometry":{"type":"Polygon","coordinates":[[[107.1161842,34.6492265],[107.1158731,34.6484631],[107.1165034,34.6483064],[107.1168172,34.6490611],[107.1165571,34.6491471],[107.1167019,34.6494318],[107.1168494,34.6494715],[107.1171552,34.6497958],[107.1172678,34.649798],[107.1177426,34.6506828],[107.1176138,34.6507292],[107.1178016,34.6510756],[107.117174,34.651294],[107.1165088,34.6500407],[107.1165463,34.6495024],[107.1164069,34.6491824],[107.1161842,34.6492265]]]},"properties":{"osm_id":"824127585","code":7202,"fclass":"park","name":""}},
{"type":"Feature","geometry":{"type":"Polygon","coordinates":[[[107.1637398,34.6549523],[107.162227,34.6530106],[107.1660894,34.6530504],[107.1670604,34.6535225],[107.1637398,34.6549523]]]},"properties":{"osm_id":"824167398","code":7202,"fclass":"park","name":""}},
{"type":"Feature","geometry":{"type":"Polygon","coordinates":[[[107.8347963,34.6778577],[107.8346005,34.67786],[107.8347051,34.6773703],[107.8347695,34.6771695],[107.8349519,34.676949],[107.8350672,34.6768254],[107.8352442,34.676713],[107.8354347,34.6766358],[107.8355205,34.6766446],[107.8356117,34.6767152],[107.8353274,34.6768652],[107.8351986,34.676971],[107.8349358,34.6772468],[107.834866,34.6774497],[107.8347963,34.6778577]]]},"properties":{"osm_id":"1052471606","code":7202,"fclass":"park","name":""}},
{"type":"Feature","geometry":{"type":"Polygon","coordinates":[[[106.8867188,34.8822805],[106.8865071,34.8818815],[106.8872149,34.8816376],[106.8879015,34.8812776],[106.8883645,34.882112],[106.8883687,34.8821196],[106.8877953,34.8823054],[106.8868398,34.8825086],[106.8867188,34.8822805]]]},"properties":{"osm_id":"1246333965","code":7202,"fclass":"park","name":""}},
{"type":"Feature","geometry":{"type":"Polygon","coordinates":[[[106.8654784,34.8905074],[106.8609253,34.8889966],[106.8609321,34.8888338],[106.8640405,34.8889629],[106.8646841,34.8889236],[106.8656632,34.8888955],[106.8659371,34.8890584],[106.866074,34.8892943],[106.866074,34.8894291],[106.8654784,34.8905074]]]},"properties":{"osm_id":"934935539","code":7202,"fclass":"park","name":""}},
{"type":"Feature","geometry":{"type":"Polygon","coordinates":[[[106.8682591,34.8938507],[106.8662199,34.8938848],[106.8662251,34.8934038],[106.8669827,34.8912332],[106.8684978,34.8917823],[106.8692813,34.8920249],[106.8698262,34.8921355],[106.8705267,34.8921909],[106.8715489,34.8920844],[106.871606,34.8921185],[106.8716786,34.8921994],[106.8691672,34.8936464],[106.8689285,34.8937486],[106.8687106,34.8938209],[106.8682591,34.8938507]]]},"properties":{"osm_id":"934935541","code":7202,"fclass":"park","name":""}},
{"type":"Feature","geometry":{"type":"Polygon","coordinates":[[[106.8632344,34.8938091],[106.8631862,34.8928939],[106.8634705,34.8929995],[106.8637333,34.8929731],[106.8637762,34.8927355],[106.8648169,34.8928961],[106.8647338,34.8934769],[106.8645434,34.8937871],[106.8632344,34.8938091]]]},"properties":{"osm_id":"487977090","code":7202,"fclass":"park","name":""}},
{"type":"Feature","geometry":{"type":"Polygon","coordinates":[[[109.9358589,34.7384979],[109.9344869,34.7384861],[109.9345165,34.7361737],[109.935888,34.7361855],[109.9358589,34.7384979]]]},"properties":{"osm_id":"1094364722","code":7202,"fclass":"park","name":""}},
{"type":"Feature","geometry":{"type":"Polygon","coordinates":[[[109.9253359,34.7713254],[109.9201714,34.7700118],[109.9207865,34.7671856],[109.9242627,34.7678613],[109.9255573,34.7680317],[109.9287402,34.7666157],[109.9299346,34.7659929],[109.9303638,34.7659576],[109.9309789,34.7661691],[109.935907,34.7694947],[109.9368225,34.7700235],[109.9374949,34.7701645],[109.9385678,34.7702115],[109.9392401,34.7703173],[109.9401056,34.7708461],[109.9413573,34.7706052],[109.9419724,34.7694184],[109.9425947,34.7689424],[109.9435603,34.7689483],[109.9439608,34.7694007],[109.9437105,34.7702703],[109.9437462,34.7709518],[109.9442469,34.7715688],[109.945656,34.7718038],[109.9453055,34.7749353],[109.9297261,34.7718376],[109.9253359,34.7713254]]]},"properties":{"osm_id":"1051552823","code":7202,"fclass":"park","name":"同州湖景区"}},
{"type":"Feature","geometry":{"type":"Polygon","coordinates":[[[110.111606,34.7866828],[110.1115881,34.7844633],[110.1131602,34.7842123],[110.1144281,34.7840911],[110.1167568,34.784099],[110.1169346,34.7846904],[110.1172951,34.784797],[110.1174734,34.7855964],[110.1174866,34.7861188],[110.1165361,34.7863084],[110.1157398,34.7864071],[110.115781,34.7866476],[110.111606,34.7866828]]]},"properties":{"osm_id":"517169494","code":7202,"fclass":"park","name":"丰图义仓"}},
{"type":"Feature","geometry":{"type":"Polygon","coordinates":[[[109.1791999,34.7338134],[109.1789263,34.7327333],[109.1790497,34.7326054],[109.1804176,34.7323629],[109.1805745,34.7324324],[109.1808495,34.7335511],[109.1807556,34.7336723],[109.179393,34.7339148],[109.1791999,34.7338134]]]},"properties":{"osm_id":"513489278","code":7202,"fclass":"park","name":"昌平公园"}},
{"type":"Feature","geometry":{"type":"Polygon","coordinates":[[[109.1748399,34.756565],[109.17356,34.7560083],[109.1738642,34.7555496],[109.1781647,34.7563046],[109.1786246,34.7565577],[109.1787768,34.7567288],[109.1788082,34.7569333],[109.1780922,34.7569124],[109.1748399,34.756565]]]},"properties":{"osm_id":"512791097","code":7202,"fclass":"park","name":""}},
{"type":"Feature","geometry":{"type":"Polygon","coordinates":[[[109.1803852,34.7569792],[109.1791363,34.7569428],[109.1792014,34.7566762],[109.1793215,34.7565248],[109.1815357,34.7565586],[109.1817729,34.7567486],[109.1816893,34.7576219],[109.1815326,34.7576239],[109.181247,34.7574067],[109.1803852,34.7569792]]]},"properties":{"osm_id":"552140702","code":7202,"fclass":"park","name":""}},
{"type":"Feature","geometry":{"type":"Polygon","coordinates":[[[109.1679308,34.7601254],[109.1674373,34.7582038],[109.1697683,34.7578419],[109.1701624,34.7577807],[109.1719219,34.7561765],[109.1724369,34.7562118],[109.1738531,34.756864],[109.1762829,34.7574629],[109.1766426,34.7575516],[109.1769216,34.7581157],[109.1778234,34.7582295],[109.180269,34.7583801],[109.1804992,34.7584006],[109.1807555,34.7585915],[109.1812362,34.7587955],[109.1814277,34.7590148],[109.1812117,34.7611211],[109.1788237,34.7608629],[109.1787367,34.7606778],[109.1784381,34.7606258],[109.1782417,34.7608],[109.1737238,34.7603065],[109.1712987,34.7599982],[109.1679308,34.7601254]]]},"properties":{"osm_id":"512791093","code":7202,"fclass":"park","name":""}},
{"type":"Feature","geometry":{"type":"Polygon","coordinates":[[[109.5876048,34.8341767],[109.5697091,34.8293155],[109.5705674,34.8184648],[109.5789573,34.8189756],[109.5828412,34.8198212],[109.5846865,34.8210719],[109.5857594,34.8235909],[109.5919392,34.824454],[109.5889351,34.8336483],[109.5886991,34.8338949],[109.5876048,34.8341767]]]},"properties":{"osm_id":"292187790","code":7202,"fclass":"park","name":"卤阳湖国家湿地公园"}},
{"type":"Feature","geometry":{"type":"Polygon","coordinates":[[[108.9953917,34.9098008],[108.994984,34.9091146],[108.9978164,34.9075309],[108.997795,34.9072493],[108.9989108,34.9061055],[108.9982885,34.9052256],[108.998267,34.9028676],[108.9978164,34.9015301],[108.999297,34.9014597],[109.0013999,34.9018997],[109.00258,34.9035011],[109.0049404,34.9034131],[109.0050262,34.9048913],[109.0027517,34.9048561],[109.0027731,34.9052608],[109.0053481,34.9056656],[109.0070003,34.9050497],[109.0069574,34.9049969],[109.0097469,34.9057008],[109.0111631,34.9066334],[109.0131801,34.9069678],[109.0120858,34.9073373],[109.0076226,34.9067566],[109.0070432,34.9074077],[109.0072149,34.9081292],[109.0054339,34.9087978],[109.0036314,34.909097],[109.0023011,34.909097],[109.0007776,34.9092378],[108.9994687,34.9095193],[108.9953917,34.9097832],[108.9953917,34.9098008]]]},"properties":{"osm_id":"483394715","code":7202,"fclass":"park","name":"药王山"}},
{"type":"Feature","geometry":{"type":"Polygon","coordinates":[[[108.9841921,34.9099558],[108.9841308,34.9099203],[108.9842354,34.9094572],[108.98482,34.9095371],[108.9846883,34.9101289],[108.9845566,34.9101215],[108.9843491,34.9100431],[108.9841921,34.9099558]]]},"properties":{"osm_id":"1208793233","code":7202,"fclass":"park","name":"耀州站站前广场"}},
{"type":"Feature","geometry":{"type":"Polygon","coordinates":[[[108.9715031,34.921562],[108.9706555,34.9214212],[108.9709344,34.9202424],[108.9718088,34.920436],[108.9715031,34.921562]]]},"properties":{"osm_id":"1051136499","code":7202,"fclass":"park","name":""}},
{"type":"Feature","geometry":{"type":"Polygon","coordinates":[[[109.5932027,34.9451599],[109.5869434,34.9442978],[109.5876149,34.9408079],[109.5944951,34.9422725],[109.5935195,34.9451183],[109.5932027,34.9451599]]]},"properties":{"osm_id":"292246909","code":7202,"fclass":"park","name":"紫荆公园"}},
{"type":"Feature","geometry":{"type":"Polygon","coordinates":[[[109.5671792,34.9583287],[109.5660312,34.9581749],[109.566219,34.9573087],[109.5673616,34.9574538],[109.5671792,34.9583287]]]},"properties":{"osm_id":"1005850504","code":7202,"fclass":"park","name":""}},
{"type":"Feature","geometry":{"type":"Polygon","coordinates":[[[109.9353369,35.0060229],[109.9340401,35.0060712],[109.9342169,35.0049897],[109.9353369,35.0060229]]]},"properties":{"osm_id":"1094364778","code":7202,"fclass":"park","name":""}},
{"type":"Feature","geometry":{"type":"Polygon","coordinates":[[[109.9394522,35.0097577],[109.938377,35.009747],[109.9384223,35.0091369],[109.9394846,35.009121],[109.9394522,35.0097577]]]},"properties":{"osm_id":"1094364771","code":7202,"fclass":"park","name":""}},
{"type":"Feature","geometry":{"type":"Polygon","coordinates":[[[110.337442,35.1439316],[110.3358355,35.13857],[110.3368816,35.1377909],[110.338376,35.1369508],[110.3413088,35.135194],[110.3438679,35.134308],[110.346782,35.1329942],[110.3483511,35.1323373],[110.3496214,35.1322303],[110.349995,35.1327956],[110.3494906,35.1348579],[110.3502939,35.1364314],[110.3520685,35.1385242],[110.3529277,35.1411974],[110.3526849,35.1429388],[110.3521432,35.1443899],[110.3511345,35.1453522],[110.3490049,35.1450772],[110.3461282,35.1456271],[110.3461345,35.148037],[110.339478,35.1508531],[110.3375915,35.1452605],[110.337442,35.1439316]]]},"properties":{"osm_id":"356873412","code":7202,"fclass":"park","name":"洽川风景区"}},
{"type":"Feature","geometry":{"type":"Polygon","coordinates":[[[110.337442,35.1439316],[110.3358355,35.13857],[110.3368816,35.1377909],[110.338376,35.1369508],[110.3413088,35.135194],[110.3438679,35.134308],[110.346782,35.1329942],[110.3483511,35.1323373],[110.3496214,35.1322303],[110.349995,35.1327956],[110.3494906,35.1348579],[110.3502939,35.1364314],[110.3520685,35.1385242],[110.3529277,35.1411974],[110.3526849,35.1429388],[110.3521432,35.1443899],[110.3511345,35.1453522],[110.3490049,35.1450772],[110.3461282,35.1456271],[110.3461345,35.148037],[110.339478,35.1508531],[110.3375915,35.1452605],[110.337442,35.1439316]]]},"properties":{"osm_id":"356873412","code":7202,"fclass":"park","name":"洽川风景区"}},
{"type":"Feature","geometry":{"type":"Polygon","coordinates":[[[109.9498714,35.1641542],[109.9461116,35.1640747],[109.947327,35.1624583],[109.951573,35.1609612],[109.9531613,35.1646709],[109.9499362,35.1656513],[109.9498714,35.1641542]]]},"properties":{"osm_id":"1094369772","code":7202,"fclass":"park","name":""}},
{"type":"Feature","geometry":{"type":"Polygon","coordinates":[[[109.9402282,35.1735941],[109.9384166,35.1736094],[109.9384677,35.1706435],[109.9418716,35.1705715],[109.9417409,35.1723576],[109.9404523,35.172785],[109.9402282,35.1735941]]]},"properties":{"osm_id":"363679961","code":7202,"fclass":"park","name":""}},
{"type":"Feature","geometry":{"type":"Polygon","coordinates":[[[110.1489132,35.2258482],[110.1481104,35.2227983],[110.1497227,35.2225151],[110.1505256,35.2255649],[110.1489132,35.2258482]]]},"properties":{"osm_id":"591375950","code":7202,"fclass":"park","name":""}},
{"type":"Feature","geometry":{"type":"Polygon","coordinates":[[[110.1373917,35.2542575],[110.1368939,35.2529284],[110.1370227,35.2518595],[110.1371128,35.2509983],[110.1371514,35.2493888],[110.1377522,35.2490909],[110.138765,35.2484924],[110.1406919,35.2488105],[110.1413142,35.2488455],[110.1426016,35.2532964],[110.1373917,35.2542575]]]},"properties":{"osm_id":"562894632","code":7202,"fclass":"park","name":""}},
{"type":"Feature","geometry":{"type":"Polygon","coordinates":[[[110.4522768,35.4413015],[110.4504181,35.4382881],[110.4512867,35.4375272],[110.4521086,35.4388817],[110.4537992,35.4413243],[110.4565825,35.4451822],[110.4592724,35.4488801],[110.4621491,35.4528441],[110.4630831,35.4541908],[110.4637556,35.4552103],[110.4645495,35.4564656],[110.4654462,35.4580328],[110.466156,35.4593566],[110.4670433,35.4611215],[110.4678185,35.4628636],[110.4684536,35.4644003],[110.468958,35.4658913],[110.4694063,35.4671388],[110.4699761,35.4692155],[110.4704898,35.4713986],[110.4697052,35.4714975],[110.4695558,35.4713834],[110.4684256,35.4671693],[110.467034,35.4634114],[110.4659785,35.4611443],[110.464755,35.4586414],[110.4628403,35.455933],[110.460963,35.4532321],[110.45959,35.4512312],[110.4582263,35.4492073],[110.4565825,35.4471301],[110.4552749,35.4454561],[110.4522768,35.4413015]]]},"properties":{"osm_id":"991474180","code":7202,"fclass":"park","name":""}},
{"type":"Feature","geometry":{"type":"Polygon","coordinates":[[[106.8525432,34.8948431],[106.8523688,34.8940577],[106.8527443,34.8940489],[106.8528384,34.8940472],[106.8529294,34.894067],[106.8530101,34.8941067],[106.8530742,34.8941633],[106.8531574,34.8945109],[106.8531669,34.894571],[106.8531521,34.8946303],[106.8531145,34.8946825],[106.8525432,34.8948431]]]},"properties":{"osm_id":"487977051","code":7202,"fclass":"park","name":"陇州广场"}},
{"type":"Feature","geometry":{"type":"Polygon","coordinates":[[[106.8709478,34.9028057],[106.8706689,34.9017234],[106.8718919,34.9013187],[106.8724606,34.9013891],[106.8732438,34.901609],[106.8735227,34.9018994],[106.8739841,34.9021722],[106.8747458,34.901961],[106.8748316,34.9021898],[106.8747458,34.902357],[106.8736837,34.9024185],[106.8733403,34.9020754],[106.8730828,34.9022338],[106.8731365,34.9030873],[106.8729648,34.9035008],[106.872643,34.9034128],[106.8726859,34.9031489],[106.8728039,34.9027353],[106.8724713,34.9029025],[106.8720529,34.9032984],[106.8714306,34.9032808],[106.8713662,34.9030169],[106.8709478,34.9028057]]]},"properties":{"osm_id":"487977032","code":7202,"fclass":"park","name":""}},
{"type":"Feature","geometry":{"type":"Polygon","coordinates":[[[108.1060647,35.0357049],[108.1054135,35.0352064],[108.106999,35.034082],[108.1083156,35.0325635],[108.1093207,35.0309986],[108.1100427,35.0291786],[108.1098587,35.0269876],[108.1092924,35.0259674],[108.1105382,35.0249009],[108.1108497,35.0234633],[108.1099719,35.0219098],[108.1097596,35.02162],[108.1111894,35.020762],[108.1115858,35.0208896],[108.1113452,35.0228373],[108.1111591,35.0264727],[108.110609,35.0296539],[108.1098889,35.0318516],[108.1081435,35.034136],[108.1061213,35.0357512],[108.1060647,35.0357049]]]},"properties":{"osm_id":"339100903","code":7202,"fclass":"park","name":""}},
{"type":"Feature","geometry":{"type":"Polygon","coordinates":[[[108.0964363,35.041348],[108.0958859,35.0407006],[108.0983209,35.0396459],[108.1032475,35.0366785],[108.1053002,35.0352644],[108.1058755,35.0359138],[108.102431,35.0381903],[108.0993696,35.0400954],[108.0964363,35.041348]]]},"properties":{"osm_id":"339100902","code":7202,"fclass":"park","name":""}},
{"type":"Feature","geometry":{"type":"Polygon","coordinates":[[[108.0781192,35.048582],[108.0770291,35.0480373],[108.0828759,35.0445023],[108.0883545,35.0413497],[108.0893172,35.0427638],[108.0907612,35.042474],[108.0955745,35.0408281],[108.0962115,35.0414193],[108.0915954,35.0429801],[108.0859337,35.0445835],[108.0829466,35.0459047],[108.0781192,35.048582]]]},"properties":{"osm_id":"339100901","code":7202,"fclass":"park","name":""}},
{"type":"Feature","geometry":{"type":"Polygon","coordinates":[[[108.0650429,35.0491255],[108.0621832,35.0528109],[108.0630609,35.0480825],[108.0650429,35.0491255]]]},"properties":{"osm_id":"339124431","code":7202,"fclass":"park","name":""}},
{"type":"Feature","geometry":{"type":"Polygon","coordinates":[[[108.0619521,35.0569261],[108.0612525,35.0569852],[108.0613349,35.0563436],[108.06171,35.054712],[108.0620371,35.054365],[108.0659868,35.0535654],[108.0681165,35.0528057],[108.0685209,35.0526614],[108.0710266,35.0516184],[108.0767884,35.0481416],[108.0779635,35.048779],[108.0736731,35.0512366],[108.0723007,35.0519313],[108.069979,35.0534263],[108.067176,35.0549329],[108.0642857,35.0561341],[108.0619521,35.0569261]]]},"properties":{"osm_id":"339100900","code":7202,"fclass":"park","name":""}},
{"type":"Feature","geometry":{"type":"Polygon","coordinates":[[[106.7490971,34.8646039],[106.7488181,34.8638116],[106.7513394,34.8636003],[106.7526805,34.8629665],[106.7540645,34.8624647],[106.754365,34.8617957],[106.754837,34.8615052],[106.7549872,34.8621214],[106.7544508,34.862632],[106.7537105,34.8634595],[106.7540967,34.8638116],[106.7547941,34.8638996],[106.7555022,34.8643926],[106.7561781,34.8652289],[106.7546761,34.8666198],[106.7527127,34.8661004],[106.7519939,34.8671743],[106.7513072,34.8669103],[106.7501351,34.8688557],[106.7498106,34.8686664],[106.7509586,34.866699],[106.7511409,34.8667606],[106.7517042,34.865537],[106.7502022,34.8652025],[106.7490971,34.8646039]]]},"properties":{"osm_id":"495441353","code":7202,"fclass":"park","name":"雷音山景区"}},
{"type":"Feature","geometry":{"type":"Polygon","coordinates":[[[107.7795696,35.2083476],[107.7795106,35.208089],[107.7802536,35.2078808],[107.7810019,35.20778],[107.7811253,35.2077822],[107.7814016,35.2086522],[107.7813104,35.2086894],[107.7820373,35.2098904],[107.7807659,35.2106618],[107.7798888,35.2089831],[107.7795696,35.2083476]]]},"properties":{"osm_id":"1031057531","code":7202,"fclass":"park","name":"长武县文体广场"}},
{"type":"Feature","geometry":{"type":"Polygon","coordinates":[[[107.7758984,35.2196301],[107.7754594,35.2170205],[107.7755435,35.2168373],[107.7792048,35.2158759],[107.7797091,35.2160666],[107.7814837,35.2184779],[107.7812409,35.2187678],[107.7758984,35.2196301]]]},"properties":{"osm_id":"1216700052","code":7202,"fclass":"park","name":""}},
{"type":"Feature","geometry":{"type":"Polygon","coordinates":[[[110.4305926,35.4552175],[110.4297862,35.4543854],[110.4311283,35.454174],[110.4315882,35.4541178],[110.4317893,35.4546009],[110.4311264,35.4551115],[110.4305926,35.4552175]]]},"properties":{"osm_id":"524538059","code":7202,"fclass":"park","name":""}},
{"type":"Feature","geometry":{"type":"Polygon","coordinates":[[[110.4509878,35.4516418],[110.4509838,35.4511418],[110.4509917,35.4510328],[110.4510192,35.4509848],[110.451094,35.4509527],[110.4511766,35.4509687],[110.4518612,35.4512604],[110.4526402,35.4516322],[110.4532776,35.4519495],[110.4542652,35.4525296],[110.4552646,35.4532315],[110.4562679,35.4539975],[110.4569052,35.4545744],[110.4576056,35.4552602],[110.4579794,35.4557089],[110.4579794,35.4558884],[110.4577039,35.4563852],[110.4577118,35.4565646],[110.457999,35.4571415],[110.4582626,35.4574332],[110.4588882,35.4574812],[110.4593564,35.457571],[110.4595099,35.4576543],[110.4603558,35.4592471],[110.4604738,35.4595195],[110.4604542,35.4595772],[110.4603794,35.4596605],[110.4599466,35.4596925],[110.4585931,35.4598207],[110.4585577,35.4593721],[110.4577512,35.4594746],[110.4578062,35.4598976],[110.4537931,35.4602181],[110.4526166,35.4603207],[110.4525065,35.4602117],[110.4520461,35.4580805],[110.4534626,35.4579619],[110.4532776,35.4570005],[110.4518455,35.4571415],[110.4515228,35.4555968],[110.4513183,35.4546609],[110.4511923,35.4535616],[110.4510428,35.4523918],[110.4509996,35.4520905],[110.4509878,35.4516418]]]},"properties":{"osm_id":"991605276","code":7202,"fclass":"park","name":""}},
{"type":"Feature","geometry":{"type":"Polygon","coordinates":[[[110.4560781,35.4826251],[110.4553403,35.4793547],[110.4582357,35.4790276],[110.4588428,35.482184],[110.4587027,35.4823817],[110.4560781,35.4826251]]]},"properties":{"osm_id":"991474182","code":7202,"fclass":"park","name":""}},
{"type":"Feature","geometry":{"type":"Polygon","coordinates":[[[110.4627788,35.4814028],[110.4627292,35.4811607],[110.4651465,35.4807803],[110.465189,35.4808667],[110.4657729,35.4808033],[110.4658579,35.4810425],[110.4630301,35.4813567],[110.4627788,35.4814028]]]},"properties":{"osm_id":"862502955","code":7202,"fclass":"park","name":"留芳公园"}},
{"type":"Feature","geometry":{"type":"Polygon","coordinates":[[[110.4631579,35.4834541],[110.4628216,35.4820243],[110.4662027,35.481644],[110.4664175,35.4817885],[110.4667818,35.4831118],[110.4671647,35.4848687],[110.466212,35.484785],[110.4659505,35.4848383],[110.4658758,35.4845493],[110.463793,35.4835986],[110.4635968,35.4836822],[110.4635501,35.4834541],[110.4631579,35.4834541]]]},"properties":{"osm_id":"991474181","code":7202,"fclass":"park","name":""}},
{"type":"Feature","geometry":{"type":"Polygon","coordinates":[[[110.4491105,35.4973708],[110.4488396,35.4957207],[110.4514175,35.4954697],[110.4515949,35.4970894],[110.4491105,35.4973708]]]},"properties":{"osm_id":"991593707","code":7202,"fclass":"park","name":""}},
{"type":"Feature","geometry":{"type":"Polygon","coordinates":[[[109.5834487,34.9592141],[109.5816248,34.9590827],[109.5818836,34.9579767],[109.5837753,34.9581889],[109.5834487,34.9592141]]]},"properties":{"osm_id":"1005850569","code":7202,"fclass":"park","name":""}},
{"type":"Feature","geometry":{"type":"Polygon","coordinates":[[[109.753461,34.9797537],[109.7522467,34.9794929],[109.7524471,34.9785173],[109.7553355,34.9789133],[109.7551822,34.9799663],[109.7544159,34.9806907],[109.7535671,34.9805265],[109.753461,34.9797537]]]},"properties":{"osm_id":"1094364791","code":7202,"fclass":"park","name":""}},
{"type":"Feature","geometry":{"type":"Polygon","coordinates":[[[109.4654185,34.9938082],[109.4653487,34.9936742],[109.4663961,34.9827814],[109.4664114,34.9827564],[109.4664337,34.9827352],[109.4664603,34.9827198],[109.4664907,34.98271],[109.4671606,34.9827715],[109.467237,34.9819375],[109.467264,34.981899],[109.4672839,34.9818837],[109.4673131,34.9818696],[109.4673456,34.9818617],[109.469891,34.9820221],[109.4699209,34.9820302],[109.4699477,34.9820436],[109.4699702,34.9820617],[109.4699896,34.982088],[109.4699997,34.9821177],[109.4699138,34.982933],[109.4705911,34.9829704],[109.4706168,34.9829867],[109.4706367,34.9830077],[109.4706477,34.9830275],[109.4706541,34.9830704],[109.4695651,34.9940917],[109.4654185,34.9938082]]]},"properties":{"osm_id":"1031057530","code":7202,"fclass":"park","name":"唐桥陵"}},
{"type":"Feature","geometry":{"type":"Polygon","coordinates":[[[109.6679478,35.0394879],[109.6674733,35.0393971],[109.6687377,35.0344494],[109.6694218,35.0345507],[109.6679478,35.0394879]]]},"properties":{"osm_id":"1280435597","code":7202,"fclass":"park","name":"泰陵神道"}},
{"type":"Feature","geometry":{"type":"Polygon","coordinates":[[[109.0898767,35.0795542],[109.0893563,35.0789396],[109.0896931,35.0787707],[109.0902545,35.0793506],[109.0898767,35.0795542]]]},"properties":{"osm_id":"1208789147","code":7202,"fclass":"park","name":"铜川东站站前广场"}},
{"type":"Feature","geometry":{"type":"Polygon","coordinates":[[[109.0331912,35.1095132],[109.033159,35.1092367],[109.0332824,35.1077929],[109.0334487,35.1073189],[109.0334111,35.1058093],[109.0334594,35.1053967],[109.0336257,35.105309],[109.0338081,35.1053397],[109.0338939,35.1072794],[109.0339422,35.1087408],[109.0340763,35.1094429],[109.0343714,35.1102241],[109.0345162,35.1105795],[109.0343016,35.1106761],[109.0340817,35.1101187],[109.0337491,35.1097896],[109.0333682,35.1096141],[109.0331912,35.1095132]]]},"properties":{"osm_id":"992643574","code":7202,"fclass":"park","name":""}},
{"type":"Feature","geometry":{"type":"Polygon","coordinates":[[[109.2606634,35.5821277],[109.2603151,35.5816958],[109.2606065,35.581409],[109.2607662,35.581236],[109.2611491,35.5812063],[109.2611203,35.580818],[109.2612459,35.5807112],[109.2615885,35.5805626],[109.2621881,35.5803907],[109.2624109,35.5803861],[109.2625936,35.5804418],[109.2628506,35.5806322],[109.2631875,35.5807948],[109.2635987,35.5809202],[109.2650377,35.5810363],[109.2664254,35.5811199],[109.2672078,35.5811199],[109.2692934,35.5811712],[109.2702391,35.5811853],[109.2715042,35.5811804],[109.2722617,35.5814079],[109.2724901,35.5815658],[109.2727699,35.5818491],[109.2730497,35.5823181],[109.2730954,35.5824761],[109.273044,35.5825504],[109.2729527,35.5825643],[109.271388,35.5826293],[109.2710796,35.5828151],[109.2708112,35.5828708],[109.2703772,35.5826154],[109.2698061,35.58262],[109.2693378,35.5827315],[109.269275,35.5828662],[109.268584,35.5829823],[109.2686469,35.5831123],[109.2683613,35.5831588],[109.2673791,35.5833956],[109.2659629,35.5833863],[109.2651805,35.5833724],[109.2640555,35.583247],[109.2640213,35.5831123],[109.262902,35.5829869],[109.2619197,35.5829358],[109.2616856,35.5828383],[109.2616228,35.5827454],[109.2612059,35.582555],[109.2606634,35.5821277]]]},"properties":{"osm_id":"139872395","code":7202,"fclass":"park","name":"黄帝陵印池公园"}},
{"type":"Feature","geometry":{"type":"Polygon","coordinates":[[[109.0855772,36.4325868],[109.0854847,36.4322889],[109.085959,36.4323448],[109.0857507,36.4326147],[109.0855772,36.4325868]]]},"properties":{"osm_id":"548839884","code":7202,"fclass":"park","name":""}},
{"type":"Feature","geometry":{"type":"Polygon","coordinates":[[[109.5089571,36.5738594],[109.5089214,36.5736586],[109.5090337,36.573511],[109.5102177,36.5722773],[109.5104576,36.5716052],[109.5103759,36.5697648],[109.5104321,36.5692361],[109.5106872,36.5687442],[109.5112588,36.5681581],[109.5115497,36.5675432],[109.5115191,36.5662808],[109.5114987,36.5659078],[109.511662,36.5656618],[109.512994,36.5643173],[109.5132623,36.5638074],[109.5137978,36.5626203],[109.5141041,36.5625178],[109.5154897,36.5629933],[109.5179649,36.5638951],[109.5177709,36.5647067],[109.5175872,36.5656495],[109.517628,36.5662275],[109.5176893,36.566994],[109.5176382,36.5674572],[109.517429,36.5678712],[109.5171075,36.5682401],[109.5158571,36.5691705],[109.5145863,36.570146],[109.5140709,36.5706788],[109.5134023,36.5715929],[109.5128358,36.5723142],[109.5122183,36.5728061],[109.5115191,36.5732692],[109.5111159,36.5735643],[109.5106974,36.5741217],[109.5102228,36.5745562],[109.5101386,36.5745098],[109.5089571,36.5738594]]]},"properties":{"osm_id":"1208698903","code":7202,"fclass":"park","name":"延安红街"}},
{"type":"Feature","geometry":{"type":"Polygon","coordinates":[[[109.4566019,36.5735515],[109.4563176,36.5733835],[109.4567092,36.5724357],[109.4569774,36.572608],[109.4568165,36.5733447],[109.4566019,36.5735515]]]},"properties":{"osm_id":"1312098447","code":7202,"fclass":"park","name":""}},
{"type":"Feature","geometry":{"type":"Polygon","coordinates":[[[110.0011599,36.5636362],[110.0005934,36.5625056],[110.0006106,36.5620092],[110.0014174,36.5621057],[110.0020525,36.5620919],[110.0032541,36.5619265],[110.0037863,36.5613612],[110.0041811,36.5609475],[110.0044214,36.560203],[110.0048506,36.5606166],[110.0055887,36.5608786],[110.0054857,36.5615266],[110.0055887,36.5624642],[110.0050738,36.5632363],[110.0051596,36.5637189],[110.0062582,36.5649047],[110.0067904,36.5660352],[110.0070135,36.5667522],[110.007786,36.5669728],[110.0085242,36.5667246],[110.0087988,36.5663661],[110.0084555,36.5659249],[110.0083697,36.5652631],[110.0090391,36.5643394],[110.0099146,36.5637327],[110.0108587,36.5635259],[110.0117342,36.5634845],[110.0123007,36.565139],[110.0124209,36.5660214],[110.011923,36.5678276],[110.0116312,36.569675],[110.0112879,36.5707228],[110.0114081,36.5716878],[110.0112364,36.5717843],[110.0105326,36.5715913],[110.0100691,36.5725839],[110.0110827,36.5728615],[110.0115791,36.5750559],[110.0105513,36.5777769],[110.0101892,36.5782347],[110.0097429,36.5777674],[110.0086271,36.5763613],[110.0076658,36.5758925],[110.0065933,36.5756447],[110.0065911,36.5753278],[110.0068419,36.574514],[110.006859,36.5738523],[110.007168,36.5732319],[110.0067389,36.5729562],[110.0059321,36.573094],[110.0050909,36.5729975],[110.0048506,36.5725977],[110.0045416,36.5717568],[110.0040953,36.5708055],[110.004061,36.5701162],[110.0043184,36.569482],[110.0035631,36.5690822],[110.003031,36.5683239],[110.002516,36.5671796],[110.0019667,36.5659801],[110.0020525,36.5650839],[110.001692,36.5644772],[110.0011599,36.5636362]]]},"properties":{"osm_id":"1231073720","code":7202,"fclass":"park","name":"翠屏山公园"}},
{"type":"Feature","geometry":{"type":"Polygon","coordinates":[[[109.9983721,36.577638],[109.9983158,36.5774613],[109.9985834,36.5773892],[109.9989707,36.5771785],[109.9996679,36.5766582],[109.9997577,36.576695],[109.9995834,36.577064],[109.9995253,36.5771898],[109.999388,36.5772803],[109.9994091,36.5773637],[109.9983721,36.577638]]]},"properties":{"osm_id":"1270982034","code":7202,"fclass":"park","name":""}},
{"type":"Feature","geometry":{"type":"Polygon","coordinates":[[[110.1246786,37.077059],[110.1243406,37.0769092],[110.1246625,37.0761987],[110.1247913,37.0760275],[110.1251614,37.07631],[110.1251668,37.0764084],[110.1246786,37.077059]]]},"properties":{"osm_id":"884465309","code":7202,"fclass":"park","name":""}},
{"type":"Feature","geometry":{"type":"Polygon","coordinates":[[[109.4514413,36.5746716],[109.4511409,36.5743528],[109.451393,36.5743744],[109.4519509,36.5741719],[109.4521655,36.5743916],[109.4520314,36.5745898],[109.4514413,36.5746716]]]},"properties":{"osm_id":"1312098449","code":7202,"fclass":"park","name":""}},
{"type":"Feature","geometry":{"type":"Polygon","coordinates":[[[109.4502987,36.5754945],[109.4501646,36.5753308],[109.4503684,36.5750981],[109.4503094,36.5742624],[109.450465,36.574047],[109.451157,36.5744218],[109.4502987,36.5754945]]]},"properties":{"osm_id":"1312098448","code":7202,"fclass":"park","name":""}},
{"type":"Feature","geometry":{"type":"Polygon","coordinates":[[[109.4794647,36.5796786],[109.4793317,36.5788343],[109.4796965,36.5784965],[109.4798982,36.5784448],[109.4798767,36.5782174],[109.4800398,36.5778279],[109.4812285,36.5771559],[109.4816702,36.577619],[109.4826245,36.5790616],[109.4821907,36.5791805],[109.4824867,36.57966],[109.4813946,36.5800903],[109.4811394,36.5800124],[109.4806393,36.5803362],[109.48019,36.5800542],[109.4794647,36.5796786]]]},"properties":{"osm_id":"1227335582","code":7202,"fclass":"park","name":"中共中央西北局旧址"}},
{"type":"Feature","geometry":{"type":"Polygon","coordinates":[[[109.4627129,36.5868272],[109.4627129,36.5865425],[109.4631544,36.5859904],[109.4633245,36.5861444],[109.4633932,36.5869492],[109.4628577,36.5869783],[109.4627129,36.5868272]]]},"properties":{"osm_id":"1312098434","code":7202,"fclass":"park","name":""}},
{"type":"Feature","geometry":{"type":"Polygon","coordinates":[[[109.4706534,36.5873825],[109.4696196,36.5870144],[109.4701112,36.585757],[109.4704996,36.5855085],[109.4712279,36.585104],[109.4727612,36.5834343],[109.475119,36.5846555],[109.4774462,36.5854505],[109.482907,36.5853276],[109.4833765,36.5864422],[109.4831826,36.5871552],[109.4791712,36.589491],[109.4799571,36.5901548],[109.483254,36.5889993],[109.4844077,36.5920667],[109.4836643,36.5926114],[109.483159,36.5920899],[109.4826827,36.5918407],[109.4819393,36.5922753],[109.4827079,36.592652],[109.4829425,36.5930142],[109.482744,36.5934372],[109.4830111,36.593669],[109.4808382,36.5953349],[109.4803587,36.595296],[109.479367,36.5963758],[109.4790422,36.5965525],[109.4787715,36.5962975],[109.4781436,36.5960455],[109.4769058,36.5966829],[109.4754876,36.5960773],[109.4758809,36.5953124],[109.4757474,36.5946692],[109.4748091,36.5953182],[109.4742823,36.5944172],[109.4747009,36.5932872],[109.4752013,36.5915764],[109.4743871,36.5914914],[109.4738003,36.5927392],[109.4735885,36.5926573],[109.4736957,36.5922434],[109.4737219,36.5918982],[109.473135,36.591345],[109.4733085,36.589751],[109.4723694,36.5908164],[109.4719765,36.5905419],[109.4716294,36.5899436],[109.4706534,36.5873825]]]},"properties":{"osm_id":"1227335578","code":7202,"fclass":"park","name":"延安国家森林公园凤凰山景区"}},
{"type":"Feature","geometry":{"type":"Polygon","coordinates":[[[109.4874527,36.5890776],[109.4872578,36.5879418],[109.4882033,36.5894253],[109.4891476,36.5894226],[109.4893616,36.5910962],[109.4910286,36.5911824],[109.4919814,36.5897595],[109.4921207,36.5893883],[109.49482,36.5892897],[109.4947478,36.5896664],[109.4934487,36.5902054],[109.4936363,36.5906168],[109.4950654,36.5902054],[109.4951809,36.5912079],[109.4945746,36.5925407],[109.493427,36.5927725],[109.493824,36.5933694],[109.4947983,36.5935374],[109.4948056,36.5947485],[109.4945385,36.5953396],[109.4926187,36.597246],[109.4915433,36.5968404],[109.4908438,36.5965095],[109.489457,36.595591],[109.4890989,36.5953766],[109.4882462,36.5947407],[109.4878608,36.5940585],[109.4876463,36.5932684],[109.4876403,36.5927574],[109.4876187,36.5910363],[109.4874527,36.5890776]]]},"properties":{"osm_id":"1227335579","code":7202,"fclass":"park","name":"延安宝塔山旅游景区"}},
{"type":"Feature","geometry":{"type":"Polygon","coordinates":[[[109.4731064,36.6021292],[109.4728727,36.6019467],[109.4733057,36.6015892],[109.4735395,36.6017718],[109.4731064,36.6021292]]]},"properties":{"osm_id":"1312098437","code":7202,"fclass":"park","name":""}},
{"type":"Feature","geometry":{"type":"Polygon","coordinates":[[[109.4845323,36.6032691],[109.4840921,36.6026318],[109.4843158,36.6024464],[109.4851747,36.6021799],[109.4849509,36.6018032],[109.4865308,36.6013375],[109.4868267,36.6003062],[109.4864514,36.6001961],[109.4865091,36.600002],[109.4888151,36.6005901],[109.4890374,36.6010862],[109.4897759,36.6020306],[109.4903403,36.6025861],[109.4912385,36.6031513],[109.490753,36.6044667],[109.4893146,36.6051245],[109.4889687,36.6059917],[109.4871419,36.6069174],[109.4866563,36.6073461],[109.4867492,36.6081234],[109.4865519,36.6087056],[109.4862333,36.6089394],[109.4859905,36.6090295],[109.4857599,36.6088079],[109.4856203,36.6085326],[109.4856021,36.6082013],[109.4857144,36.6078871],[109.4857593,36.6072438],[109.4864883,36.6061545],[109.4860047,36.6051812],[109.4851963,36.6048277],[109.4852974,36.6040166],[109.4852252,36.6037964],[109.4845323,36.6032691]]]},"properties":{"osm_id":"1227335580","code":7202,"fclass":"park","name":"延安市清凉山旅游景区"}},
{"type":"Feature","geometry":{"type":"Polygon","coordinates":[[[109.468842,36.6079963],[109.468488,36.6077336],[109.471315,36.6057183],[109.4715028,36.6055331],[109.4716262,36.605503],[109.4717227,36.6055374],[109.4718086,36.6056321],[109.4718086,36.6058087],[109.468842,36.6079963]]]},"properties":{"osm_id":"755814179","code":7202,"fclass":"park","name":""}},
{"type":"Feature","geometry":{"type":"Polygon","coordinates":[[[109.4706242,36.6097224],[109.4705966,36.6085268],[109.4726845,36.6071867],[109.4727027,36.6073012],[109.4727088,36.6074668],[109.4726724,36.6076227],[109.4725661,36.6077713],[109.4724266,36.6078615],[109.473431,36.608468],[109.4734037,36.6097152],[109.4733309,36.6098662],[109.4731609,36.6099028],[109.4730668,36.6100367],[109.4728089,36.6101902],[109.4725631,36.6103023],[109.4711611,36.6103071],[109.4706242,36.6097224]]]},"properties":{"osm_id":"1208698875","code":7202,"fclass":"park","name":""}},
{"type":"Feature","geometry":{"type":"Polygon","coordinates":[[[108.1969149,36.8868939],[108.1963825,36.8859452],[108.1977929,36.8854596],[108.1978302,36.8857584],[108.1976528,36.8862515],[108.1971951,36.8871106],[108.1969896,36.8872301],[108.1969149,36.8868939]]]},"properties":{"osm_id":"1190405548","code":7202,"fclass":"park","name":""}},
{"type":"Feature","geometry":{"type":"Polygon","coordinates":[[[108.1926029,36.8980984],[108.1925798,36.8980003],[108.1925996,36.8978913],[108.1926648,36.8977943],[108.1927674,36.8977208],[108.1928952,36.8976797],[108.1930328,36.8976759],[108.1931638,36.8977099],[108.1932725,36.8977775],[108.1933459,36.8978707],[108.1933751,36.8979784],[108.1933604,36.8980776],[108.193308,36.8981682],[108.193223,36.8982415],[108.1931138,36.89829],[108.1929912,36.898309],[108.1928672,36.8982968],[108.1927541,36.8982544],[108.192663,36.898186],[108.1926029,36.8980984]]]},"properties":{"osm_id":"1190405496","code":7202,"fclass":"park","name":""}},
{"type":"Feature","geometry":{"type":"Polygon","coordinates":[[[108.2066687,36.9183255],[108.2066625,36.9182614],[108.2069953,36.9183058],[108.2071062,36.9182861],[108.207174,36.9182122],[108.2082092,36.9157439],[108.2087638,36.9141723],[108.2088316,36.9141476],[108.2098052,36.9144432],[108.2087823,36.9164041],[108.2077224,36.9183797],[108.2077902,36.9186703],[108.2075868,36.9187344],[108.2073342,36.9187344],[108.2071123,36.9186753],[108.2068412,36.918488],[108.2066687,36.9183255]]]},"properties":{"osm_id":"1190405474","code":7202,"fclass":"park","name":""}},
{"type":"Feature","geometry":{"type":"Polygon","coordinates":[[[108.3182528,35.1040355],[108.3181562,35.1036186],[108.318183,35.1033509],[108.3182796,35.1032982],[108.3184191,35.103285],[108.3185371,35.1033728],[108.3190145,35.1043295],[108.3195939,35.1051458],[108.3190574,35.1054399],[108.3182528,35.1040355]]]},"properties":{"osm_id":"902060277","code":7202,"fclass":"park","name":""}},
{"type":"Feature","geometry":{"type":"Polygon","coordinates":[[[108.6929262,35.3353282],[108.6925346,35.335151],[108.692835,35.3346302],[108.6932078,35.3347702],[108.693468,35.3342911],[108.6936638,35.334372],[108.6937818,35.3345055],[108.6937577,35.3345536],[108.6936048,35.3348096],[108.6934894,35.33493],[108.6932722,35.3350656],[108.6931729,35.3352341],[108.6929262,35.3353282]]]},"properties":{"osm_id":"1342240412","code":7202,"fclass":"park","name":"马栏红26军成立地旧址"}},
{"type":"Feature","geometry":{"type":"Polygon","coordinates":[[[108.7684473,37.5853267],[108.7682809,37.5851704],[108.7685274,37.582553],[108.7687061,37.5824358],[108.7750099,37.5827288],[108.7751578,37.5828509],[108.7748805,37.5855269],[108.7747326,37.5856343],[108.7684473,37.5853267]]]},"properties":{"osm_id":"756412781","code":7202,"fclass":"park","name":""}},
{"type":"Feature","geometry":{"type":"Polygon","coordinates":[[[108.7782951,37.5990009],[108.7771535,37.5989601],[108.7772308,37.5977394],[108.7783551,37.597804],[108.7782951,37.5990009]]]},"properties":{"osm_id":"1204919919","code":7202,"fclass":"park","name":""}},
{"type":"Feature","geometry":{"type":"Polygon","coordinates":[[[108.229184,36.9317913],[108.2290606,36.9317956],[108.2294039,36.9314826],[108.2296668,36.9312767],[108.2303319,36.929926],[108.2311312,36.930016],[108.2315121,36.9300761],[108.2318072,36.9302004],[108.2319627,36.9303462],[108.2320593,36.9305306],[108.2322041,36.9311352],[108.2323168,36.9314354],[108.2324723,36.9316498],[108.2325957,36.931727],[108.2325528,36.93195],[108.2329337,36.9322416],[108.2335238,36.9334851],[108.2333253,36.933558],[108.2326655,36.9327047],[108.2318501,36.9321386],[108.2315497,36.9321729],[108.2312868,36.9321987],[108.231024,36.9320872],[108.2309059,36.9319886],[108.2305626,36.9319242],[108.2295702,36.9317227],[108.229184,36.9317913]]]},"properties":{"osm_id":"1190405483","code":7202,"fclass":"park","name":""}},
{"type":"Feature","geometry":{"type":"Polygon","coordinates":[[[107.8125085,37.6775837],[107.8124881,37.6775323],[107.8125085,37.6762259],[107.8125491,37.6761487],[107.8126264,37.6761133],[107.8127117,37.6760875],[107.8149152,37.6760875],[107.8150575,37.6762001],[107.8150738,37.6775516],[107.8149315,37.6776674],[107.8126426,37.6776642],[107.8125613,37.6776352],[107.8125085,37.6775837]]]},"properties":{"osm_id":"1051946549","code":7202,"fclass":"park","name":""}},
{"type":"Feature","geometry":{"type":"Polygon","coordinates":[[[109.4537093,36.6166698],[109.4532748,36.6167775],[109.4532908,36.6166009],[109.453543,36.6163856],[109.4544549,36.6158216],[109.4555278,36.6154125],[109.4556244,36.6155159],[109.4548412,36.6158905],[109.4540526,36.6165277],[109.4537093,36.6166698]]]},"properties":{"osm_id":"441943737","code":7202,"fclass":"park","name":""}},
{"type":"Feature","geometry":{"type":"Polygon","coordinates":[[[109.5275754,36.6186766],[109.5273481,36.618455],[109.5275267,36.6183898],[109.5281601,36.6187222],[109.5297353,36.6197454],[109.5301981,36.6201429],[109.530596,36.6205861],[109.5308477,36.6208793],[109.5308883,36.6210748],[109.5308639,36.6213485],[109.530596,36.6218047],[109.5285742,36.6197063],[109.5275754,36.6186766]]]},"properties":{"osm_id":"755835579","code":7202,"fclass":"park","name":""}},
{"type":"Feature","geometry":{"type":"Polygon","coordinates":[[[109.4233461,36.6235433],[109.422691,36.6219176],[109.4237333,36.6217926],[109.4243743,36.6216291],[109.4255424,36.6212349],[109.4293283,36.6198165],[109.4308867,36.6222117],[109.4256622,36.6244465],[109.4248954,36.6247253],[109.4239347,36.6249552],[109.4233461,36.6235433]]]},"properties":{"osm_id":"548988165","code":7202,"fclass":"park","name":""}},
{"type":"Feature","geometry":{"type":"Polygon","coordinates":[[[109.5080231,36.6317357],[109.5055844,36.6301291],[109.5069621,36.6288237],[109.5064038,36.6284097],[109.5066463,36.6280873],[109.506902,36.6280023],[109.5104322,36.6303855],[109.5104279,36.6305835],[109.5095935,36.6306037],[109.5080231,36.6317357]]]},"properties":{"osm_id":"1227395543","code":7202,"fclass":"park","name":"延州牡丹园"}},
{"type":"Feature","geometry":{"type":"Polygon","coordinates":[[[109.4877978,36.6313586],[109.4873467,36.6303595],[109.489133,36.6300989],[109.4912983,36.6301568],[109.4905224,36.6313152],[109.4903419,36.6324591],[109.4881226,36.6324736],[109.4877978,36.6313586]]]},"properties":{"osm_id":"789795923","code":7202,"fclass":"park","name":"文化公园"}},
{"type":"Feature","geometry":{"type":"MultiPolygon","coordinates":[[[[109.4929571,36.6377195],[109.492707,36.6375475],[109.4927121,36.6362616],[109.4929265,36.6360364],[109.4940799,36.6359913],[109.4948199,36.6359381],[109.4948709,36.6363107],[109.4960192,36.6369619],[109.496698,36.6367735],[109.4968358,36.6376007],[109.4968,36.637699],[109.4929571,36.6377195]]],[[[109.497142,36.6374902],[109.4970807,36.6366793],[109.4975554,36.6365728],[109.4974431,36.6361469],[109.4976472,36.6357661],[109.4983209,36.635463],[109.498571,36.6354384],[109.4996784,36.6349183],[109.4998009,36.6348856],[109.5002143,36.6356104],[109.5005052,36.6366752],[109.5002602,36.6370847],[109.499265,36.6373837],[109.4985812,36.6375147],[109.4975809,36.6376376],[109.497142,36.6374902]]],[[[109.5006634,36.6352542],[109.5003368,36.6345907],[109.5017147,36.6336938],[109.5016331,36.6335914],[109.5018985,36.6333621],[109.5015973,36.6331287],[109.5018525,36.6327478],[109.50222,36.632801],[109.5028171,36.6335996],[109.5033989,36.6347463],[109.5024037,36.6353606],[109.5027661,36.6359954],[109.501975,36.63645],[109.5016841,36.6359217],[109.501087,36.6361183],[109.5006634,36.6352542]]],[[[109.5037833,36.6346394],[109.5029515,36.6330914],[109.5035996,36.632604],[109.5032372,36.6323296],[109.503227,36.6320593],[109.5039517,36.6313918],[109.5042733,36.6316129],[109.5055032,36.6305358],[109.5079121,36.6321289],[109.507861,36.6324197],[109.5071976,36.6329194],[109.5067434,36.6325672],[109.5052531,36.6335337],[109.505544,36.6340825],[109.5049163,36.6344879],[109.5045284,36.6341275],[109.5037833,36.6346394]]]]},"properties":{"osm_id":"16765000","code":7202,"fclass":"park","name":"鲁艺生态公园"}},
{"type":"Feature","geometry":{"type":"Polygon","coordinates":[[[109.4879996,36.6355632],[109.4879996,36.6329494],[109.4881627,36.6328047],[109.4885146,36.6327634],[109.4897634,36.6327496],[109.4902012,36.632822],[109.4903857,36.6329184],[109.4903686,36.6335865],[109.4903857,36.6355529],[109.4902484,36.6356321],[109.488137,36.6356596],[109.4879996,36.6355632]]]},"properties":{"osm_id":"1227361090","code":7202,"fclass":"park","name":""}},
{"type":"Feature","geometry":{"type":"Polygon","coordinates":[[[109.488064,36.6394358],[109.4879921,36.6360941],[109.4881184,36.6359986],[109.4902331,36.6359986],[109.4903774,36.6360796],[109.4903643,36.6393876],[109.4902613,36.639484],[109.4882142,36.6395013],[109.488064,36.6394358]]]},"properties":{"osm_id":"1227361093","code":7202,"fclass":"park","name":""}},
{"type":"Feature","geometry":{"type":"Polygon","coordinates":[[[109.4862534,36.640688],[109.4862147,36.6402024],[109.4864036,36.6400991],[109.4874936,36.6400923],[109.4876481,36.6401921],[109.4876781,36.6406811],[109.4877168,36.6407775],[109.4864293,36.6407844],[109.4862534,36.640688]]]},"properties":{"osm_id":"1227361098","code":7202,"fclass":"park","name":""}},
{"type":"Feature","geometry":{"type":"Polygon","coordinates":[[[109.4907771,36.640852],[109.4907287,36.6402263],[109.4907673,36.6401609],[109.490896,36.6401023],[109.4919818,36.6401023],[109.4921062,36.6401471],[109.4917801,36.6401781],[109.4917758,36.6404398],[109.4920977,36.6404364],[109.4921032,36.6408692],[109.4907771,36.640852]]]},"properties":{"osm_id":"1227361100","code":7202,"fclass":"park","name":""}},
{"type":"Feature","geometry":{"type":"Polygon","coordinates":[[[109.4881719,36.6428044],[109.4880035,36.6426652],[109.4880101,36.6402289],[109.4880642,36.6401565],[109.4881977,36.6401188],[109.4902295,36.640113],[109.4903305,36.6401854],[109.4903558,36.6402549],[109.490381,36.6426525],[109.4902583,36.6427538],[109.490221,36.6428085],[109.4881719,36.6428044]]]},"properties":{"osm_id":"1227361099","code":7202,"fclass":"park","name":""}},
{"type":"Feature","geometry":{"type":"Polygon","coordinates":[[[109.4863505,36.6465822],[109.4861665,36.6464346],[109.4861918,36.6452532],[109.4864877,36.6450824],[109.4869604,36.6450679],[109.4872383,36.6449782],[109.4875053,36.6448363],[109.4877724,36.6446278],[109.4879745,36.6443035],[109.4880106,36.6440748],[109.4879997,36.643377],[109.4904176,36.643348],[109.4903995,36.6440458],[109.4904284,36.6442485],[109.4905078,36.6444396],[109.4906413,36.6446133],[109.4908506,36.6448102],[109.4910996,36.6449521],[109.4913956,36.6450274],[109.4917492,36.6450448],[109.4920054,36.645039],[109.4921967,36.645259],[109.4922003,36.6463709],[109.4919405,36.6465707],[109.4863505,36.6465822]]]},"properties":{"osm_id":"1227361101","code":7202,"fclass":"park","name":"延安市人民公园"}},
{"type":"Feature","geometry":{"type":"Polygon","coordinates":[[[109.4861222,36.6521746],[109.4860861,36.6516795],[109.4861655,36.6511004],[109.4861041,36.6506777],[109.4861294,36.650229],[109.4861835,36.6501392],[109.4862737,36.65009],[109.4862773,36.649786],[109.486216,36.6497628],[109.4861546,36.6497136],[109.486133,36.6496239],[109.4861258,36.6483383],[109.4862124,36.6482457],[109.486234,36.6480372],[109.4861619,36.6479648],[109.4861792,36.6472675],[109.4862095,36.6472042],[109.4863036,36.6471653],[109.4920328,36.6471653],[109.4921815,36.6472529],[109.4921487,36.647629],[109.4921668,36.6479301],[109.4921668,36.6480517],[109.4921668,36.6482573],[109.4921993,36.6483325],[109.4921884,36.6486771],[109.492174,36.6489579],[109.4922209,36.6492069],[109.4922245,36.6495486],[109.4922101,36.649647],[109.4920333,36.649786],[109.4920297,36.6500987],[109.4922281,36.6502608],[109.4922029,36.6518329],[109.4921812,36.6521775],[109.4921812,36.6527304],[109.4919863,36.6529302],[109.4914775,36.6529157],[109.4911022,36.6529534],[109.4875837,36.6529534],[109.4873744,36.6529244],[109.4863459,36.6529534],[109.4861294,36.6528173],[109.4861222,36.6521746]]]},"properties":{"osm_id":"1227361112","code":7202,"fclass":"park","name":""}},
{"type":"Feature","geometry":{"type":"Polygon","coordinates":[[[109.6808588,36.6888245],[109.6804887,36.6887987],[109.680537,36.6880889],[109.6808052,36.6874437],[109.6813738,36.6875555],[109.6808588,36.6888245]]]},"properties":{"osm_id":"976395705","code":7202,"fclass":"park","name":""}},
{"type":"Feature","geometry":{"type":"Polygon","coordinates":[[[109.3125965,36.871868],[109.3120302,36.8728533],[109.3120354,36.8719977],[109.3120961,36.8714703],[109.3122142,36.8708883],[109.3126634,36.8694669],[109.3128584,36.8689857],[109.3132894,36.8682476],[109.3137007,36.867638],[109.3155765,36.8652312],[109.315803,36.8653388],[109.314589,36.8680371],[109.3137248,36.869836],[109.3125965,36.871868]]]},"properties":{"osm_id":"406527813","code":7202,"fclass":"park","name":""}},
{"type":"Feature","geometry":{"type":"Polygon","coordinates":[[[109.8184136,37.0077582],[109.8182935,37.0062292],[109.8189524,37.0065624],[109.8202485,37.0071326],[109.8206577,37.0073126],[109.8207205,37.0073306],[109.821011,37.0074142],[109.82177,37.0076325],[109.8218126,37.0076881],[109.8217619,37.0078032],[109.8208727,37.0077913],[109.820462,37.0077858],[109.8199761,37.0077792],[109.8184136,37.0077582]]]},"properties":{"osm_id":"808538076","code":7202,"fclass":"park","name":""}},
{"type":"Feature","geometry":{"type":"Polygon","coordinates":[[[109.6705645,37.1371373],[109.6699369,37.1367824],[109.6700603,37.1365857],[109.6704358,37.1364146],[109.6709132,37.1364146],[109.6714014,37.1362521],[109.6717983,37.135833],[109.6722436,37.1356662],[109.6724367,37.1354524],[109.6727586,37.1352043],[109.673,37.1352257],[109.6733326,37.1352813],[109.6731555,37.1353968],[109.6729785,37.1355379],[109.6728176,37.1357731],[109.6727478,37.1360896],[109.672721,37.1365343],[109.6726137,37.136885],[109.672308,37.1372528],[109.6720344,37.1376377],[109.67197,37.1378558],[109.6718681,37.1379199],[109.6714872,37.1376762],[109.6711224,37.1373725],[109.6705645,37.1371373]]]},"properties":{"osm_id":"850463846","code":7202,"fclass":"park","name":""}},
{"type":"Feature","geometry":{"type":"Polygon","coordinates":[[[109.6755032,37.1445333],[109.6746522,37.14433],[109.6750653,37.1432311],[109.6758748,37.1435448],[109.6755032,37.1445333]]]},"properties":{"osm_id":"850463744","code":7202,"fclass":"park","name":""}},
{"type":"Feature","geometry":{"type":"Polygon","coordinates":[[[109.0157215,37.5674335],[109.0148417,37.5647972],[109.0152065,37.5635726],[109.0168802,37.5633174],[109.0196483,37.5635556],[109.0212576,37.5651714],[109.0202276,37.5671784],[109.0182106,37.5675951],[109.0157215,37.5674335]]]},"properties":{"osm_id":"744556541","code":7202,"fclass":"park","name":"龙州丹霞（学方梁）"}},
{"type":"Feature","geometry":{"type":"Polygon","coordinates":[[[109.232651,38.0603156],[109.2315996,38.0595891],[109.2340189,38.0546978],[109.2342335,38.0522351],[109.2367709,38.0537516],[109.2357087,38.0550991],[109.2349148,38.0571731],[109.2345715,38.0580432],[109.232651,38.0603156]]]},"properties":{"osm_id":"914113371","code":7202,"fclass":"park","name":""}},
{"type":"Feature","geometry":{"type":"Polygon","coordinates":[[[110.1089984,37.0908988],[110.108698,37.0907704],[110.1089394,37.0904752],[110.1093256,37.0901243],[110.1095563,37.089936],[110.1095295,37.0897349],[110.109905,37.089277],[110.1117933,37.0865982],[110.1125389,37.0862259],[110.1127481,37.0863628],[110.1119971,37.0866881],[110.1114231,37.0875781],[110.1105004,37.0890031],[110.1100659,37.0897178],[110.1099211,37.09012],[110.1099104,37.090274],[110.109669,37.0905008],[110.1094651,37.0907062],[110.1089984,37.0908988]]]},"properties":{"osm_id":"884465346","code":7202,"fclass":"park","name":""}},
{"type":"Feature","geometry":{"type":"Polygon","coordinates":[[[110.257979,37.5053385],[110.2579308,37.5050151],[110.25895,37.5048916],[110.2589768,37.504432],[110.2589875,37.5042533],[110.2589983,37.5040873],[110.2589875,37.5038873],[110.2593738,37.5037852],[110.2594167,37.5038235],[110.2598727,37.5036235],[110.2598029,37.5035128],[110.2600819,37.5034575],[110.2602696,37.5038618],[110.2599317,37.5038916],[110.25976,37.5043129],[110.2596259,37.5045682],[110.2595025,37.5047172],[110.2592987,37.5049342],[110.2590948,37.5051129],[110.2589178,37.5053087],[110.2584618,37.5056406],[110.2581185,37.5056491],[110.257979,37.5053385]]]},"properties":{"osm_id":"807522717","code":7202,"fclass":"park","name":""}},
{"type":"Feature","geometry":{"type":"Polygon","coordinates":[[[110.1653503,37.7602546],[110.1648961,37.7597519],[110.1697767,37.7556647],[110.1706934,37.7564482],[110.1653503,37.7602546]]]},"properties":{"osm_id":"1065515354","code":7202,"fclass":"park","name":""}},
{"type":"Feature","geometry":{"type":"Polygon","coordinates":[[[109.8512986,38.3362986],[109.8512703,38.3358988],[109.8533511,38.334829],[109.8546724,38.3339406],[109.8559347,38.3328145],[109.8563972,38.3327405],[109.8580866,38.3337769],[109.857407,38.334273],[109.8563311,38.334495],[109.8552269,38.3349762],[109.854302,38.3358202],[109.8536225,38.3366345],[109.8528167,38.3377178],[109.8512986,38.3362986]]]},"properties":{"osm_id":"863355634","code":7202,"fclass":"park","name":""}},
{"type":"Feature","geometry":{"type":"Polygon","coordinates":[[[109.9282651,38.3785134],[109.9282483,38.3783883],[109.9282902,38.3782961],[109.9289452,38.3782764],[109.9291216,38.3783356],[109.9294323,38.3785331],[109.9297262,38.378678],[109.9300033,38.3787964],[109.9321446,38.3813769],[109.9321278,38.3814822],[109.9320271,38.3815612],[109.9314561,38.3815941],[109.9311202,38.3815678],[109.9309102,38.3814756],[109.9282651,38.3785134]]]},"properties":{"osm_id":"457674145","code":7202,"fclass":"park","name":""}},
{"type":"Feature","geometry":{"type":"Polygon","coordinates":[[[109.9333217,38.3843795],[109.9314645,38.3821405],[109.9316408,38.3820483],[109.9323462,38.3820417],[109.9328248,38.3822129],[109.9367632,38.3868074],[109.9367212,38.386939],[109.9359319,38.3873866],[109.9358668,38.3873132],[109.934118,38.3853396],[109.9333217,38.3843795]]]},"properties":{"osm_id":"457674139","code":7202,"fclass":"park","name":""}},
{"type":"Feature","geometry":{"type":"Polygon","coordinates":[[[110.3055798,38.563696],[110.3047712,38.562934],[110.3067771,38.5610536],[110.3077515,38.5620951],[110.3090317,38.5629705],[110.3095759,38.5635622],[110.3102393,38.5643849],[110.3120067,38.5651427],[110.3114003,38.5656817],[110.3105088,38.5651954],[110.3099491,38.5653819],[110.3090524,38.5660951],[110.3074716,38.5654386],[110.306606,38.5656128],[110.3059478,38.564774],[110.3055798,38.563696]]]},"properties":{"osm_id":"1249380999","code":7202,"fclass":"park","name":"石峁国家考古遗址公园"}},
{"type":"Feature","geometry":{"type":"Polygon","coordinates":[[[110.1537027,38.7356394],[110.1536953,38.7355665],[110.1538075,38.7354644],[110.1550458,38.734443],[110.1551468,38.7343467],[110.1552627,38.7344138],[110.1576196,38.7361093],[110.1576196,38.7361618],[110.1562167,38.7373495],[110.1561456,38.7373845],[110.1560521,38.737402],[110.1559735,38.7373816],[110.1558351,38.7372998],[110.1544982,38.7363212],[110.153915,38.7358732],[110.1537177,38.7357036],[110.1537027,38.7356394]]]},"properties":{"osm_id":"1290189776","code":7202,"fclass":"park","name":""}},
{"type":"Feature","geometry":{"type":"Polygon","coordinates":[[[109.172131,38.1207767],[109.1716978,38.1204169],[109.1717501,38.1203641],[109.1723388,38.1208273],[109.1726044,38.1211206],[109.1727009,38.1213823],[109.1726634,38.1216977],[109.1725574,38.1220037],[109.172544,38.1216175],[109.1724971,38.1213527],[109.1724153,38.1211586],[109.1723455,38.1210151],[109.172131,38.1207767]]]},"properties":{"osm_id":"914113378","code":7202,"fclass":"park","name":""}},
{"type":"Feature","geometry":{"type":"Polygon","coordinates":[[[109.651471,38.1598245],[109.647075,38.1597768],[109.6470837,38.1571232],[109.6515748,38.1571368],[109.651471,38.1598245]]]},"properties":{"osm_id":"879194141","code":7202,"fclass":"park","name":""}},
{"type":"Feature","geometry":{"type":"Polygon","coordinates":[[[109.7405206,38.2109555],[109.7404366,38.2108588],[109.7411264,38.2088628],[109.741255,38.2088146],[109.7462344,38.2098074],[109.7462904,38.2098778],[109.7456397,38.2118452],[109.745513,38.2119043],[109.7405206,38.2109555]]]},"properties":{"osm_id":"368617696","code":7202,"fclass":"park","name":""}},
{"type":"Feature","geometry":{"type":"Polygon","coordinates":[[[109.7462912,38.2120418],[109.7462793,38.2119781],[109.7469066,38.2100595],[109.7470945,38.2099818],[109.7518769,38.2108986],[109.7519461,38.2109189],[109.7519817,38.2109639],[109.7519916,38.2110121],[109.7513386,38.212923],[109.7513049,38.2129696],[109.7512317,38.2130225],[109.7511447,38.2130334],[109.7463822,38.2121009],[109.7462912,38.2120418]]]},"properties":{"osm_id":"368617691","code":7202,"fclass":"park","name":""}},
{"type":"Feature","geometry":{"type":"Polygon","coordinates":[[[109.7516102,38.2131236],[109.7515869,38.2130491],[109.7522806,38.2110477],[109.7523233,38.2110036],[109.7523969,38.2109945],[109.7569462,38.2118747],[109.7570449,38.2119156],[109.7571133,38.2120017],[109.7571024,38.2120663],[109.7566476,38.2140497],[109.756601,38.2140927],[109.7565052,38.2141035],[109.7516644,38.2131541],[109.7516102,38.2131236]]]},"properties":{"osm_id":"368604001","code":7202,"fclass":"park","name":""}},
{"type":"Feature","geometry":{"type":"Polygon","coordinates":[[[109.7148049,38.2248475],[109.7098911,38.2226477],[109.7099447,38.2223864],[109.7117579,38.2222431],[109.7137427,38.222201],[109.7157598,38.2222916],[109.7160709,38.2226224],[109.7153413,38.2246874],[109.7148049,38.2248475]]]},"properties":{"osm_id":"1295419499","code":7202,"fclass":"park","name":"同慧运动公园"}},
{"type":"Feature","geometry":{"type":"Polygon","coordinates":[[[109.7690096,38.2327428],[109.7686424,38.232423],[109.7686868,38.2321255],[109.7689156,38.2317659],[109.7690608,38.2311208],[109.7693499,38.231135],[109.7698137,38.2306572],[109.7697159,38.2299861],[109.7700298,38.2297676],[109.7701253,38.2294741],[109.7704402,38.2292339],[109.7708921,38.228696],[109.7713349,38.2287534],[109.7712847,38.2291048],[109.7714399,38.2291514],[109.7715967,38.2293496],[109.7718064,38.2295679],[109.7720738,38.2298439],[109.772229,38.2301975],[109.7724597,38.2304199],[109.7732881,38.2308153],[109.7728372,38.2315402],[109.7716103,38.231639],[109.7711489,38.2324133],[109.770656,38.2325451],[109.7695654,38.2329076],[109.7690096,38.2327428]]]},"properties":{"osm_id":"893669362","code":7202,"fclass":"park","name":""}},
{"type":"Feature","geometry":{"type":"Polygon","coordinates":[[[109.7544096,38.2381054],[109.7537319,38.2378942],[109.7543558,38.2359762],[109.7548076,38.2355368],[109.7552164,38.2351651],[109.7560124,38.2348693],[109.7568407,38.2347595],[109.7583897,38.234844],[109.7586264,38.2350552],[109.7586264,38.2354101],[109.7585403,38.235765],[109.7584758,38.2362212],[109.7583144,38.2366353],[109.7578841,38.2372098],[109.7575399,38.2375731],[109.7569268,38.2378519],[109.7562598,38.2380632],[109.7556252,38.2381646],[109.7549905,38.2381561],[109.7544096,38.2381054]]]},"properties":{"osm_id":"398113197","code":7202,"fclass":"park","name":"阳光广场"}},
{"type":"Feature","geometry":{"type":"Polygon","coordinates":[[[109.7507895,38.2387057],[109.7489991,38.2383635],[109.7491222,38.2378853],[109.7492841,38.2378039],[109.7495561,38.2370459],[109.7497549,38.2370989],[109.7527621,38.2379006],[109.7524059,38.2390147],[109.7512879,38.238801],[109.7507895,38.2387057]]]},"properties":{"osm_id":"924052904","code":7202,"fclass":"park","name":""}},
{"type":"Feature","geometry":{"type":"Polygon","coordinates":[[[109.7495237,38.2390452],[109.7486235,38.2388773],[109.7487465,38.2385466],[109.7512052,38.2389994],[109.7517129,38.2390929],[109.7520756,38.2391596],[109.7523347,38.2392588],[109.7523272,38.2392827],[109.7518878,38.2406425],[109.7516935,38.2407595],[109.7511869,38.2406806],[109.7508533,38.2406286],[109.7491934,38.240378],[109.7494589,38.2393067],[109.7495237,38.2390452]]]},"properties":{"osm_id":"924052903","code":7202,"fclass":"park","name":""}},
{"type":"Feature","geometry":{"type":"Polygon","coordinates":[[[109.7673135,38.2442523],[109.766298,38.2450666],[109.7664735,38.2436121],[109.7669596,38.2426566],[109.767818,38.2412298],[109.7677424,38.2402102],[109.767621,38.2391412],[109.7671441,38.237487],[109.766858,38.2368691],[109.7666832,38.236326],[109.7668739,38.2359015],[109.7674144,38.2356893],[109.7678991,38.2356019],[109.7684237,38.2358953],[109.7687415,38.2363572],[109.7691866,38.236738],[109.7695045,38.2368503],[109.7686723,38.2395818],[109.7683282,38.2412091],[109.7679014,38.2429413],[109.7673135,38.2442523]]]},"properties":{"osm_id":"893669369","code":7202,"fclass":"park","name":""}},
{"type":"Feature","geometry":{"type":"Polygon","coordinates":[[[109.7595135,38.246832],[109.7586263,38.2466467],[109.7589741,38.2452957],[109.7595059,38.2432037],[109.7597444,38.2425353],[109.7599917,38.2421247],[109.7601651,38.2421885],[109.7602627,38.2421077],[109.7604362,38.2422056],[109.7609349,38.2423546],[109.7614661,38.2423546],[109.7617425,38.2421758],[109.7615528,38.2416181],[109.7612222,38.2412945],[109.7611409,38.2410646],[109.7608043,38.2408739],[109.7610699,38.2402651],[109.7613758,38.239908],[109.7634988,38.2374692],[109.7653917,38.2351363],[109.7662448,38.2350874],[109.7660855,38.235897],[109.765961,38.2363421],[109.7661706,38.236861],[109.7666284,38.2378713],[109.7669711,38.2387565],[109.7670928,38.2398674],[109.7671306,38.2410386],[109.7665969,38.241767],[109.7663322,38.2424748],[109.7658522,38.2436961],[109.7657802,38.2446158],[109.7644495,38.2448381],[109.7633264,38.2447047],[109.7626469,38.2447195],[109.7619862,38.2449641],[109.7613916,38.2458684],[109.7595135,38.246832]]]},"properties":{"osm_id":"879194118","code":7202,"fclass":"park","name":""}},
{"type":"Feature","geometry":{"type":"Polygon","coordinates":[[[109.7432333,38.2448448],[109.7416868,38.244595],[109.7420301,38.2435217],[109.7423161,38.243582],[109.7443941,38.2440202],[109.7447412,38.2430268],[109.7448669,38.2426671],[109.742477,38.2422042],[109.7427243,38.2414135],[109.7431486,38.2400567],[109.747569,38.2407155],[109.7466545,38.2436031],[109.7454628,38.2433843],[109.7448993,38.2451138],[109.7432333,38.2448448]]]},"properties":{"osm_id":"924052949","code":7202,"fclass":"park","name":""}},
{"type":"Feature","geometry":{"type":"Polygon","coordinates":[[[109.759829,38.2511108],[109.7593726,38.2487091],[109.7619196,38.2497343],[109.7616092,38.2504297],[109.7604042,38.25091],[109.7602062,38.2512385],[109.759829,38.2511108]]]},"properties":{"osm_id":"893669364","code":7202,"fclass":"park","name":""}},
{"type":"Feature","geometry":{"type":"Polygon","coordinates":[[[109.7390907,38.2536031],[109.7386835,38.2532234],[109.7390454,38.2521836],[109.7391527,38.2518894],[109.7391656,38.2518542],[109.7395054,38.2510538],[109.7398063,38.2506477],[109.7399584,38.2504423],[109.7484634,38.2515258],[109.7481552,38.2525991],[109.7480794,38.2531016],[109.7480336,38.2534056],[109.7480278,38.253444],[109.7479287,38.2538442],[109.7473766,38.2544778],[109.7471784,38.2543222],[109.7463383,38.2539566],[109.7449906,38.2537674],[109.7433524,38.2540432],[109.7431421,38.254419],[109.7426583,38.2546052],[109.7426168,38.2547705],[109.7423343,38.2547786],[109.7422257,38.2546708],[109.7418202,38.2546791],[109.7413088,38.2545551],[109.7406677,38.2543313],[109.7402185,38.2542842],[109.7396342,38.2538345],[109.7394134,38.2537918],[109.7390907,38.2536031]]]},"properties":{"osm_id":"10706424","code":7202,"fclass":"park","name":"沙河公园"}},
{"type":"Feature","geometry":{"type":"Polygon","coordinates":[[[109.7466662,38.2563716],[109.7462622,38.256238],[109.7464536,38.2560376],[109.7467442,38.2561044],[109.7478089,38.2562101],[109.7505863,38.2566388],[109.7504374,38.2572622],[109.7466662,38.2563716]]]},"properties":{"osm_id":"776921956","code":7202,"fclass":"park","name":""}},
{"type":"Feature","geometry":{"type":"Polygon","coordinates":[[[109.717036,38.2755511],[109.7145952,38.2748057],[109.7149761,38.274094],[109.7148783,38.2740105],[109.7156424,38.2725364],[109.7159417,38.2720219],[109.7183932,38.2727168],[109.717036,38.2755511]]]},"properties":{"osm_id":"776926773","code":7202,"fclass":"park","name":"火车站广场"}},
{"type":"Feature","geometry":{"type":"Polygon","coordinates":[[[109.7532517,38.2819146],[109.7520765,38.2816114],[109.7529887,38.2798043],[109.7547488,38.2812533],[109.7546576,38.2814302],[109.7541264,38.2818599],[109.7532517,38.2819146]]]},"properties":{"osm_id":"705532943","code":7202,"fclass":"park","name":"凌霄广场"}},
{"type":"Feature","geometry":{"type":"Polygon","coordinates":[[[109.7392923,38.2871755],[109.7391239,38.2871778],[109.7391239,38.2872105],[109.7388888,38.2872165],[109.7388622,38.2871599],[109.7382515,38.2871688],[109.7382477,38.2870587],[109.7388774,38.2870527],[109.7388888,38.2869872],[109.7393104,38.286972],[109.7392923,38.2871755]]]},"properties":{"osm_id":"708293072","code":7202,"fclass":"park","name":"方言广场"}},
{"type":"Feature","geometry":{"type":"Polygon","coordinates":[[[109.7165554,38.2915781],[109.7156203,38.2913143],[109.7157206,38.2911016],[109.7160215,38.2911888],[109.7161461,38.2909441],[109.7167668,38.2911143],[109.7165554,38.2915781]]]},"properties":{"osm_id":"854277184","code":7202,"fclass":"park","name":"潇然园"}},
{"type":"Feature","geometry":{"type":"Polygon","coordinates":[[[109.7173133,38.2917866],[109.7166833,38.2916033],[109.7169192,38.2910551],[109.7170537,38.291094],[109.7170112,38.2911884],[109.7174997,38.2913292],[109.7173133,38.2917866]]]},"properties":{"osm_id":"854277185","code":7202,"fclass":"park","name":""}},
{"type":"Feature","geometry":{"type":"Polygon","coordinates":[[[109.715577,38.2924992],[109.715081,38.2923588],[109.7153303,38.2917845],[109.7163385,38.2920652],[109.7160729,38.2926396],[109.715577,38.2924992]]]},"properties":{"osm_id":"854277183","code":7202,"fclass":"park","name":""}},
{"type":"Feature","geometry":{"type":"Polygon","coordinates":[[[109.7045173,38.2937112],[109.7035436,38.2934017],[109.7045964,38.2913008],[109.7055888,38.2916081],[109.7045173,38.2937112]]]},"properties":{"osm_id":"999612489","code":7202,"fclass":"park","name":""}},
{"type":"Feature","geometry":{"type":"Polygon","coordinates":[[[109.7170198,38.2929149],[109.7161948,38.2926901],[109.7163598,38.2923383],[109.7171848,38.2925655],[109.7170198,38.2929149]]]},"properties":{"osm_id":"854277182","code":7202,"fclass":"park","name":""}},
{"type":"Feature","geometry":{"type":"Polygon","coordinates":[[[109.718341,38.2943235],[109.7160932,38.2936955],[109.716445,38.2929234],[109.7187006,38.2935245],[109.718341,38.2943235]]]},"properties":{"osm_id":"854277180","code":7202,"fclass":"park","name":"沁园"}},
{"type":"Feature","geometry":{"type":"MultiPolygon","coordinates":[[[[109.719966,38.3256691],[109.7188213,38.3252744],[109.7194271,38.3237297],[109.7196593,38.3229724],[109.7200198,38.3225098],[109.7199465,38.3223444],[109.7207701,38.3204023],[109.7219443,38.3177588],[109.7219278,38.3177413],[109.7217656,38.3175686],[109.7223243,38.3164833],[109.7229053,38.3162648],[109.7246627,38.3138234],[109.7265772,38.3142039],[109.7249052,38.3166774],[109.7240374,38.3173683],[109.7230674,38.3179391],[109.7226462,38.3186801],[109.7230036,38.3193309],[109.7226207,38.320162],[109.7219825,38.3210532],[109.7220591,38.3216139],[109.7217528,38.3225151],[109.7214848,38.3233662],[109.7205914,38.3247379],[109.719966,38.3256691]]],[[[109.7267176,38.3137233],[109.7249563,38.3133127],[109.7312101,38.3035683],[109.7323492,38.3039589],[109.7317589,38.3049003],[109.7329586,38.3054111],[109.7320907,38.3058618],[109.7291553,38.3082854],[109.7280832,38.310018],[109.7274067,38.3123213],[109.7267176,38.3137233]]],[[[109.7392923,38.2871755],[109.7392553,38.2875904],[109.7392007,38.2892654],[109.7390735,38.2899507],[109.7386253,38.2908624],[109.7377867,38.2919565],[109.7375629,38.2926118],[109.7374186,38.2930342],[109.7370647,38.2937787],[109.7366259,38.2946675],[109.7359508,38.2967421],[109.7360719,38.2973408],[109.7354117,38.2987277],[109.7339656,38.3011433],[109.7339431,38.3024396],[109.7337536,38.3032475],[109.7338965,38.3038622],[109.7315719,38.303189],[109.7327044,38.3005004],[109.7336421,38.2987696],[109.7343749,38.2976451],[109.7354792,38.2957342],[109.7360879,38.2940231],[109.7367249,38.2931898],[109.7370081,38.2922898],[109.7374894,38.2907564],[109.7375602,38.289512],[109.7375602,38.2882373],[109.7375602,38.287323],[109.7375349,38.2851948],[109.7375319,38.284945],[109.7375668,38.2836314],[109.7376027,38.282278],[109.7376312,38.2817396],[109.7377584,38.2793375],[109.7394723,38.2795623],[109.7394721,38.2818048],[109.7400871,38.2838429],[109.7399955,38.2843421],[109.7393826,38.2861617],[109.7393104,38.286972],[109.7392923,38.2871755]]],[[[109.739533,38.2793652],[109.7378053,38.2791172],[109.7378767,38.2789434],[109.7380103,38.2784786],[109.7383969,38.2779377],[109.7386389,38.2771777],[109.7389918,38.2764943],[109.7390488,38.2763515],[109.7395944,38.274984],[109.7396886,38.2747174],[109.7399827,38.2738288],[109.7400092,38.2737488],[109.7407433,38.2723327],[109.7410545,38.2717333],[109.7412315,38.2713924],[109.7417092,38.2706359],[109.7423527,38.2697183],[109.7439089,38.2679147],[109.7447871,38.2672596],[109.7463493,38.2662794],[109.7470951,38.2658689],[109.7481425,38.2655627],[109.7489796,38.2654647],[109.7497495,38.2654045],[109.7503838,38.265426],[109.7508052,38.2653985],[109.7508317,38.2654579],[109.7507873,38.2657731],[109.7505603,38.2667963],[109.7505343,38.2668875],[109.7501978,38.268067],[109.7501725,38.2681557],[109.7498749,38.2691425],[109.7498483,38.2692306],[109.7486829,38.27373],[109.7486713,38.2737748],[109.74784,38.2736196],[109.7456857,38.2730268],[109.7445927,38.2730379],[109.7435695,38.2732897],[109.7431428,38.2735048],[109.7424858,38.2738482],[109.7420653,38.2742668],[109.7418256,38.2746089],[109.7414885,38.2744463],[109.7412418,38.2741283],[109.7412462,38.274013],[109.7409956,38.2739262],[109.7407311,38.2742401],[109.7407102,38.2742721],[109.7406739,38.2743278],[109.7405464,38.2742812],[109.7403717,38.2745562],[109.7402745,38.2757902],[109.7397043,38.2767227],[109.739663,38.276967],[109.7397022,38.277081],[109.7397039,38.2770859],[109.7397546,38.2772334],[109.7396674,38.2774524],[109.7396973,38.2775177],[109.739449,38.2776539],[109.7394412,38.2776581],[109.7393868,38.277688],[109.7392061,38.2781511],[109.7395677,38.27853],[109.7399275,38.2786309],[109.7396876,38.2793151],[109.739533,38.2793652]]]]},"properties":{"osm_id":"11370112","code":7202,"fclass":"park","name":"榆溪河生态长廊"}},
{"type":"Feature","geometry":{"type":"MultiPolygon","coordinates":[[[[109.6863097,38.3042556],[109.6859845,38.3035282],[109.6860821,38.3031134],[109.6862935,38.3029922],[109.6883668,38.3025392],[109.6887571,38.3028901],[109.6887002,38.3029731],[109.6893182,38.3032091],[109.6894483,38.30319],[109.6895133,38.303458],[109.6894645,38.3035282],[109.6883343,38.3038089],[109.6863097,38.3042556]]],[[[109.6863178,38.3027816],[109.6863097,38.3026668],[109.6863585,38.3024881],[109.6866187,38.3020159],[109.6867163,38.3017862],[109.6867081,38.3014034],[109.6865618,38.3010397],[109.6865211,38.30081],[109.6866024,38.3007079],[109.6871716,38.3005739],[109.6875781,38.3013268],[109.688253,38.3024435],[109.6865049,38.3028199],[109.6863178,38.3027816]]],[[[109.686635,38.3048426],[109.6863097,38.3046831],[109.6892709,38.3040136],[109.6903345,38.3038025],[109.6904142,38.3038491],[109.6900953,38.3043078],[109.6898629,38.304951],[109.6897003,38.3057039],[109.6896922,38.3062527],[109.6896027,38.3063867],[109.6892612,38.3063611],[109.6884807,38.3063037],[109.6883099,38.3061187],[109.6878139,38.306393],[109.6874399,38.3061123],[109.6871065,38.3057997],[109.6868545,38.3054232],[109.6868382,38.3052828],[109.6868382,38.3048681],[109.686635,38.3048426]]]]},"properties":{"osm_id":"10813238","code":7202,"fclass":"park","name":""}},
{"type":"Feature","geometry":{"type":"Polygon","coordinates":[[[109.7753025,38.3212645],[109.7662414,38.3182875],[109.7671066,38.312762],[109.7673874,38.3104099],[109.7673874,38.3076409],[109.7678427,38.3056877],[109.7690797,38.3029424],[109.7732611,38.3048897],[109.7758565,38.3021384],[109.7778447,38.3031329],[109.7830355,38.3050982],[109.7873915,38.3077243],[109.7817909,38.312756],[109.7791045,38.3156439],[109.7758185,38.321062],[109.7753025,38.3212645]]]},"properties":{"osm_id":"705532937","code":7202,"fclass":"park","name":"季鸾公园"}},
{"type":"Feature","geometry":{"type":"Polygon","coordinates":[[[109.6381598,38.3886789],[109.6380916,38.3885243],[109.6398915,38.3823772],[109.6481982,38.384695],[109.6501408,38.3822386],[109.6509774,38.3814494],[109.6518707,38.3809159],[109.6531043,38.3805936],[109.6547066,38.3803935],[109.656773,38.380446],[109.6585275,38.3807527],[109.6600567,38.3807527],[109.6611948,38.3803345],[109.665707,38.3766322],[109.6686277,38.3752046],[109.6696591,38.3743403],[109.6700384,38.373792],[109.6711646,38.3710409],[109.6715516,38.3704294],[109.6719707,38.3699256],[109.6724618,38.3693554],[109.6742095,38.3685602],[109.6743772,38.3684997],[109.6746499,38.3684014],[109.6753256,38.3682619],[109.6760369,38.3681132],[109.6769023,38.3680389],[109.6776965,38.3680946],[109.6783486,38.3681876],[109.6790124,38.3683642],[109.6797704,38.3685795],[109.6804913,38.3688621],[109.6810697,38.369171],[109.6818775,38.3697397],[109.6819344,38.3697899],[109.6825366,38.3703211],[109.6830396,38.3708995],[109.6834587,38.3715764],[109.6836431,38.3721153],[109.6837605,38.3727199],[109.6837856,38.3733442],[109.6836599,38.3741985],[109.6833833,38.3747374],[109.6829977,38.3752303],[109.6791279,38.3787062],[109.679083,38.378746],[109.6780771,38.3797317],[109.6775826,38.3803888],[109.6772758,38.3810944],[109.6769287,38.3819133],[109.6768449,38.3826098],[109.6767359,38.3836151],[109.6768281,38.3842853],[109.6769706,38.3848701],[109.6772556,38.3854287],[109.6775239,38.3858952],[109.6779598,38.3866311],[109.6781945,38.3872618],[109.6782532,38.3878138],[109.6782029,38.388392],[109.6779933,38.3895681],[109.6777921,38.3901397],[109.6774233,38.3907573],[109.6766795,38.3915293],[109.6757792,38.3921127],[109.6742493,38.3931119],[109.6722967,38.3933053],[109.670741,38.3931791],[109.6690566,38.3941798],[109.6674472,38.3934062],[109.6669537,38.3927587],[109.6646256,38.3898575],[109.6626823,38.3890969],[109.6620171,38.3899883],[109.6615185,38.3897076],[109.6597736,38.389559],[109.658757,38.3896363],[109.6577177,38.3896957],[109.6563445,38.3893449],[109.6552521,38.3891724],[109.6545086,38.3893211],[109.6533099,38.3894281],[109.6525285,38.389773],[109.6513071,38.3900049],[109.6479539,38.3893806],[109.6469677,38.3885243],[109.646118,38.3894995],[109.64454,38.3901595],[109.6429621,38.3897671],[109.6397833,38.38878],[109.6392371,38.3888395],[109.6381598,38.3886789]]]},"properties":{"osm_id":"708892939","code":7202,"fclass":"park","name":"榆林沙地森林公园"}},
{"type":"Feature","geometry":{"type":"Polygon","coordinates":[[[111.0526264,39.0249125],[111.0523733,39.0248812],[111.0525593,39.0242443],[111.0530496,39.024172],[111.0601877,39.0241231],[111.0634214,39.0241063],[111.0682903,39.024126],[111.0700739,39.0243099],[111.0739622,39.025098],[111.0785437,39.0264835],[111.0802005,39.0268775],[111.080564,39.0269892],[111.0808007,39.027173],[111.0808345,39.0272912],[111.0807838,39.0274817],[111.0799807,39.0272453],[111.0790753,39.0270413],[111.0771828,39.0266149],[111.0757458,39.0262537],[111.0738354,39.025886],[111.0737167,39.0258661],[111.0728971,39.0257284],[111.0716546,39.0255839],[111.0691187,39.0253344],[111.0686284,39.0253147],[111.0681804,39.0253541],[111.0659411,39.0257264],[111.0657713,39.0257546],[111.0653317,39.0258006],[111.0636665,39.0258334],[111.0631166,39.0258205],[111.0617477,39.0256102],[111.0617066,39.0256062],[111.0610799,39.0255445],[111.0595968,39.0254536],[111.0584003,39.0253803],[111.0571621,39.0252814],[111.0571076,39.0252771],[111.0556869,39.0251636],[111.0534638,39.0249469],[111.0528649,39.0249305],[111.0527453,39.0249272],[111.0526264,39.0249125]]]},"properties":{"osm_id":"578413477","code":7202,"fclass":"park","name":"滨河公园"}},
{"type":"Feature","geometry":{"type":"Polygon","coordinates":[[[110.1626266,38.7387313],[110.1612804,38.7377751],[110.1619801,38.7371701],[110.1640915,38.7387595],[110.1634312,38.739312],[110.1626266,38.7387313]]]},"properties":{"osm_id":"1290189775","code":7202,"fclass":"park","name":""}},
{"type":"Feature","geometry":{"type":"Polygon","coordinates":[[[110.1866011,38.7522098],[110.1858492,38.7516598],[110.1877546,38.7498935],[110.1882636,38.7496458],[110.1902997,38.7494054],[110.1912384,38.7491942],[110.1919716,38.7489465],[110.1935127,38.7482727],[110.1943813,38.7478612],[110.1953527,38.7474496],[110.1968331,38.7470599],[110.1979445,38.7469506],[110.198673,38.7469142],[110.1995884,38.7470635],[110.200896,38.7473513],[110.2005831,38.7482072],[110.1996729,38.7494159],[110.1984956,38.7505381],[110.1990653,38.7510261],[110.1991494,38.7515214],[110.1995603,38.7517873],[110.1999386,38.7522462],[110.1969451,38.7549084],[110.1966789,38.7546753],[110.1949931,38.7562122],[110.1931344,38.754974],[110.1917988,38.7552689],[110.1907761,38.7552507],[110.1866011,38.7522098]]]},"properties":{"osm_id":"1005107395","code":7202,"fclass":"park","name":""}},
{"type":"Feature","geometry":{"type":"Polygon","coordinates":[[[110.1866945,38.7566219],[110.1833041,38.754109],[110.1833928,38.7539524],[110.1833788,38.7538505],[110.1856484,38.7518547],[110.1903091,38.7552161],[110.1914112,38.7560355],[110.1915072,38.7561756],[110.1890809,38.7583043],[110.1890248,38.7583589],[110.1866945,38.7566219]]]},"properties":{"osm_id":"1005107396","code":7202,"fclass":"park","name":""}},
{"type":"Feature","geometry":{"type":"MultiPolygon","coordinates":[[[[110.5194478,38.7867951],[110.5189947,38.7861083],[110.5234301,38.784168],[110.524027,38.784731],[110.5240748,38.7849218],[110.5239733,38.7852103],[110.5221289,38.7889371],[110.5212574,38.7888534],[110.5204738,38.7882876],[110.5205008,38.7880948],[110.5200436,38.7875306],[110.5194478,38.7867951]]],[[[110.5227848,38.7890507],[110.5226773,38.788967],[110.523907,38.7860683],[110.52448,38.786073],[110.5245397,38.78618],[110.5248023,38.7864778],[110.524868,38.7871478],[110.5248501,38.7877108],[110.5247187,38.7878969],[110.5227848,38.7890507]]]]},"properties":{"osm_id":"14167902","code":7202,"fclass":"park","name":"神木广场公园"}},
{"type":"Feature","geometry":{"type":"Polygon","coordinates":[[[110.5107107,38.7989782],[110.5104859,38.7987889],[110.5108366,38.7986277],[110.5110344,38.7987784],[110.5111649,38.7988345],[110.513674,38.7998753],[110.5137009,38.7999103],[110.513575,38.8001416],[110.5135031,38.8001346],[110.5107107,38.7989782]]]},"properties":{"osm_id":"1290187518","code":7202,"fclass":"park","name":""}},
{"type":"Feature","geometry":{"type":"Polygon","coordinates":[[[110.5149285,38.8011754],[110.5137864,38.8002888],[110.5139258,38.800012],[110.5161741,38.8017501],[110.5159493,38.8019744],[110.5149285,38.8011754]]]},"properties":{"osm_id":"1290187519","code":7202,"fclass":"park","name":""}},
{"type":"Feature","geometry":{"type":"Polygon","coordinates":[[[110.5293924,38.8565518],[110.5290818,38.8563121],[110.5290995,38.8562652],[110.5291207,38.8561495],[110.5291384,38.856064],[110.529234,38.855951],[110.5293685,38.855918],[110.5294923,38.8559207],[110.5296304,38.8559703],[110.5297613,38.8560861],[110.5299206,38.8562046],[110.5299701,38.8562266],[110.5300763,38.8561743],[110.5302108,38.8561109],[110.5303134,38.8561164],[110.5303382,38.8561798],[110.5303382,38.8562404],[110.5302887,38.8563507],[110.5302108,38.856414],[110.5300374,38.8564526],[110.5299312,38.8565381],[110.5297896,38.8566428],[110.5295631,38.8567337],[110.5294569,38.8567475],[110.5293118,38.8567448],[110.5292428,38.8566731],[110.5293924,38.8565518]]]},"properties":{"osm_id":"686019493","code":7202,"fclass":"park","name":""}},
{"type":"Feature","geometry":{"type":"Polygon","coordinates":[[[110.4932953,38.8650454],[110.4932039,38.8636698],[110.4950962,38.863569],[110.4950467,38.8637824],[110.4948716,38.8645117],[110.4947954,38.8650246],[110.4932953,38.8650454]]]},"properties":{"osm_id":"1290187523","code":7202,"fclass":"park","name":""}},
{"type":"Feature","geometry":{"type":"Polygon","coordinates":[[[111.0526264,39.0249125],[111.0523733,39.0248812],[111.0525593,39.0242443],[111.0530496,39.024172],[111.0601877,39.0241231],[111.0634214,39.0241063],[111.0682903,39.024126],[111.0700739,39.0243099],[111.0739622,39.025098],[111.0785437,39.0264835],[111.0802005,39.0268775],[111.080564,39.0269892],[111.0808007,39.027173],[111.0808345,39.0272912],[111.0807838,39.0274817],[111.0799807,39.0272453],[111.0790753,39.0270413],[111.0771828,39.0266149],[111.0757458,39.0262537],[111.0738354,39.025886],[111.0737167,39.0258661],[111.0728971,39.0257284],[111.0716546,39.0255839],[111.0691187,39.0253344],[111.0686284,39.0253147],[111.0681804,39.0253541],[111.0659411,39.0257264],[111.0657713,39.0257546],[111.0653317,39.0258006],[111.0636665,39.0258334],[111.0631166,39.0258205],[111.0617477,39.0256102],[111.0617066,39.0256062],[111.0610799,39.0255445],[111.0595968,39.0254536],[111.0584003,39.0253803],[111.0571621,39.0252814],[111.0571076,39.0252771],[111.0556869,39.0251636],[111.0534638,39.0249469],[111.0528649,39.0249305],[111.0527453,39.0249272],[111.0526264,39.0249125]]]},"properties":{"osm_id":"578413477","code":7202,"fclass":"park","name":"滨河公园"}},
{"type":"Feature","geometry":{"type":"Polygon","coordinates":[[[111.0415706,39.0378432],[111.03881,39.035523],[111.0399851,39.0350612],[111.0408769,39.0350172],[111.0411742,39.0350612],[111.042689,39.0332687],[111.0423669,39.0323423],[111.041163,39.0309823],[111.0414484,39.0301282],[111.0425998,39.0302598],[111.0430074,39.0310802],[111.0426678,39.0319876],[111.0431845,39.0328399],[111.0437366,39.0339505],[111.0422077,39.035512],[111.0419953,39.0357979],[111.0427315,39.0369965],[111.0415706,39.0378432]]]},"properties":{"osm_id":"993656222","code":7202,"fclass":"park","name":""}},
{"type":"Feature","geometry":{"type":"Polygon","coordinates":[[[111.0415706,39.0378432],[111.03881,39.035523],[111.0399851,39.0350612],[111.0408769,39.0350172],[111.0411742,39.0350612],[111.042689,39.0332687],[111.0423669,39.0323423],[111.041163,39.0309823],[111.0414484,39.0301282],[111.0425998,39.0302598],[111.0430074,39.0310802],[111.0426678,39.0319876],[111.0431845,39.0328399],[111.0437366,39.0339505],[111.0422077,39.035512],[111.0419953,39.0357979],[111.0427315,39.0369965],[111.0415706,39.0378432]]]},"properties":{"osm_id":"993656222","code":7202,"fclass":"park","name":""}}
]}